Situation,emotion,empathetic_dialogues,baseline_prediction,baseline_raw_output,theory_prediction,theory_raw_output,theory_estimated_vec,theory_true_vad_error,baseline_correct,theory_correct,true_macro_3d,baseline_macro_3d,theory_macro_3d,baseline_vad_error,theory_vad_error
I overdrafted my bank account.,afraid,"Customer :I have been there, my friend. But, the good news is, if you aren't typically late for your bills, the utilities companies will often cut you a break.
Agent :",sad,sad,afraid,"REASONING: Overdrafting is a negative financial event that likely triggers immediate stress and anxiety, with a sense of losing control over one’s finances. This maps to high displeasure, high arousal, and low dominance rather than anger or calm sadness.
VAD_Estimate: [V: -0.65, A: +0.55, D: -0.45]
EMOTION: afraid",[-0.65  0.55 -0.45],0.05477225575051656,False,True,Negative_High_Submissive,Negative_Moderate_Submissive,Negative_High_Submissive,0.8757853618324527,0.0
When I lost my job.,afraid,"Customer :I recently lost my job, and am having trouble finding another one. 
Agent :",sad,sad,sad,"REASONING: Losing a job is a significant loss causing unpleasant feelings, low energy and dejection, and a reduced sense of control over one’s circumstances. This aligns with sadness rather than anger or fear.
VAD_Estimate: [V: -0.65, A: -0.25, D: -0.35]
EMOTION: sad",[-0.65 -0.25 -0.35],0.8538149682454623,False,False,Negative_High_Submissive,Negative_Moderate_Submissive,Negative_Moderate_Submissive,0.8757853618324527,0.8757853618324527
Roller coaster riding next week,afraid,"Customer :oh why is that?
Agent :",joyful,joyful,afraid,"REASONING: The situation mentions an upcoming roller coaster ride without any positive excitement words; the focus is on anticipation of an intimidating event, which evokes anxiety and a sense of vulnerability. High unpleasantness, high arousal, and low perceived control align with fear.
VAD_Estimate: [V: -0.64, A: +0.60, D: -0.43]
EMOTION: afraid",[-0.64  0.6  -0.43],0.0,False,True,Negative_High_Submissive,Positive_High_Dominant,Negative_High_Submissive,1.607109205996904,0.0
my friend was speeding down the road because he wanted to show off the new car he had just bought,afraid,"Customer :Sounds like it was worth the ticket, what kind of caR? 
Agent :",joyful,joyful,afraid,"REASONING: The situation involves reckless speeding, which is an inherently risky activity; the speaker is likely experiencing anxiety or dread due to lack of control over the dangerous situation, rather than anger or joy. This maps to high negative valence, high arousal, and low dominance.
VAD_Estimate: [V: -0.65, A: +0.60, D: -0.45]
EMOTION: afraid",[-0.65  0.6  -0.45],0.022360679774997918,False,True,Negative_High_Submissive,Positive_High_Dominant,Negative_High_Submissive,1.607109205996904,0.0
I hate hate hate riding on trains!,afraid,"Customer :Why is that? Do you not like the train?
Agent :",angry,angry,angry,"REASONING: The speaker expresses strong, repeated aversion toward trains, which signals active irritation and frustration rather than sadness or fear. This is high negative valence, high arousal, and a somewhat assertive outward-directed complaint, consistent with anger.
VAD_Estimate: [V: -0.65, A: +0.65, D: +0.25]
EMOTION: angry",[-0.65  0.65  0.25],0.6819090848492927,False,False,Negative_High_Submissive,Negative_High_Moderate,Negative_High_Moderate,0.6923871749245504,0.6923871749245504
I think my boyfriend is cheating on me,afraid,"Customer :ormation
Agent :",sad,sad,afraid,"REASONING: The situation is distressing and marked by uncertainty, with high arousal from anxious suspicion and low dominance due to vulnerability and lack of control over the outcome.
VAD_Estimate: [V: -0.60, A: +0.60, D: -0.35]
EMOTION: afraid",[-0.6   0.6  -0.35],0.08944271909999162,False,True,Negative_High_Submissive,Negative_Moderate_Submissive,Negative_High_Submissive,0.8757853618324527,0.0
Once I studied really hard for a physics quiz and then I tried to set an alarm to wake up for it. Instead I slept through it and thought I was gonna get a zero on the quiz.,afraid,"Customer :Yeah I lied to the professor and he let me do it later that day.
Agent :",sad,sad,afraid,"REASONING: The situation is negative because oversleeping after studying hard likely leads to failing the quiz, creating immediate worry and helplessness. Arousal is high from panic/self-blame, while dominance is low because the outcome feels out of control.

VAD_Estimate: [V: -0.65, A: +0.55, D: -0.40]

EMOTION: afraid",[-0.65  0.55 -0.4 ],0.05916079783099609,False,True,Negative_High_Submissive,Negative_Moderate_Submissive,Negative_High_Submissive,0.8757853618324527,0.0
My crush keeps hanging out with a new guy classmate a lot lately.,afraid,"Customer :My crush keeps hanging out with a new guy classmate a lot lately
Agent :",sad,sad,sad,"REASONING: The situation involves ongoing romantic jealousy and insecurity, with the speaker feeling left out and powerless over their crush’s attention. This creates a negative, low-energy, vulnerable emotional state rather than an active or assertive response.  
VAD_Estimate: [V: -0.60, A: -0.30, D: -0.40]  
EMOTION: sad",[-0.6 -0.3 -0.4],0.9013878188659973,False,False,Negative_High_Submissive,Negative_Moderate_Submissive,Negative_Moderate_Submissive,0.8757853618324527,0.8757853618324527
"I finally got over my fear of heights! But before that, I had never been so scared in my life. I went sky-diving.",afraid,"Customer :I finally got over my fear of heights! But before that, I had never been so scared in my life. I went sky-diving so I had to jump off a plane!
Agent :",joyful,joyful,afraid,"REASONING: The speaker explicitly says they had “never been so scared,” and this refers to the sky-diving experience itself, not a joyful reflection. That fear involves high arousal and a sense of vulnerability/lack of control.
VAD_Estimate: [V: -0.64, A: +0.60, D: -0.43]
EMOTION: afraid",[-0.64  0.6  -0.43],0.0,False,True,Negative_High_Submissive,Positive_High_Dominant,Negative_High_Submissive,1.607109205996904,0.0
Just watched season 2 of Luther last night on Netflix.  Keeps you on the edge of your seat.,afraid,"Customer :Loved it.  Each episode gives me nightmares.  Great show!
Agent :",joyful,joyful,joyful,"REASONING: The person is describing a thrilling, engaging viewing experience; ""keeps you on the edge of your seat"" signals high arousal and excitement, with an overall positive/entertaining tone rather than fear or sadness.
VAD_Estimate: [V: +0.65, A: +0.60, D: +0.25]
EMOTION: joyful",[0.65 0.6  0.25],1.4582523787054147,False,False,Negative_High_Submissive,Positive_High_Dominant,Positive_High_Dominant,1.607109205996904,1.607109205996904
I was so scared but I went skydiving! It was a great experience and I'm so glad I was able to overcome my fears.,afraid,"Customer :Oh wow! Are you afraid of heights at all?
Agent :",joyful,joyful,afraid,"REASONING: The speaker explicitly says ""I was so scared"" during the skydive, which anchors the in-the-moment emotion to fear; later feelings of gladness are retrospective after overcoming the fear, not the emotion felt during the event. Fear is characterized by high displeasure, high arousal, and low control/vulnerability.
VAD_Estimate: [V: -0.64, A: +0.60, D: -0.43]
EMOTION: afraid",[-0.64  0.6  -0.43],0.0,False,True,Negative_High_Submissive,Positive_High_Dominant,Negative_High_Submissive,1.607109205996904,0.0
I'm going to be across the ocean from my girlfriend for school.,afraid,"Customer :Nice! Is she happy about it?
Agent :",sad,sad,sad,"REASONING: The situation involves prolonged separation from a loved one, which evokes sadness, longing, and low energy rather than anger or fear. It is a passive, unchangeable circumstance leading to low pleasure, low-to-moderate arousal, and reduced control.
VAD_Estimate: [V: -0.60, A: -0.20, D: -0.35]
EMOTION: sad",[-0.6  -0.2  -0.35],0.8049844718999244,False,False,Negative_High_Submissive,Negative_Moderate_Submissive,Negative_Moderate_Submissive,0.8757853618324527,0.8757853618324527
"My house burned down and I had to rescue my family, It was a chilly night.",afraid,"Customer :What a scary night that was.
Agent :",sad,sad,afraid,"REASONING: The situation describes an immediate life-threatening emergency—the house is burning and the speaker must rescue their family—triggering high arousal, strongly negative valence, and a sense of vulnerability and helplessness despite the urgent action. This matches fear rather than anger, sadness, or joy.
VAD_Estimate: [V: -0.70, A: +0.70, D: -0.40]
EMOTION: afraid",[-0.7  0.7 -0.4],0.12041594578792289,False,True,Negative_High_Submissive,Negative_Moderate_Submissive,Negative_High_Submissive,0.8757853618324527,0.0
When my house burned down in middle school. It was in the middle of the night.,afraid,"Customer :It was so terrifying to see my house burn.
Agent :",sad,sad,afraid,"REASONING: The situation describes a sudden, life-threatening house fire at night, an uncontrollable environmental danger. The emotional response would be intense panic and helplessness rather than blame or grief, fitting fear.

VAD_Estimate: [V: -0.70, A: +0.65, D: -0.45]
EMOTION: afraid",[-0.7   0.65 -0.45],0.08062257748298549,False,True,Negative_High_Submissive,Negative_Moderate_Submissive,Negative_High_Submissive,0.8757853618324527,0.0
Amusement park this weekend,afraid,"Customer :Why weird
Agent :",joyful,joyful,joyful,"REASONING: The phrase anticipates an enjoyable leisure outing, implying positive excitement and eager anticipation rather than fear or sadness. VAD is high in pleasure, moderately high in arousal, and somewhat empowered/positive.
VAD_Estimate: [V: +0.70, A: +0.50, D: +0.30]
EMOTION: joyful",[0.7 0.5 0.3],1.529215485142627,False,False,Negative_High_Submissive,Positive_High_Dominant,Positive_High_Dominant,1.607109205996904,1.607109205996904
I was at a scary maze and one of the people there actually scared me! It was super funny afterwords,afraid,"Customer :I do not like scary! I try to stay away from scary movies, too!
Agent :",joyful,joyful,afraid,"REASONING: The explicit emotion word “scared” anchors the feeling during the event to fear, even though the speaker later found it funny. During the scare, valence was negative, arousal was high, and dominance was low due to feeling startled and vulnerable.
VAD_Estimate: [V: -0.65, A: +0.60, D: -0.45]
EMOTION: afraid",[-0.65  0.6  -0.45],0.022360679774997918,False,True,Negative_High_Submissive,Positive_High_Dominant,Negative_High_Submissive,1.607109205996904,0.0
I am really not liking Mondays.,afraid,"Customer :I am really not liking Mondays.
Agent :",sad,sad,angry,"REASONING: The speaker expresses irritation and displeasure about Mondays, which is a complaint rather than passive sadness or fear. This indicates negative valence with moderate arousal and a mildly assertive tone.

VAD_Estimate: [V: -0.50, A: +0.55, D: +0.20]
EMOTION: angry",[-0.5   0.55  0.2 ],0.6473020933072904,False,False,Negative_High_Submissive,Negative_Moderate_Submissive,Negative_High_Moderate,0.8757853618324527,0.6923871749245504
"When I was younger, I went on a trip to my cousins ski home in New York. I am from Florida and didn't know any better and stuck my tongue to a frozen pole when one of my cousins dared me to. I dont recommend it.",afraid,"Customer :Haha well fortunately my cousin was like ""Oh [BLEEP] I didnt think you were actually going to do it. [BLEEP]"" He was like, dont move not even a millicentimeter, Ill be right back!! And came back with a warm sponge and warm water! 
Agent :",sad,sad,afraid,"REASONING: During the event, the speaker was physically stuck to a frozen pole, causing sudden pain and helplessness rather than anger or sadness. This is an immediate, uncomfortable threat with low control, fitting high-arousal distress and vulnerability.
VAD_Estimate: [V: -0.70, A: +0.65, D: -0.50]
EMOTION: afraid",[-0.7   0.65 -0.5 ],0.10488088481701516,False,True,Negative_High_Submissive,Negative_Moderate_Submissive,Negative_High_Submissive,0.8757853618324527,0.0
i hate when my friend speeds down the interstate for no reason whatsoever,afraid,"Customer :i keep warning him but he does not listen
Agent :",angry,angry,angry,"REASONING: The explicit word “hate” signals strong displeasure and irritation directed at the friend’s reckless behavior, with active frustration rather than fear or sadness. This matches high negative valence, elevated arousal, and assertive frustration/anger.
VAD_Estimate: [V: -0.60, A: +0.60, D: +0.30]
EMOTION: angry",[-0.6  0.6  0.3],0.7310950690573695,False,False,Negative_High_Submissive,Negative_High_Moderate,Negative_High_Moderate,0.6923871749245504,0.6923871749245504
birth of my first child,afraid,"Customer :i was a nervous wreck when my son was born!
Agent :",joyful,joyful,joyful,"REASONING: The birth of a first child is a profoundly positive, life-changing event, producing intense happiness, excitement, and a strong sense of empowerment and connection.
VAD_Estimate: [V: +0.85, A: +0.70, D: +0.45]
EMOTION: joyful",[0.85 0.7  0.45],1.7333493589002766,False,False,Negative_High_Submissive,Positive_High_Dominant,Positive_High_Dominant,1.607109205996904,1.607109205996904
"I used to be afraid of the dark but now I am not so much, I had a nightlight for a long time",afraid,"Customer :I suppose so, it is the fact that we do not know what is in it
Agent :",joyful,joyful,afraid,"REASONING: The speaker explicitly describes a past state of being afraid of the dark, and temporal anchoring requires judging the emotion felt during that past experience rather than the current relief. That experience involved high displeasure, high arousal, and low control/vulnerability.

VAD_Estimate: [V: -0.64, A: +0.60, D: -0.43]
EMOTION: afraid",[-0.64  0.6  -0.43],0.0,False,True,Negative_High_Submissive,Positive_High_Dominant,Negative_High_Submissive,1.607109205996904,0.0
The other day I found an iguana in my backyard. I hate iguanas!,afraid,"Customer :Oh no! I think they're cute but I'd probably be freaked out if I saw one in my yard, too. What did you do?
Agent :",angry,angry,angry,"REASONING: The explicit word “hate” signals active irritation and dislike rather than fear or sadness. This creates negative valence, moderately high arousal, and assertive control toward the iguana.
VAD_Estimate: [V: -0.65, A: +0.55, D: +0.30]
EMOTION: angry",[-0.65  0.55  0.3 ],0.7317786550590281,False,False,Negative_High_Submissive,Negative_High_Moderate,Negative_High_Moderate,0.6923871749245504,0.6923871749245504
Riding coasters this weekend,afraid,"Customer :Why? What happened?
Agent :",joyful,joyful,afraid,"REASONING: The situation mentions an inherently intimidating activity—roller coasters—without any positive words like “excited” or “love,” so the dominant feeling is anxiety/dread rather than thrill. This points to high displeasure, high arousal, and low control, consistent with fear.
VAD_Estimate: [V: -0.64, A: +0.60, D: -0.43]
EMOTION: afraid",[-0.64  0.6  -0.43],0.0,False,True,Negative_High_Submissive,Positive_High_Dominant,Negative_High_Submissive,1.607109205996904,0.0
I was so scared but I went skydiving! It was a great experience and I'm so glad I was able to overcome my fears.,afraid,"Customer :I'm deathly afraid of heights! I'm so glad I was able to overcome my fear because it was a great experience!
Agent :",joyful,joyful,afraid,"REASONING: The speaker explicitly states they were scared during the skydiving event, so that is the emotion experienced at the time, even though they later felt proud/positive about overcoming it. During the event, this was high displeasure, high arousal, and low control/vulnerability, matching fear.
VAD_Estimate: [V: -0.65, A: +0.60, D: -0.45]
EMOTION: afraid",[-0.65  0.6  -0.45],0.022360679774997918,False,True,Negative_High_Submissive,Positive_High_Dominant,Negative_High_Submissive,1.607109205996904,0.0
I don't think I' going to like this semester. I didnt get any of the classes I want,afraid,"Customer :Oh dang! Did you file for classes late?
Agent :",sad,sad,sad,"REASONING: Not getting desired classes is a disappointing, uncontrollable outcome that triggers resignation and low-energy displeasure rather than active frustration or fear.
VAD_Estimate: [V: -0.55, A: -0.25, D: -0.35]
EMOTION: sad",[-0.55 -0.25 -0.35],0.85848704125339,False,False,Negative_High_Submissive,Negative_Moderate_Submissive,Negative_Moderate_Submissive,0.8757853618324527,0.8757853618324527
"When I was younger I was scared of almost any new experience...but since I've been mugged, kicked out of the house, lived homeless, been beaten up, won some street fights and become fully self-employed there's really nothing that scares me anymore",afraid,"Customer :As a sheltered teenager I used to be scared of almost any new experience...but since I've been mugged, kicked out of the house, lived homeless, been beaten up, won some street fights, sparred state champions in the ring and become fully self-employed there's really nothing that scares me anymore
Agent :",joyful,joyful,afraid,"REASONING: The speaker explicitly describes their past self as “scared,” which anchors the emotion to fear despite later reflecting on becoming fearless. During that described younger period, the experience was unpleasant, activating, and marked by vulnerability/helplessness.

VAD_Estimate: [V: -0.64, A: +0.60, D: -0.45]
EMOTION: afraid",[-0.64  0.6  -0.45],0.020000000000000018,False,True,Negative_High_Submissive,Positive_High_Dominant,Negative_High_Submissive,1.607109205996904,0.0
Roller coasters next weekend,afraid,"Customer :Remember safety is the first priority of amusement parks, everything will be just fine!
Agent :",joyful,joyful,afraid,"REASONING: The statement about roller coasters next weekend lacks positive words like ""excited"" or ""love,"" and focuses on an inherently intimidating upcoming event, suggesting anxiety/dread rather than joy. This points to negative valence, high arousal, and low control.
VAD_Estimate: [V: -0.60, A: +0.60, D: -0.40]
EMOTION: afraid",[-0.6  0.6 -0.4],0.05000000000000002,False,True,Negative_High_Submissive,Positive_High_Dominant,Negative_High_Submissive,1.607109205996904,0.0
i cant wait for monday!,afraid,"Customer :i cant wait for monday!
Agent :",joyful,joyful,joyful,"REASONING: The speaker expresses eager anticipation and excitement about Monday, indicating positive feelings and heightened arousal.
VAD_Estimate: [V: +0.70, A: +0.55, D: +0.30]
EMOTION: joyful",[0.7  0.55 0.3 ],1.5267612779999364,False,False,Negative_High_Submissive,Positive_High_Dominant,Positive_High_Dominant,1.607109205996904,1.607109205996904
I invested in cryptocurrency last year but the market is looking pretty bad.,afraid,"Customer :Oh that's awful! I invested 6,000 in January and I'm down to $150 now. I sold off a lot to pay bills but if I wait for it to go back up I can maybe recover 1,500. 
Agent :",sad,sad,sad,"REASONING: The situation involves a disappointing financial outcome with no clear target for blame, leading to resignation and concern rather than active anger or panic. This is mildly negative in mood with low energy and a sense of diminished control, fitting dejection/disappointment.
VAD_Estimate: [V: -0.55, A: -0.25, D: -0.35]
EMOTION: sad",[-0.55 -0.25 -0.35],0.85848704125339,False,False,Negative_High_Submissive,Negative_Moderate_Submissive,Negative_Moderate_Submissive,0.8757853618324527,0.8757853618324527
I'm going to be across the ocean from my girlfriend for school.,afraid,"Customer :No. We're both kind of sad actually.
Agent :",sad,sad,sad,"REASONING: Being separated from a loved one by a great distance suggests sadness, longing, and a sense of helplessness about the situation, with low energy and low control.
VAD_Estimate: [V: -0.60, A: -0.30, D: -0.35]
EMOTION: sad",[-0.6  -0.3  -0.35],0.9044335243676009,False,False,Negative_High_Submissive,Negative_Moderate_Submissive,Negative_Moderate_Submissive,0.8757853618324527,0.8757853618324527
"I finally got over my fear of heights! But before that, I had never been so scared in my life. I went sky-diving.",afraid,"Customer :I was so scared! I almost fainted twice, and I was so pale and rigid! Looking back it was kind of funny. But I am glad I overcame the fear.
Agent :",joyful,joyful,afraid,"REASONING: The speaker explicitly says they were “scared” during the sky-diving event, and the temporal focus is on the past fear experienced at that moment, not the later relief of overcoming it. This matches high displeasure, high arousal, and low control/vulnerability.
VAD_Estimate: [V: -0.64, A: +0.60, D: -0.43]
EMOTION: afraid",[-0.64  0.6  -0.43],0.0,False,True,Negative_High_Submissive,Positive_High_Dominant,Negative_High_Submissive,1.607109205996904,0.0
I lost the money pouch for the deposit at my job the other day.,afraid,"Customer :Oh no! That is one of my biggest fears!  What did you do?
Agent :",sad,sad,afraid,"REASONING: Losing an important money pouch at work is a negative, high-stakes event that triggers worry and anxiety about consequences; the speaker feels vulnerable and out of control, not energized toward confrontation.  
VAD_Estimate: [V: -0.55, A: +0.55, D: -0.35]  
EMOTION: afraid",[-0.55  0.55 -0.35],0.13038404810405294,False,True,Negative_High_Submissive,Negative_Moderate_Submissive,Negative_High_Submissive,0.8757853618324527,0.0
when my hit her head,afraid,"Customer :Oh no! Is he/she okay? 
Agent :",sad,sad,afraid,"REASONING: The situation describes someone hitting her head, a sudden and potentially harmful event. The speaker likely feels alarmed and helpless, with negative valence, high arousal, and low control → fear.
VAD_Estimate: [V: -0.65, A: +0.60, D: -0.45]
EMOTION: afraid",[-0.65  0.6  -0.45],0.022360679774997918,False,True,Negative_High_Submissive,Negative_Moderate_Submissive,Negative_High_Submissive,0.8757853618324527,0.0
When my house burned down in the 8th grade,afraid,"Customer :I can't imagine my house on fire. That's I got home insurance!
Agent :",sad,sad,afraid,"REASONING: During the house fire, the event was sudden, dangerous, and uncontrollable, creating intense distress and a need to escape rather than a reflective sadness or anger. This maps to strongly negative valence, high arousal, and low dominance/control.
VAD_Estimate: [V: -0.75, A: +0.70, D: -0.45]
EMOTION: afraid",[-0.75  0.7  -0.45],0.15,False,True,Negative_High_Submissive,Negative_Moderate_Submissive,Negative_High_Submissive,0.8757853618324527,0.0
I am cooking dinner for my boyfriend tomorrow for the first time,afraid,"Customer :That's nice of you. Is it a special occasion?
Agent :",joyful,joyful,joyful,"REASONING: The situation is a self-chosen, affectionate plan with no explicit negative emotion word or threat mentioned. Cooking for a boyfriend suggests pleasant anticipation, moderate excitement, and a sense of control over the event, aligning closest with joy.
VAD_Estimate: [V: +0.70, A: +0.50, D: +0.35]
EMOTION: joyful",[0.7  0.5  0.35],1.5537052487521563,False,False,Negative_High_Submissive,Positive_High_Dominant,Positive_High_Dominant,1.607109205996904,1.607109205996904
I would like to try skydiving.,afraid,"Customer :I need to work on fear first and then I will try it.
Agent :",joyful,joyful,joyful,"REASONING: The speaker expresses interest and excitement about a thrilling future activity, indicating positive anticipation and high energy rather than fear or sadness.
VAD_Estimate: [V: +0.60, A: +0.60, D: +0.40]
EMOTION: joyful",[0.6 0.6 0.4],1.4921461054467824,False,False,Negative_High_Submissive,Positive_High_Dominant,Positive_High_Dominant,1.607109205996904,1.607109205996904
My friend hasnt been feeling well lately.,afraid,"Customer :That's too bad. What seems to be wrong with him?
Agent :",sad,sad,afraid,"REASONING: The friend being unwell is a negative situation with uncertainty about their health, creating worry and concern rather than anger or joy. The speaker has little control over the outcome, with moderate tension and low dominance.
VAD_Estimate: [V: -0.55, A: +0.30, D: -0.35]
EMOTION: afraid",[-0.55  0.3  -0.35],0.3232645975048923,False,True,Negative_High_Submissive,Negative_Moderate_Submissive,Negative_High_Submissive,0.8757853618324527,0.0
When my house burned down in the 8th grade,afraid,"Customer :It really hurts to think about it happening, my house burning.
Agent :",sad,sad,afraid,"REASONING: The event involves an uncontrollable, life-threatening disaster; during the fire, the speaker would likely feel intense fear and helplessness rather than anger or passive sadness.
VAD_Estimate: [V: -0.70, A: +0.65, D: -0.45]
EMOTION: afraid",[-0.7   0.65 -0.45],0.08062257748298549,False,True,Negative_High_Submissive,Negative_Moderate_Submissive,Negative_High_Submissive,0.8757853618324527,0.0
When my house burned down in the 8th grade,afraid,"Customer :I hope you didn't lose too much.
Agent :",sad,sad,afraid,"REASONING: A house fire is an uncontrollable, life-threatening event that would trigger immediate fear and helplessness rather than anger or joy. High negative valence, high arousal, and low dominance align most closely with the afraid prototype.
VAD_Estimate: [V: -0.70, A: +0.60, D: -0.45]
EMOTION: afraid",[-0.7   0.6  -0.45],0.06324555320336754,False,True,Negative_High_Submissive,Negative_Moderate_Submissive,Negative_High_Submissive,0.8757853618324527,0.0
Roller coasters next weekend,afraid,"Customer :What's wrong?
Agent :",joyful,joyful,afraid,"REASONING: The situation references an upcoming roller coaster activity with no positive emotion words like “excited” or “love,” so the dominant response is anxiety/dread about an intimidating event. This aligns with high displeasure, high arousal, and low control/vulnerability.
VAD_Estimate: [V: -0.64, A: +0.60, D: -0.43]
EMOTION: afraid",[-0.64  0.6  -0.43],0.0,False,True,Negative_High_Submissive,Positive_High_Dominant,Negative_High_Submissive,1.607109205996904,0.0
when my mother in law fell on ice,afraid,"Customer :Shes older so thats was it was so scary. She did end up injuring her hip. 
Agent :",joyful,joyful,afraid,"REASONING: A sudden fall on ice is an unexpected, potentially harmful event involving a loved one, triggering alarm, worry, and a sense of helplessness rather than anger or joy. This maps to negative valence, high arousal, and low dominance.
VAD_Estimate: [V: -0.65, A: +0.55, D: -0.35]
EMOTION: afraid",[-0.65  0.55 -0.35],0.09486832980505137,False,True,Negative_High_Submissive,Positive_High_Dominant,Negative_High_Submissive,1.607109205996904,0.0
Riding coasters this weekend,afraid,"Customer :Good luck!
Agent :",joyful,joyful,afraid,"REASONING: The situation mentions riding coasters without any positive emotion words like ""excited"" or ""love."" Per Rule 5, this inherently risky/thrilling activity without positive framing suggests anxiety or dread, with high arousal and low perceived control.
VAD_Estimate: [V: -0.60, A: +0.55, D: -0.40]
EMOTION: afraid",[-0.6   0.55 -0.4 ],0.07071067811865471,False,True,Negative_High_Submissive,Positive_High_Dominant,Negative_High_Submissive,1.607109205996904,0.0
My friend got into accident last month. His leg might  be removed!!,afraid,"Customer :No he is not!! i am afraid his leg might be removed
Agent :",sad,sad,sad,"REASONING: This is tragic, shocking news about a friend’s possible amputation, evoking helpless grief and deep concern rather than anger or personal fear. Valence is strongly negative, arousal is elevated due to the alarming exclamation, and dominance is low because the speaker cannot control the outcome.  
VAD_Estimate: [V: -0.80, A: +0.50, D: -0.45]  
EMOTION: sad",[-0.8   0.5  -0.45],0.18973665961010278,False,False,Negative_High_Submissive,Negative_Moderate_Submissive,Negative_Moderate_Submissive,0.8757853618324527,0.8757853618324527
when my hit her head,afraid,"Customer :My child hit their head really hard the other day, and caused the lip to split open. ugh 
Agent :",sad,sad,afraid,"REASONING: Witnessing someone hit her head is a sudden, potentially harmful event that triggers alarm and worry, with negative valence, high arousal, and a sense of helplessness over the outcome. This matches fear more than anger or sadness.
VAD_Estimate: [V: -0.65, A: +0.60, D: -0.40]
EMOTION: afraid",[-0.65  0.6  -0.4 ],0.03162277660168377,False,True,Negative_High_Submissive,Negative_Moderate_Submissive,Negative_High_Submissive,0.8757853618324527,0.0
When my house burned down in junior high. I had to rescue my parents.,afraid,"Customer :It was a combustion of paint cans in my garage.
Agent :",sad,sad,afraid,"REASONING: The house fire is a sudden, life-threatening emergency, and having to rescue parents would involve intense fear and adrenaline rather than anger or enjoyment. Negative valence with high arousal and a sense of vulnerability despite taking action points most closely to fear.
VAD_Estimate: [V: -0.70, A: +0.65, D: -0.35]
EMOTION: afraid",[-0.7   0.65 -0.35],0.11180339887498948,False,True,Negative_High_Submissive,Negative_Moderate_Submissive,Negative_High_Submissive,0.8757853618324527,0.0
I was at a scary maze and one of the people there actually scared me! It was super funny afterwords,afraid,"Customer :I was at a scary maze and one of the people there actually scared me! It was super funny afterwords
Agent :",joyful,joyful,afraid,"REASONING: The speaker explicitly says they were “scared” during the event in the scary maze, which indicates fear at that moment; the “funny afterwards” is a later reflection and does not override the in-the-moment emotion. This aligns with high displeasure, high arousal, and low dominance/vulnerability.
VAD_Estimate: [V: -0.64, A: +0.60, D: -0.43]
EMOTION: afraid",[-0.64  0.6  -0.43],0.0,False,True,Negative_High_Submissive,Positive_High_Dominant,Negative_High_Submissive,1.607109205996904,0.0
When I lost my job.,afraid,"Customer :I feel your pain, that happened to me a few years ago, I ended up having to settle on a job I didn't like just to make ends meet.
Agent :",sad,sad,sad,"REASONING: Losing a job is a significant loss associated with feelings of dejection, helplessness, and low energy rather than active anger or panic. The event is unpleasant, passively experienced, and reduces one’s sense of control.
VAD_Estimate: [V: -0.65, A: -0.30, D: -0.40]
EMOTION: sad",[-0.65 -0.3  -0.4 ],0.9005553841935541,False,False,Negative_High_Submissive,Negative_Moderate_Submissive,Negative_Moderate_Submissive,0.8757853618324527,0.8757853618324527
Roller coaster riding next week,afraid,"Customer :We're going to the amusement park!  I've never rode a coaster before!  Kinda scary~!
Agent :",joyful,joyful,afraid,"REASONING: The situation references an upcoming roller coaster ride with no positive excitement cues, so per the anticipation rule it reflects anxiety/dread rather than joy. This yields negative valence, high arousal, and low dominance/vulnerability.

VAD_Estimate: [V: -0.64, A: +0.60, D: -0.43]
EMOTION: afraid",[-0.64  0.6  -0.43],0.0,False,True,Negative_High_Submissive,Positive_High_Dominant,Negative_High_Submissive,1.607109205996904,0.0
"When I was younger I was scared of almost any new experience...but since I've been mugged, kicked out of the house, lived homeless, been beaten up, won some street fights and become fully self-employed there's really nothing that scares me anymore",afraid,"Customer :Hopefully, it'll be smooth sailing from no onwards.
Agent :",joyful,joyful,afraid,"REASONING: The speaker explicitly describes being “scared” during the earlier period, and although they later became fearless, temporal anchoring requires judging the emotion felt at that past time—high displeasure, high arousal, and low dominance.
VAD_Estimate: [V: -0.64, A: +0.60, D: -0.43]
EMOTION: afraid",[-0.64  0.6  -0.43],0.0,False,True,Negative_High_Submissive,Positive_High_Dominant,Negative_High_Submissive,1.607109205996904,0.0
"When I was younger I was scared of almost any new experience...but since I've been mugged, kicked out of the house, lived homeless, been beaten up, won some street fights and become fully self-employed there's really nothing that scares me anymore",afraid,"Customer :Yup and I'm only 26 :)
Agent :",joyful,joyful,afraid,"REASONING: The speaker explicitly describes being ""scared"" of new experiences when younger, so the target emotion is anchored to that past fear rather than the current reflection. This involves high displeasure, high arousal, and low control/vulnerability.
VAD_Estimate: [V: -0.64, A: +0.60, D: -0.43]
EMOTION: afraid",[-0.64  0.6  -0.43],0.0,False,True,Negative_High_Submissive,Positive_High_Dominant,Negative_High_Submissive,1.607109205996904,0.0
I am old.  I am seperated from my wife.  I live far from my children.  For pragmatoic reasons I am the one that can file for divorce.  I do not want to die alone.,afraid,"Customer :That is riduculous.  Death is inevitible.
Agent :",sad,sad,sad,"REASONING: The situation is characterized by isolation, aging, separation, and loneliness. The tone is resigned and melancholy rather than panicked, with low energy and a sense of helplessness about an undesirable situation → strongly negative valence, low arousal, low dominance.
VAD_Estimate: [V: -0.65, A: -0.30, D: -0.35]
EMOTION: sad",[-0.65 -0.3  -0.35],0.9036038955205979,False,False,Negative_High_Submissive,Negative_Moderate_Submissive,Negative_Moderate_Submissive,0.8757853618324527,0.8757853618324527
"I used to be afraid of the dark but now I am not so much, I had a nightlight for a long time",afraid,"Customer : I used to be afraid of the dark but now I am not so much, I had a nightlight for a long time
Agent :",joyful,joyful,afraid,"REASONING: The speaker explicitly says they “used to be afraid,” so the emotion during that past experience is fear. The VAD estimate matches the prototype for afraid: negative valence, high arousal, and vulnerable/low dominance.

VAD_Estimate: [V: -0.64, A: +0.60, D: -0.43]
EMOTION: afraid",[-0.64  0.6  -0.43],0.0,False,True,Negative_High_Submissive,Positive_High_Dominant,Negative_High_Submissive,1.607109205996904,0.0
When my house burned down in the 8th grade,afraid,"Customer :I was too young to know about that, we're done for.
Agent :",sad,sad,afraid,"REASONING: The house burning is a sudden, dangerous, and uncontrollable threat, likely causing panic and vulnerability rather than anger or calm sadness; this is strongly negative, high arousal, and low dominance.
VAD_Estimate: [V: -0.80, A: +0.65, D: -0.45]
EMOTION: afraid",[-0.8   0.65 -0.45],0.16881943016134138,False,True,Negative_High_Submissive,Negative_Moderate_Submissive,Negative_High_Submissive,0.8757853618324527,0.0
My friend hasnt been feeling well lately.,afraid,"Customer :His heart has been beating real fast lately.
Agent :",sad,sad,afraid,"REASONING: The situation is negative but ambiguous regarding the friend’s health, creating concern and worry rather than anger or joy. Arousal is moderate-to-high due to uncertainty, and dominance is low because the speaker cannot control the outcome, aligning closest with fear/anxiety.
VAD_Estimate: [V: -0.55, A: +0.45, D: -0.40]
EMOTION: afraid",[-0.55  0.45 -0.4 ],0.17748239349298842,False,True,Negative_High_Submissive,Negative_Moderate_Submissive,Negative_High_Submissive,0.8757853618324527,0.0
I am home alone this weekend. I do not like that. It gets too quiet.,afraid,"Customer :I am all one in the house this weekend.
Agent :",sad,sad,sad,"REASONING: The speaker expresses dislike of being home alone in a quiet environment, indicating unpleasantness, low energy, and a passive sense of isolation or melancholy.
VAD_Estimate: [V: -0.55, A: -0.30, D: -0.35]
EMOTION: sad",[-0.55 -0.3  -0.35],0.9080198235721507,False,False,Negative_High_Submissive,Negative_Moderate_Submissive,Negative_Moderate_Submissive,0.8757853618324527,0.8757853618324527
i cant wait for monday!,afraid,"Customer :What is going on Monday?
Agent :",joyful,joyful,joyful,"REASONING: The phrase “can’t wait” signals eager, positive anticipation about an upcoming event, with high energy and a sense of excited control. This aligns with joy rather than fear or sadness.
VAD_Estimate: [V: +0.70, A: +0.60, D: +0.30]
EMOTION: joyful",[0.7 0.6 0.3],1.5259423318068084,False,False,Negative_High_Submissive,Positive_High_Dominant,Positive_High_Dominant,1.607109205996904,1.607109205996904
"I used to be afraid of the dark but now I am not so much, I had a nightlight for a long time",afraid,"Customer :I guess I just grew up, realized there are no monsters
Agent :",joyful,joyful,afraid,"REASONING: The speaker explicitly describes a past emotional state of being afraid of the dark, and temporal anchoring requires judging the emotion felt during that past experience, not the current relief or reflection. Fear of the dark involves high displeasure, heightened arousal, and a sense of vulnerability/helplessness.
VAD_Estimate: [V: -0.64, A: +0.60, D: -0.43]
EMOTION: afraid",[-0.64  0.6  -0.43],0.0,False,True,Negative_High_Submissive,Positive_High_Dominant,Negative_High_Submissive,1.607109205996904,0.0
I don't think I' going to like this semester. I didnt get any of the classes I want,afraid,"Customer :I'm so sorry to hear it! Were you able to take anything?
Agent :",sad,sad,sad,"REASONING: The situation involves unmet expectations and disappointment about the upcoming semester, with a passive, resigned tone rather than active frustration or fear. This aligns with low pleasure, low arousal, and a sense of low control.
VAD_Estimate: [V: -0.55, A: -0.30, D: -0.35]
EMOTION: sad",[-0.55 -0.3  -0.35],0.9080198235721507,False,False,Negative_High_Submissive,Negative_Moderate_Submissive,Negative_Moderate_Submissive,0.8757853618324527,0.8757853618324527
"When I was younger, I went on a trip to my cousins ski home in New York. I am from Florida and didn't know any better and stuck my tongue to a frozen pole when one of my cousins dared me to. I dont recommend it.",afraid,"Customer :Oh no, that classic prank! I bet that was painful, I've only seen it on movies.
Agent :",sad,sad,afraid,"REASONING: The speaker describes a childhood mishap where their tongue froze to a pole, causing immediate pain, shock, and helplessness. Valence is strongly negative, arousal is high from the alarm/pain, and dominance is low because the speaker is physically trapped and vulnerable, aligning with fear rather than anger or sadness.
VAD_Estimate: [V: -0.65, A: +0.60, D: -0.45]
EMOTION: afraid",[-0.65  0.6  -0.45],0.022360679774997918,False,True,Negative_High_Submissive,Negative_Moderate_Submissive,Negative_High_Submissive,0.8757853618324527,0.0
"Two years ago, i was admitted in hospital. I was not well. I felt afraid whether i would be alive. But fortunately, i am live",afraid,"Customer :I felt afraid. Still i remember it
Agent :",joyful,joyful,afraid,"REASONING: The speaker explicitly says “I felt afraid” while in the hospital, describing fear about survival during the event. This is a clear explicit emotion label, so the analysis must match high displeasure, high arousal, and vulnerable low control.
VAD_Estimate: [V: -0.64, A: +0.60, D: -0.43]
EMOTION: afraid",[-0.64  0.6  -0.43],0.0,False,True,Negative_High_Submissive,Positive_High_Dominant,Negative_High_Submissive,1.607109205996904,0.0
"My friend's eyes keep hurting at night. She's been to the doctor, but they can't find anything wrong with her.",afraid,"Customer :She's just been to her doctor. I'll see if she can see a specialist.
Agent :",sad,sad,afraid,"REASONING: The situation involves an unresolved health problem with no clear cause or controllable solution, creating worry and uncertainty rather than anger or sadness. Valence is negative, arousal is moderately elevated due to concern, and dominance is low because the situation feels uncontrollable.
VAD_Estimate: [V: -0.55, A: +0.40, D: -0.40]
EMOTION: afraid",[-0.55  0.4  -0.4 ],0.2213594362117865,False,True,Negative_High_Submissive,Negative_Moderate_Submissive,Negative_High_Submissive,0.8757853618324527,0.0
I would like to try skydiving.,afraid,"Customer :I would love to try skydiving. I am so afraid of heigh.
Agent :",joyful,joyful,joyful,"REASONING: The speaker expresses a positive desire and anticipation about trying skydiving, with no words suggesting fear or dread. This suggests pleasantness, moderate excitement, and a sense of personal choice/control.
VAD_Estimate: [V: +0.55, A: +0.45, D: +0.25]
EMOTION: joyful",[0.55 0.45 0.25],1.3787675656179326,False,False,Negative_High_Submissive,Positive_High_Dominant,Positive_High_Dominant,1.607109205996904,1.607109205996904
I am a unhappy that  there is nothing I could do to help,afraid,"Customer :Oh no! What had happened to you?
Agent :",sad,sad,sad,"REASONING: The speaker explicitly says “unhappy” about feeling helpless to help, which indicates sadness, low energy, and low control over the situation.
VAD_Estimate: [V: -0.65, A: -0.30, D: -0.40]
EMOTION: sad",[-0.65 -0.3  -0.4 ],0.9005553841935541,False,False,Negative_High_Submissive,Negative_Moderate_Submissive,Negative_Moderate_Submissive,0.8757853618324527,0.8757853618324527
I am a unhappy that  there is nothing I could do to help,afraid,"Customer :I am a unhappy that there is nothing I could do to help
Agent :",sad,sad,sad,"REASONING: The explicit word “unhappy” signals displeasure and sadness, not anger or fear. The sense of helplessness (“nothing I could do”) lowers dominance and energy, matching a sad, dejected state.
VAD_Estimate: [V: -0.65, A: -0.30, D: -0.40]
EMOTION: sad",[-0.65 -0.3  -0.4 ],0.9005553841935541,False,False,Negative_High_Submissive,Negative_Moderate_Submissive,Negative_Moderate_Submissive,0.8757853618324527,0.8757853618324527
Our home was broken in to 2 months after we purchased it.,afraid,"Customer :Im so sorry to hear that. I was watching a house for a familty member and they're safe was stolen.
Agent :",angry,angry,angry,"REASONING: The break-in is a negative, intrusive event caused by a person (the burglar), which typically triggers high-arousal frustration and blame rather than passive sadness or ambiguous environmental fear. The speaker feels violated but also irritated and angry at the violation.
VAD_Estimate: [V: -0.55, A: +0.65, D: +0.20]
EMOTION: angry",[-0.55  0.65  0.2 ],0.6383572667401852,False,False,Negative_High_Submissive,Negative_High_Moderate,Negative_High_Moderate,0.6923871749245504,0.6923871749245504
Just watched season 2 of Luther last night on Netflix.  Keeps you on the edge of your seat.,afraid,"Customer :Oh, how did you like it?
Agent :",joyful,joyful,joyful,"REASONING: Watching an engaging thriller series is an enjoyable, exciting experience; being “on the edge of your seat” signals high arousal and positive entertainment, not real threat.
VAD_Estimate: [V: +0.65, A: +0.70, D: +0.25]
EMOTION: joyful",[0.65 0.7  0.25],1.461677118928801,False,False,Negative_High_Submissive,Positive_High_Dominant,Positive_High_Dominant,1.607109205996904,1.607109205996904
I am so scary that my manager doesn't keep his promise for my promotion.,afraid,"Customer :I don't know. I have a bad feeling about it.
Agent :",angry,angry,angry,"REASONING: The speaker expresses frustration about a specific person (the manager) breaking a promotion promise, indicating active irritation and blame. The phrase “I am so scary” suggests a sense of intimidation/assertiveness, raising dominance. This points to anger rather than fear or sadness.
VAD_Estimate: [V: -0.55, A: +0.55, D: +0.30]
EMOTION: angry",[-0.55  0.55  0.3 ],0.7372245248226621,False,False,Negative_High_Submissive,Negative_High_Moderate,Negative_High_Moderate,0.6923871749245504,0.6923871749245504
While working at a restaurant I was robbed,afraid,"Customer :No weapon that I could see they just grabbed the money and ran.
Agent :",angry,angry,afraid,"REASONING: Being robbed at work is a sudden, threatening event with potential danger, causing high distress and a strong sense of vulnerability rather than anger or sadness.
VAD_Estimate: [V: -0.70, A: +0.60, D: -0.45]
EMOTION: afraid",[-0.7   0.6  -0.45],0.06324555320336754,False,True,Negative_High_Submissive,Negative_High_Moderate,Negative_High_Submissive,0.6923871749245504,0.0
My husband wants to go parasailing together when we go to Mexico next month.,afraid,"Customer :My husband wants to go parasailing together when we go to Mexico next month.
Agent :",joyful,joyful,afraid,"REASONING: The situation involves an inherently risky activity (parasailing) with no positive words like “excited” or “love,” so the speaker’s anticipated feeling is anxiety or dread rather than joy. This reflects negative valence, high arousal, and a low sense of control.
VAD_Estimate: [V: -0.64, A: +0.60, D: -0.43]
EMOTION: afraid",[-0.64  0.6  -0.43],0.0,False,True,Negative_High_Submissive,Positive_High_Dominant,Negative_High_Submissive,1.607109205996904,0.0
birth of my first child,afraid,"Customer :so many emotions!
Agent :",joyful,joyful,joyful,"REASONING: The birth of a first child is a profoundly positive life event, bringing intense happiness, excitement, and a sense of empowerment. High pleasure and high arousal with strong control align with joy.
VAD_Estimate: [V: +0.85, A: +0.65, D: +0.40]
EMOTION: joyful",[0.85 0.65 0.4 ],1.706311812067185,False,False,Negative_High_Submissive,Positive_High_Dominant,Positive_High_Dominant,1.607109205996904,1.607109205996904
I hate hate hate riding on trains!,afraid,"Customer :Everytime im on the train I swear im going to have a panic attack.
Agent :",angry,angry,angry,"REASONING: The explicit word “hate” signals strong displeasure and irritation toward trains, with high-energy frustration and an assertive complaint rather than fear or sadness.
VAD_Estimate: [V: -0.60, A: +0.65, D: +0.30]
EMOTION: angry",[-0.6   0.65  0.3 ],0.7328028384224504,False,False,Negative_High_Submissive,Negative_High_Moderate,Negative_High_Moderate,0.6923871749245504,0.6923871749245504
When my house burned down in middle school. It was in the middle of the night.,afraid,"Customer :It was burned in a paint fire, tragic.
Agent :",sad,sad,afraid,"REASONING: A house fire in the middle of the night is an immediate, life-threatening, and uncontrollable danger, provoking panic and vulnerability rather than blame or grief at that moment. Valence is strongly negative, arousal is high, and dominance is very low.
VAD_Estimate: [V: -0.75, A: +0.65, D: -0.45]
EMOTION: afraid",[-0.75  0.65 -0.45],0.12247448713915891,False,True,Negative_High_Submissive,Negative_Moderate_Submissive,Negative_High_Submissive,0.8757853618324527,0.0
"I used to be afraid of the dark but now I am not so much, I had a nightlight for a long time",afraid,"Customer : I used to be afraid of the dark but now I am not so much, I had a nightlight for a long time
Agent :",joyful,joyful,afraid,"REASONING: The explicit emotion word ""afraid"" describes the speaker's past feeling during the event, so the emotion is fear despite the current reflection. This aligns with high negative valence, high arousal, and low dominance.
VAD_Estimate: [V: -0.64, A: +0.60, D: -0.43]
EMOTION: afraid",[-0.64  0.6  -0.43],0.0,False,True,Negative_High_Submissive,Positive_High_Dominant,Negative_High_Submissive,1.607109205996904,0.0
Just watched season 2 of Luther last night on Netflix.  Keeps you on the edge of your seat.,afraid,"Customer :I finished season 2 of Luther on Netflix last night.
Agent :",joyful,joyful,joyful,"REASONING: Watching an intense and gripping Netflix series is an enjoyable, engaging experience with high suspense and excitement, which corresponds to positive valence, high arousal, and moderate control.
VAD_Estimate: [V: +0.70, A: +0.65, D: +0.30]
EMOTION: joyful",[0.7  0.65 0.3 ],1.5267612779999364,False,False,Negative_High_Submissive,Positive_High_Dominant,Positive_High_Dominant,1.607109205996904,1.607109205996904
My friend hasnt been feeling well lately.,afraid,"Customer :My friend hasnt been feeling well lately.
Agent :",sad,sad,afraid,"REASONING: The speaker is concerned about their friend’s health, which is unpleasant and creates worry. Arousal is moderate because the concern is active, and dominance is low since the speaker cannot control the friend’s wellbeing.
VAD_Estimate: [V: -0.55, A: +0.45, D: -0.40]
EMOTION: afraid",[-0.55  0.45 -0.4 ],0.17748239349298842,False,True,Negative_High_Submissive,Negative_Moderate_Submissive,Negative_High_Submissive,0.8757853618324527,0.0
when my daughter was born,afraid,"Customer :Oh god! Did everything turn out well?
Agent :",joyful,joyful,joyful,"REASONING: The birth of one's daughter is a profoundly positive, meaningful life event with emotional intensity and a sense of fulfillment, aligning with high pleasure, high arousal, and empowered joy.
VAD_Estimate: [V: +0.85, A: +0.60, D: +0.35]
EMOTION: joyful",[0.85 0.6  0.35],1.6818144963104582,False,False,Negative_High_Submissive,Positive_High_Dominant,Positive_High_Dominant,1.607109205996904,1.607109205996904
I am a unhappy that  there is nothing I could do to help,afraid,"Customer :I had very little and a neighbour was asking me to help him pay his rent
Agent :",sad,sad,sad,"REASONING: The speaker explicitly uses the word “unhappy” and expresses helplessness over being unable to help, indicating dejection and low control rather than anger or fear. This aligns with sadness: negative valence, low energy, and low dominance.
VAD_Estimate: [V: -0.60, A: -0.25, D: -0.35]
EMOTION: sad",[-0.6  -0.25 -0.35],0.8546929273136639,False,False,Negative_High_Submissive,Negative_Moderate_Submissive,Negative_Moderate_Submissive,0.8757853618324527,0.8757853618324527
I'm going to an amusement park tomorrow. I don,afraid,"Customer :Ive never been on any but I'll try it out
Agent :",sad,Sad,afraid,"REASONING: The incomplete phrase “I don't” suggests reluctance, worry, or dread about the amusement park trip rather than excitement. This points to unpleasant anticipation, moderate arousal, and a reduced sense of control.
VAD_Estimate: [V: -0.45, A: +0.35, D: -0.25]
EMOTION: afraid",[-0.45  0.35 -0.25],0.3619392214170772,False,True,Negative_High_Submissive,Negative_Moderate_Submissive,Negative_High_Submissive,0.8757853618324527,0.0
I am home alone this weekend. I do not like that. It gets too quiet.,afraid,"Customer :lol. I'm alone. I don't like it. Its too quiet
Agent :",sad,sad,sad,"REASONING: The speaker expresses dislike for being alone and emphasizes the oppressive quietness, indicating low-energy discomfort, loneliness, and passive melancholy rather than high-arousal fear or irritation.  
VAD_Estimate: [V: -0.55, A: -0.30, D: -0.30]  
EMOTION: sad",[-0.55 -0.3  -0.3 ],0.9137833441248532,False,False,Negative_High_Submissive,Negative_Moderate_Submissive,Negative_Moderate_Submissive,0.8757853618324527,0.8757853618324527
I am home alone this weekend. I do not like that. It gets too quiet.,afraid,"Customer :Yeah, being alone a big ole house is often times more spooky than not. I almost got nabbed by a ghost the last time I was alone.
Agent :",sad,sad,sad,"REASONING: The situation is unpleasant due to unwanted solitude, but there is no clear threat or target for blame. The “too quiet” setting suggests low energy and passive discomfort, leading to low valence, low arousal, and low dominance consistent with loneliness or sadness.
VAD_Estimate: [V: -0.50, A: -0.25, D: -0.30]
EMOTION: sad",[-0.5  -0.25 -0.3 ],0.8712060605849801,False,False,Negative_High_Submissive,Negative_Moderate_Submissive,Negative_Moderate_Submissive,0.8757853618324527,0.8757853618324527
I hit my head on the door corner and it left me with a wound. I feel it will scar,afraid,"Customer :ah no!! But i am afraid it will scar thats worse than being a zombie
Agent :",sad,sad,afraid,"REASONING: The event is physically unpleasant and creates worry about a lasting scar, so valence is clearly negative. The arousal is moderate because the speaker is anxious about the outcome, while dominance is low because the situation feels beyond their control and leaves them vulnerable.
VAD_Estimate: [V: -0.55, A: +0.50, D: -0.40]
EMOTION: afraid",[-0.55  0.5  -0.4 ],0.13784048752090217,False,True,Negative_High_Submissive,Negative_Moderate_Submissive,Negative_High_Submissive,0.8757853618324527,0.0
"My car broke down yesterday and they say it might be the transmission. If so, I'd need a new car and that's hard to do right now",afraid,"Customer :My car broke down yesterday and the mechanics say it might be the transmission :(
Agent :",sad,sad,afraid,"REASONING: The speaker is facing an uncertain, costly problem with limited immediate options, creating clear displeasure, anxious arousal, and a sense of vulnerability or lack of control over the situation. This aligns with worry/fear rather than active anger or low-energy sadness.
VAD_Estimate: [V: -0.60, A: +0.55, D: -0.45]
EMOTION: afraid",[-0.6   0.55 -0.45],0.06708203932499367,False,True,Negative_High_Submissive,Negative_Moderate_Submissive,Negative_High_Submissive,0.8757853618324527,0.0
Roller coasters next weekend,afraid,"Customer :Nothing.  I'm going to ride rollercoasters this weekend.  So scared of them.
Agent :",joyful,joyful,afraid,"REASONING: The situation mentions an upcoming roller coaster with no positive emotion words like ""excited"" or ""love,"" so without explicit positive framing, this reflects anticipatory anxiety or dread. This leads to negative valence, high arousal, and low dominance/control.
VAD_Estimate: [V: -0.55, A: +0.60, D: -0.40]
EMOTION: afraid",[-0.55  0.6  -0.4 ],0.09486832980505135,False,True,Negative_High_Submissive,Positive_High_Dominant,Negative_High_Submissive,1.607109205996904,0.0
My stepmother just passed away and I am concerned about my dad,afraid,"Customer :He seams fine when I talk with him but I know he is not. H has had a problem with substance abuse in the past 
Agent :",sad,sad,afraid,"REASONING: The explicit word “concerned” signals worry and apprehension about the father’s well-being after the death, which is a fear-related state. Valence is negative, arousal is moderately high due to anxious concern, and dominance is low because the speaker cannot control the situation.

VAD_Estimate: [V: -0.55, A: +0.40, D: -0.35]
EMOTION: afraid",[-0.55  0.4  -0.35],0.233452350598575,False,True,Negative_High_Submissive,Negative_Moderate_Submissive,Negative_High_Submissive,0.8757853618324527,0.0
Going coaster riding this weekend :/,afraid,"Customer :six flags.  I've never rode a coaster before!
Agent :",sad,sad,afraid,"REASONING: The text mentions roller coaster riding with a negative emoticon and no excitement or enjoyment, indicating apprehension and dread about an intimidating activity. This maps to high unpleasantness, high arousal, and low control.
VAD_Estimate: [V: -0.60, A: +0.55, D: -0.40]
EMOTION: afraid",[-0.6   0.55 -0.4 ],0.07071067811865471,False,True,Negative_High_Submissive,Negative_Moderate_Submissive,Negative_High_Submissive,0.8757853618324527,0.0
when my job fired me during maternity leave,afraid,"Customer :That is horrible!  How could they justify doing that?  You must have been disgusted with them!
Agent :",angry,angry,angry,"REASONING: The employer is a specific entity responsible for the wrongful firing, which triggers frustration and indignation rather than ambiguous fear or passive grief. This is a negative, high-arousal, assertive reaction consistent with anger.
VAD_Estimate: [V: -0.65, A: +0.60, D: +0.25]
EMOTION: angry",[-0.65  0.6   0.25],0.6800735254367721,False,False,Negative_High_Submissive,Negative_High_Moderate,Negative_High_Moderate,0.6923871749245504,0.6923871749245504
Amusement park this weekend,afraid,"Customer :Man this weekend might be weird
Agent :",joyful,joyful,joyful,"REASONING: The situation refers to an upcoming amusement park trip, which broadly connotes excitement and pleasant anticipation rather than threat or sadness; no explicit emotion word or negative context overrides this. Thus valence is positive, arousal is high, and dominance is moderate.
VAD_Estimate: [V: +0.70, A: +0.60, D: +0.30]
EMOTION: joyful",[0.7 0.6 0.3],1.5259423318068084,False,False,Negative_High_Submissive,Positive_High_Dominant,Positive_High_Dominant,1.607109205996904,1.607109205996904
Our home was broken in to 2 months after we purchased it.,afraid,"Customer :Our home was broken into 2 months after we purchased it. Luckily, we were not home at the time. 
Agent :",angry,angry,afraid,"REASONING: The break-in is a highly negative, invasive event that triggers alarm and a strong sense of vulnerability and loss of control over personal safety. There is no clear face-to-face confrontation or blame target, so the immediate feeling is closer to fear than anger.

VAD_Estimate: [V: -0.70, A: +0.60, D: -0.45]
EMOTION: afraid",[-0.7   0.6  -0.45],0.06324555320336754,False,True,Negative_High_Submissive,Negative_High_Moderate,Negative_High_Submissive,0.6923871749245504,0.0
Being alone in a foreign country.,afraid,"Customer :Why don't you take a guide or a book to help visit?
Agent :",sad,sad,sad,"REASONING: Being alone in a foreign country suggests isolation and vulnerability, with no clear threat or target for blame, and low energy rather than active irritation. This aligns more with loneliness/dejection than fear or anger.
VAD_Estimate: [V: -0.60, A: -0.25, D: -0.40]
EMOTION: sad",[-0.6  -0.25 -0.4 ],0.85146931829632,False,False,Negative_High_Submissive,Negative_Moderate_Submissive,Negative_Moderate_Submissive,0.8757853618324527,0.8757853618324527
My crush keeps hanging out with a new guy classmate a lot lately.,afraid,"Customer :I am sure that makes you feel bad, have you talked to them about how you feel?
Agent :",sad,sad,afraid,"REASONING: This situation involves social uncertainty and potential romantic loss, producing negative feelings and anxious insecurity rather than clear anger or resignation. There is no explicit blame or confrontation, so the closest match is fear-like vulnerability with moderate-to-high arousal and low dominance.
VAD_Estimate: [V: -0.55, A: +0.45, D: -0.45]
EMOTION: afraid",[-0.55  0.45 -0.45],0.17606816861659005,False,True,Negative_High_Submissive,Negative_Moderate_Submissive,Negative_High_Submissive,0.8757853618324527,0.0
I'm going to be across the ocean from my girlfriend for school.,afraid,"Customer :I'm going to be across the ocean from my girlfriend for school.
Agent :",sad,sad,sad,"REASONING: The situation describes an impending long-distance separation from a loved one, which typically evokes feelings of loss, longing, and low-energy melancholy rather than anger or thrill. This aligns with negative valence, subdued arousal, and a sense of helplessness over the separation.
VAD_Estimate: [V: -0.55, A: -0.30, D: -0.35]
EMOTION: sad",[-0.55 -0.3  -0.35],0.9080198235721507,False,False,Negative_High_Submissive,Negative_Moderate_Submissive,Negative_Moderate_Submissive,0.8757853618324527,0.8757853618324527
Going coaster riding this weekend :/,afraid,"Customer :What other rides should you take?
Agent :",sad,sad,afraid,"REASONING: The person is heading to a roller coaster but shows reluctance with "": /"", and there are no positive excitement words like ""excited"" or ""love."" This signals anxiety and dread about an intimidating activity rather than joy or anger.
VAD_Estimate: [V: -0.64, A: +0.60, D: -0.43]
EMOTION: afraid",[-0.64  0.6  -0.43],0.0,False,True,Negative_High_Submissive,Negative_Moderate_Submissive,Negative_High_Submissive,0.8757853618324527,0.0
When I lost my job.,afraid,"Customer :Its a scary situation to be in but like you I almost pretty much applying to anything out there! 
Agent :",sad,sad,sad,"REASONING: Losing a job is a significant personal loss that typically triggers grief, dejection, and a sense of powerlessness rather than active anger or immediate panic. There is no clear external agent to blame, and the overall energy is low with diminished control, aligning most closely with sadness.
VAD_Estimate: [V: -0.65, A: -0.25, D: -0.35]
EMOTION: sad",[-0.65 -0.25 -0.35],0.8538149682454623,False,False,Negative_High_Submissive,Negative_Moderate_Submissive,Negative_Moderate_Submissive,0.8757853618324527,0.8757853618324527
Getting my roof replaced. It's so expensive.,afraid,"Customer :Yea, it will be. I'm just not financially comfortable with the pricetag atm.
Agent :",sad,sad,angry,"REASONING: The situation involves an unwanted financial burden, causing irritation and frustration about the cost. Valence is negative, arousal is moderately high from complaining about the expense, and dominance is slightly assertive because the speaker is annoyed rather than helpless.

VAD_Estimate: [V: -0.50, A: +0.55, D: +0.20]

EMOTION: angry",[-0.5   0.55  0.2 ],0.6473020933072904,False,False,Negative_High_Submissive,Negative_Moderate_Submissive,Negative_High_Moderate,0.8757853618324527,0.6923871749245504
I really do no like worms.,afraid,"Customer :I do not like them cause they are always slimy.
Agent :",angry,angry,angry,"REASONING: The utterance expresses strong displeasure and aversion toward worms. The word “really” adds irritation/energy, and the statement is confidently asserted rather than helpless or resigned, so dominance is mildly positive. It is not fear (no threat/escape) or sadness (no low-energy passivity).

VAD_Estimate: [V: -0.55, A: +0.45, D: +0.20]

EMOTION: angry",[-0.55  0.45  0.2 ],0.653834841531101,False,False,Negative_High_Submissive,Negative_High_Moderate,Negative_High_Moderate,0.6923871749245504,0.6923871749245504
when my job fired me during maternity leave,afraid,"Customer : My job laid me off during my maternity leave. 
Agent :",sad,sad,angry,"REASONING: Being fired during maternity leave is an unjust, blame-worthy action by a specific employer, producing active frustration, irritation, and a sense of being wronged rather than helpless fear or passive sadness. This maps to high negative valence, moderately high arousal, and assertive/controlled blame.
VAD_Estimate: [V: -0.60, A: +0.58, D: +0.20]
EMOTION: angry",[-0.6   0.58  0.2 ],0.6315853069855252,False,False,Negative_High_Submissive,Negative_Moderate_Submissive,Negative_High_Moderate,0.8757853618324527,0.6923871749245504
Once I studied really hard for a physics quiz and then I tried to set an alarm to wake up for it. Instead I slept through it and thought I was gonna get a zero on the quiz.,afraid,"Customer :One of the scariest things that happened to me was when I slept through a physics quiz that I really needed to do well on.
Agent :",sad,sad,afraid,"REASONING: The speaker faces an imminent negative consequence (a zero on the quiz) through no controllable action now, triggering panic, dread, and helplessness rather than outward anger or sadness. This maps to high displeasure, high arousal, and low dominance.
VAD_Estimate: [V: -0.65, A: +0.55, D: -0.40]
EMOTION: afraid",[-0.65  0.55 -0.4 ],0.05916079783099609,False,True,Negative_High_Submissive,Negative_Moderate_Submissive,Negative_High_Submissive,0.8757853618324527,0.0
"I used to be afraid of the dark but now I am not so much, I had a nightlight for a long time",afraid,"Customer :Was the nightlight in your room?
Agent :",joyful,joyful,afraid,"REASONING: The speaker explicitly says they ""used to be afraid,"" so the emotion felt during that past experience is fear, not their current relief. High displeasure, high arousal, and low dominance/vulnerability match the prototype for afraid.
VAD_Estimate: [V: -0.64, A: +0.60, D: -0.43]
EMOTION: afraid",[-0.64  0.6  -0.43],0.0,False,True,Negative_High_Submissive,Positive_High_Dominant,Negative_High_Submissive,1.607109205996904,0.0
I lost the money pouch for the deposit at my job the other day.,afraid,"Customer :I lost the money pouch for the deposit at my job the other day.
Agent :",sad,sad,afraid,"REASONING: Losing the deposit money at work is a negative, stressful event likely causing worry and anxiety about consequences. The speaker feels vulnerable and out of control because the mistake may lead to blame or punishment, aligning with high arousal and low dominance.
VAD_Estimate: [V: -0.65, A: +0.55, D: -0.45]
EMOTION: afraid",[-0.65  0.55 -0.45],0.05477225575051656,False,True,Negative_High_Submissive,Negative_Moderate_Submissive,Negative_High_Submissive,0.8757853618324527,0.0
I was at a scary maze and one of the people there actually scared me! It was super funny afterwords,afraid,"Customer :I dont either, but I wanted to go with my friends
Agent :",joyful,joyful,afraid,"REASONING: The speaker explicitly says they were “scared,” so the emotion felt during the event is fear, even though they found it funny afterward. This matches high negative arousal with low dominance/control.
VAD_Estimate: [V: -0.60, A: +0.65, D: -0.40]
EMOTION: afraid",[-0.6   0.65 -0.4 ],0.0707106781186548,False,True,Negative_High_Submissive,Positive_High_Dominant,Negative_High_Submissive,1.607109205996904,0.0
Roller coaster riding next week,afraid,"Customer :oh it sounds fun. You should try it once. You will enjoy it. You will be scared for the first time, but you will be okay
Agent :",joyful,joyful,afraid,"REASONING: The situation describes an upcoming roller coaster ride with no positive words like “excited” or “love,” so the anticipation is interpreted as anxiety/dread. This produces negative valence, high arousal, and low perceived control.
VAD_Estimate: [V: -0.60, A: +0.55, D: -0.40]
EMOTION: afraid",[-0.6   0.55 -0.4 ],0.07071067811865471,False,True,Negative_High_Submissive,Positive_High_Dominant,Negative_High_Submissive,1.607109205996904,0.0
I hate hate hate riding on trains!,afraid,"Customer :No I hate it, I feel like we are going to crash everytime.
Agent :",angry,angry,angry,"REASONING: The explicit word ""hate"" signals strong active displeasure rather than passive sadness or vulnerability. The target is trains, a specific disliked object, so irritation/frustration is directed outward with assertive energy.
VAD_Estimate: [V: -0.65, A: +0.60, D: +0.20]
EMOTION: angry",[-0.65  0.6   0.2 ],0.6300793600809346,False,False,Negative_High_Submissive,Negative_High_Moderate,Negative_High_Moderate,0.6923871749245504,0.6923871749245504
I'm going to an amusement park tomorrow. I don,afraid,"Customer :That sounds like so much fun! I think you should. I love roller coasters!
Agent :",joyful,joyful,afraid,"REASONING: The speaker mentions going to an amusement park but the incomplete “I don…” suggests reluctance or dread rather than excitement. Without positive cues like “excited” or “love,” anticipation of this situation is anxiety-provoking, with low perceived control.
VAD_Estimate: [V: -0.45, A: +0.50, D: -0.40]
EMOTION: afraid",[-0.45  0.5  -0.4 ],0.21679483388678797,False,True,Negative_High_Submissive,Positive_High_Dominant,Negative_High_Submissive,1.607109205996904,0.0
I was so scared but I went skydiving! It was a great experience and I'm so glad I was able to overcome my fears.,afraid,"Customer :I was so terrified, but I went skydiving a few weeks ago!
Agent :",joyful,joyful,afraid,"REASONING: The explicit emotion during the event is ""scared,"" and the later positive reflection about overcoming fear does not change the emotion felt while skydiving. That moment involved high arousal and low control, matching fear.
VAD_Estimate: [V: -0.64, A: +0.60, D: -0.43]
EMOTION: afraid",[-0.64  0.6  -0.43],0.0,False,True,Negative_High_Submissive,Positive_High_Dominant,Negative_High_Submissive,1.607109205996904,0.0
"When I was younger, I went on a trip to my cousins ski home in New York. I am from Florida and didn't know any better and stuck my tongue to a frozen pole when one of my cousins dared me to. I dont recommend it.",afraid,"Customer :When I was younger, I went on a trip to my cousins ski home in New York. I am from Florida and didn't know any better and stuck my tongue to a frozen pole when one of my cousins dared me to. I dont recommend it.
Agent :",sad,sad,afraid,"REASONING: The event itself involved sudden physical pain and being unexpectedly trapped when the tongue stuck to the frozen pole, causing panic and helplessness rather than anger or sadness. Negative valence is strong, arousal is high due to shock and distress, and dominance is low because the person was physically stuck and vulnerable.
VAD_Estimate: [V: -0.70, A: +0.60, D: -0.55]
EMOTION: afraid",[-0.7   0.6  -0.55],0.1341640786499874,False,True,Negative_High_Submissive,Negative_Moderate_Submissive,Negative_High_Submissive,0.8757853618324527,0.0
my friend was speeding down the road because he wanted to show off the new car he had just bought,afraid,"Customer :The new Audi R8 it was used 2015
Agent :",joyful,joyful,afraid,"REASONING: Speeding to show off is risky/dangerous driving, and without any positive emotion words, the situation suggests anxiety/fear with high arousal and low control.
VAD_Estimate: [V: -0.65, A: +0.60, D: -0.45]
EMOTION: afraid",[-0.65  0.6  -0.45],0.022360679774997918,False,True,Negative_High_Submissive,Positive_High_Dominant,Negative_High_Submissive,1.607109205996904,0.0
Being alone in a foreign country.,afraid,"Customer :Why you don't invite a friend to come with you?
Agent :",sad,sad,sad,"REASONING: The situation highlights isolation and unfamiliarity, which likely produces loneliness and low-energy dejection rather than active anger or fear. No explicit threat or specific cause to blame, so the dominant feeling is passive melancholy.

VAD_Estimate: [V: -0.55, A: -0.30, D: -0.40]
EMOTION: sad",[-0.55 -0.3  -0.4 ],0.9049861877399012,False,False,Negative_High_Submissive,Negative_Moderate_Submissive,Negative_Moderate_Submissive,0.8757853618324527,0.8757853618324527
Riding coasters this weekend,afraid,"Customer :We're taking the kiddos to six flags and they're gonna make me ride coasters lol
Agent :",joyful,joyful,afraid,"REASONING: The phrase mentions an inherently risky/intimidating activity with no positive words like ""excited"" or ""love,"" so it reflects anxiety/dread about the upcoming event: high displeasure, high arousal, and low control.
VAD_Estimate: [V: -0.64, A: +0.60, D: -0.43]
EMOTION: afraid",[-0.64  0.6  -0.43],0.0,False,True,Negative_High_Submissive,Positive_High_Dominant,Negative_High_Submissive,1.607109205996904,0.0
Riding coasters this weekend,afraid,"Customer :Yeah I've never rode one before!  So scared :(
Agent :",joyful,joyful,afraid,"REASONING: The situation mentions riding coasters with no positive excitement words, so it suggests anxiety or dread rather than joy. This is an inherently intimidating activity with low perceived control and high nervous arousal.
VAD_Estimate: [V: -0.64, A: +0.60, D: -0.43]
EMOTION: afraid",[-0.64  0.6  -0.43],0.0,False,True,Negative_High_Submissive,Positive_High_Dominant,Negative_High_Submissive,1.607109205996904,0.0
"I used to be afraid of the dark but now I am not so much, I had a nightlight for a long time",afraid,"Customer : I used to be afraid of the dark but now I am not so much, I had a nightlight for a long time
Agent :",joyful,joyful,afraid,"REASONING: The speaker explicitly says they ""used to be afraid,"" so the emotion during that past experience is fear, despite their current reflection that it lessened. This matches high displeasure, high arousal, and low dominance/vulnerability.
VAD_Estimate: [V: -0.64, A: +0.60, D: -0.43]
EMOTION: afraid",[-0.64  0.6  -0.43],0.0,False,True,Negative_High_Submissive,Positive_High_Dominant,Negative_High_Submissive,1.607109205996904,0.0
Our home was broken in to 2 months after we purchased it.,afraid,"Customer :Have you ever been a victim of a home break in?
Agent :",angry,angry,afraid,"REASONING: The break-in is a serious violation of safety and personal space, producing strongly negative feelings, high alarm, and a sense of vulnerability because the speaker had no control over the intrusion. This aligns most closely with fear rather than anger, since the threat is diffuse/ambiguous and tied to feeling unsafe in one’s own home.
VAD_Estimate: [V: -0.70, A: +0.60, D: -0.50]
EMOTION: afraid",[-0.7  0.6 -0.5],0.09219544457292884,False,True,Negative_High_Submissive,Negative_High_Moderate,Negative_High_Submissive,0.6923871749245504,0.0
once upon a time i am go for the market at that time one man for very hungry because some food for provide the man .,afraid,"Customer :how are you
Agent :",sad,sad,joyful,"REASONING: The speaker describes helping a hungry man by providing food, which is a positive and compassionate act. This creates pleasant feelings of warmth and satisfaction, with moderate energy and a sense of personal agency/control over helping.
VAD_Estimate: [V: +0.65, A: +0.40, D: +0.45]
EMOTION: joyful",[0.65 0.4  0.45],1.5743252522906441,False,False,Negative_High_Submissive,Negative_Moderate_Submissive,Positive_High_Dominant,0.8757853618324527,1.607109205996904
When my house burned down in middle school. It was in the middle of the night.,afraid,"Customer :oh no. what happened?
Agent :",sad,sad,afraid,"REASONING: The event is a nighttime house fire, which is an immediate, uncontrollable, life-threatening danger. This triggers high-arousal panic and vulnerability, with no clear target for anger and more active fear than passive sadness.
VAD_Estimate: [V: -0.70, A: +0.60, D: -0.45]
EMOTION: afraid",[-0.7   0.6  -0.45],0.06324555320336754,False,True,Negative_High_Submissive,Negative_Moderate_Submissive,Negative_High_Submissive,0.8757853618324527,0.0
"My house burned down and I had to rescue my family, It was a chilly night.",afraid,"Customer :What happened? Hope you are okay?
Agent :",sad,sad,afraid,"REASONING: The situation involves a life-threatening event with no clear person to blame, triggering urgent fear and protective panic rather than anger; the need to rescue family increases arousal but reduces felt control.
VAD_Estimate: [V: -0.70, A: +0.70, D: -0.40]
EMOTION: afraid",[-0.7  0.7 -0.4],0.12041594578792289,False,True,Negative_High_Submissive,Negative_Moderate_Submissive,Negative_High_Submissive,0.8757853618324527,0.0
My husband wants to go parasailing together when we go to Mexico next month.,afraid,"Customer :That is very nice thing to do.
Agent :",joyful,joyful,afraid,"REASONING: The situation describes an upcoming inherently risky activity without any positive emotion words like ""excited"" or ""love,"" suggesting the speaker feels anxious or dread about parasailing rather than joy. This aligns with high negative arousal and low control.
VAD_Estimate: [V: -0.60, A: +0.55, D: -0.40]
EMOTION: afraid",[-0.6   0.55 -0.4 ],0.07071067811865471,False,True,Negative_High_Submissive,Positive_High_Dominant,Negative_High_Submissive,1.607109205996904,0.0
Getting my roof replaced. It's so expensive.,afraid,"Customer :It will be worth it though
Agent :",sad,sad,angry,"REASONING: The speaker is complaining about an unwanted financial burden, which reflects irritation and frustration rather than fear or sadness. The negative event has moderate activation and a slight sense of assertive annoyance, making it closest to anger.
VAD_Estimate: [V: -0.55, A: +0.45, D: +0.15]
EMOTION: angry",[-0.55  0.45  0.15],0.6058052492344383,False,False,Negative_High_Submissive,Negative_Moderate_Submissive,Negative_High_Moderate,0.8757853618324527,0.6923871749245504
Amusement park this weekend,afraid,"Customer :We're taking the kids to the amusement park and I'm scared of the coasters haha
Agent :",joyful,joyful,joyful,"REASONING: The statement points to a fun, anticipated leisure outing at an amusement park, with no explicit danger cues or negative language. This suggests positive feelings, elevated energy, and a sense of control over the plan.
VAD_Estimate: [V: +0.70, A: +0.55, D: +0.30]
EMOTION: joyful",[0.7  0.55 0.3 ],1.5267612779999364,False,False,Negative_High_Submissive,Positive_High_Dominant,Positive_High_Dominant,1.607109205996904,1.607109205996904
Once I studied really hard for a physics quiz and then I tried to set an alarm to wake up for it. Instead I slept through it and thought I was gonna get a zero on the quiz.,afraid,"Customer :oh that sucks, i guess you called in to make up a lie and make up the quiz
Agent :",sad,sad,afraid,"REASONING: The speaker suddenly realizes they slept through an important quiz after studying hard, causing panic and helplessness over a bad outcome. This is high-arousal distress with low control, matching fear/anxiety rather than anger or low-energy sadness.
VAD_Estimate: [V: -0.65, A: +0.55, D: -0.40]
EMOTION: afraid",[-0.65  0.55 -0.4 ],0.05916079783099609,False,True,Negative_High_Submissive,Negative_Moderate_Submissive,Negative_High_Submissive,0.8757853618324527,0.0
I don't think I' going to like this semester. I didnt get any of the classes I want,afraid,"Customer :I had to re-register and they were all full. I don't think I am going to do well now
Agent :",sad,sad,sad,"REASONING: The situation describes disappointment about not getting desired classes, with a resigned and passive tone rather than active frustration or fear. This reflects low pleasure, low energy, and reduced sense of control.
VAD_Estimate: [V: -0.55, A: -0.25, D: -0.35]
EMOTION: sad",[-0.55 -0.25 -0.35],0.85848704125339,False,False,Negative_High_Submissive,Negative_Moderate_Submissive,Negative_Moderate_Submissive,0.8757853618324527,0.8757853618324527
my friend was speeding down the road because he wanted to show off the new car he had just bought,afraid,"Customer :my friend was speeding because he wanted to show off his new car to me
Agent :",joyful,joyful,afraid,"REASONING: The situation describes dangerous speeding with no positive or excited language, so the speaker likely feels anxious and vulnerable as a passenger. High displeasure, high arousal, and low control over the situation point to fear.
VAD_Estimate: [V: -0.65, A: +0.60, D: -0.40]
EMOTION: afraid",[-0.65  0.6  -0.4 ],0.03162277660168377,False,True,Negative_High_Submissive,Positive_High_Dominant,Negative_High_Submissive,1.607109205996904,0.0
I don't think I' going to like this semester. I didnt get any of the classes I want,afraid,"Customer :I didn't get any of the classes I wanted for this semester
Agent :",sad,sad,sad,"REASONING: The speaker is expressing disappointment and resignation about not getting desired classes, with low energy and a sense of helplessness rather than active frustration or blame.  
VAD_Estimate: [V: -0.55, A: -0.30, D: -0.35]  
EMOTION: sad",[-0.55 -0.3  -0.35],0.9080198235721507,False,False,Negative_High_Submissive,Negative_Moderate_Submissive,Negative_Moderate_Submissive,0.8757853618324527,0.8757853618324527
The other day I found an iguana in my backyard. I hate iguanas!,afraid,"Customer :I had my husband move it away from being so close to our door... I don't like reptiles but i didnt want to throw out into the street either
Agent :",angry,angry,angry,"REASONING: The speaker explicitly states hatred toward iguanas, indicating active irritation and frustration rather than fear or sadness. The negative reaction is directed at a specific cause (the iguana) with assertive annoyance, suggesting anger.
VAD_Estimate: [V: -0.60, A: +0.50, D: +0.25]
EMOTION: angry",[-0.6   0.5   0.25],0.6884765791223402,False,False,Negative_High_Submissive,Negative_High_Moderate,Negative_High_Moderate,0.6923871749245504,0.6923871749245504
I invested in cryptocurrency last year but the market is looking pretty bad.,afraid,"Customer :Holy moly, that's a pretty big loss! I guess all we can do is wait and see.
Agent :",sad,sad,sad,"REASONING: The situation is negative because an investment is performing poorly. The tone is more passive and resigned than panicked or irritated, and the speaker has little control over the market, pointing toward sadness rather than fear or anger.  
VAD_Estimate: [V: -0.55, A: -0.15, D: -0.35]  
EMOTION: sad",[-0.55 -0.15 -0.35],0.7596051605933177,False,False,Negative_High_Submissive,Negative_Moderate_Submissive,Negative_Moderate_Submissive,0.8757853618324527,0.8757853618324527
Riding coasters this weekend,afraid,"Customer :Oh! I thought it was something bad, I hate roller coasters too!
Agent :",joyful,joyful,afraid,"REASONING: The phrase mentions an inherently intimidating activity (roller coasters) with no positive words like “excited” or “love,” so the default interpretation is anticipatory anxiety/dread rather than joy. This yields negative valence, high arousal, and low perceived control.
VAD_Estimate: [V: -0.64, A: +0.60, D: -0.43]
EMOTION: afraid",[-0.64  0.6  -0.43],0.0,False,True,Negative_High_Submissive,Positive_High_Dominant,Negative_High_Submissive,1.607109205996904,0.0
I am really not liking Mondays.,afraid,"Customer :I was fired from my job. Who does that on a Monday?
Agent :",sad,sad,angry,"REASONING: The speaker expresses active displeasure and irritation toward Mondays, which is a complaint rather than helpless sadness or fear. Negative valence, moderate arousal from frustration, and slight dominance from venting/blaming the situation point to anger.
VAD_Estimate: [V: -0.55, A: +0.45, D: +0.20]
EMOTION: angry",[-0.55  0.45  0.2 ],0.653834841531101,False,False,Negative_High_Submissive,Negative_Moderate_Submissive,Negative_High_Moderate,0.8757853618324527,0.6923871749245504
Getting my roof replaced. It's so expensive.,afraid,"Customer :Getting my roof replaced. It's so expensive
Agent :",sad,sad,angry,"REASONING: The speaker is actively complaining about the high cost, expressing irritation and frustration rather than helpless sadness. The negative experience has moderate-high arousal from annoyance and a sense of assertive complaint, aligning with anger.
VAD_Estimate: [V: -0.55, A: +0.55, D: +0.25]
EMOTION: angry",[-0.55  0.55  0.25],0.6877499545619759,False,False,Negative_High_Submissive,Negative_Moderate_Submissive,Negative_High_Moderate,0.8757853618324527,0.6923871749245504
I am cooking dinner for my boyfriend tomorrow for the first time,afraid,"Customer :Use a recipe and stick to it. If he is a good boyfriend he will appreciate your effort.
Agent :",joyful,joyful,joyful,"REASONING: The situation is a positive relationship gesture—cooking for a boyfriend—with moderate excitement and a sense of control over the meal; there is no indication of threat, loss, or irritation.
VAD_Estimate: [V: +0.70, A: +0.45, D: +0.35]
EMOTION: joyful",[0.7  0.45 0.35],1.5577226967595996,False,False,Negative_High_Submissive,Positive_High_Dominant,Positive_High_Dominant,1.607109205996904,1.607109205996904
"I used to be afraid of the dark but now I am not so much, I had a nightlight for a long time",afraid,"Customer :Did that make you feel embarassed?
Agent :",joyful,joyful,afraid,"REASONING: The speaker explicitly states they ""used to be afraid,"" so the emotion during that past experience is fear. Although they are no longer afraid now, temporal anchoring requires judging the emotion at the time of the event, not the present reflection.

VAD_Estimate: [V: -0.64, A: +0.60, D: -0.43]
EMOTION: afraid",[-0.64  0.6  -0.43],0.0,False,True,Negative_High_Submissive,Positive_High_Dominant,Negative_High_Submissive,1.607109205996904,0.0
Amusement park this weekend,afraid,"Customer :Oh haha well that'll be interesting...at least the kids will feel good that they were braver than Mommy hahaha
Agent :",joyful,joyful,afraid,"REASONING: The statement mentions an upcoming amusement park visit without any positive emotion words like “excited” or “love,” so the anticipation is interpreted as anxiety/dread rather than joy. This reflects negative valence, high arousal, and low control.

VAD_Estimate: [V: -0.64, A: +0.60, D: -0.43]

EMOTION: afraid",[-0.64  0.6  -0.43],0.0,False,True,Negative_High_Submissive,Positive_High_Dominant,Negative_High_Submissive,1.607109205996904,0.0
once upon a time i am go for the market at that time one man for very hungry because some food for provide the man .,afraid,"Customer :hi
Agent :",joyful,joyful,joyful,"REASONING: The speaker describes helping a very hungry man by providing food, which is a positive and fulfilling act. This creates pleasant feelings and a sense of personal agency/control, with moderate emotional energy.
VAD_Estimate: [V: +0.70, A: +0.40, D: +0.45]
EMOTION: joyful",[0.7  0.4  0.45],1.6155494421403511,False,False,Negative_High_Submissive,Positive_High_Dominant,Positive_High_Dominant,1.607109205996904,1.607109205996904
once upon a time i am go for the market at that time one man for very hungry because some food for provide the man .,afraid,"Customer :hai,hello
Agent :",joyful,joyful,joyful,"REASONING: The speaker describes helping a hungry man by providing food, which is a positive, compassionate act that creates a sense of warmth and fulfillment. The situation involves moderate emotional engagement and a sense of agency from being able to help someone in need.
VAD_Estimate: [V: +0.65, A: +0.35, D: +0.45]
EMOTION: joyful",[0.65 0.35 0.45],1.581455026233753,False,False,Negative_High_Submissive,Positive_High_Dominant,Positive_High_Dominant,1.607109205996904,1.607109205996904
I think my boyfriend is cheating on me,afraid,"Customer :I think my boyfriend is seeing someone else
Agent :",sad,sad,afraid,"REASONING: The speaker is expressing uncertain, anxious suspicion about betrayal, with feelings of vulnerability rather than clear outward anger or confrontation. This maps to negative valence, high arousal, and low dominance.
VAD_Estimate: [V: -0.55, A: +0.55, D: -0.40]
EMOTION: afraid",[-0.55  0.55 -0.4 ],0.10723805294763601,False,True,Negative_High_Submissive,Negative_Moderate_Submissive,Negative_High_Submissive,0.8757853618324527,0.0
when my daughter was born,afraid,"Customer :I was so afraid when my daughter was born. She came out with the cord around her neck. 
Agent :",joyful,joyful,joyful,"REASONING: The birth of one's daughter is a positive, meaningful life event, likely involving excitement and happiness; the speaker feels uplifted and empowered rather than threatened or sad, so valence is high, arousal is elevated, and dominance is moderately high.
VAD_Estimate: [V: +0.80, A: +0.55, D: +0.35]
EMOTION: joyful",[0.8  0.55 0.35],1.6384443841644427,False,False,Negative_High_Submissive,Positive_High_Dominant,Positive_High_Dominant,1.607109205996904,1.607109205996904
i hate when my friend speeds down the interstate for no reason whatsoever,afraid,"Customer :That can be dangerous.
Agent :",angry,angry,angry,"REASONING: The speaker uses the explicit word ""hate"" toward a friend's reckless behavior, indicating clear irritation and frustration with a specific person. This reflects negative valence, high arousal, and assertive/confrontational control.
VAD_Estimate: [V: -0.55, A: +0.60, D: +0.25]
EMOTION: angry",[-0.55  0.6   0.25],0.6859300255857006,False,False,Negative_High_Submissive,Negative_High_Moderate,Negative_High_Moderate,0.6923871749245504,0.6923871749245504
I am home alone this weekend. I do not like that. It gets too quiet.,afraid,"Customer :All one? I prefer to be all two in my house.
Agent :",sad,sad,sad,"REASONING: Being home alone and disliking the quiet creates a sense of loneliness and melancholy rather than active frustration or fear; low energy, passive discomfort, and low control align with sadness.
VAD_Estimate: [V: -0.50, A: -0.30, D: -0.35]
EMOTION: sad",[-0.5  -0.3  -0.35],0.9143303560529967,False,False,Negative_High_Submissive,Negative_Moderate_Submissive,Negative_Moderate_Submissive,0.8757853618324527,0.8757853618324527
Roller coaster riding next week,afraid,"Customer :Next week is going to be freaky!
Agent :",joyful,joyful,afraid,"REASONING: The situation mentions an upcoming roller coaster ride with no positive words like “excited” or “love,” so the default emotional reading is anxiety/dread. This produces negative valence, high arousal, and low dominance/control.

VAD_Estimate: [V: -0.64, A: +0.60, D: -0.43]
EMOTION: afraid",[-0.64  0.6  -0.43],0.0,False,True,Negative_High_Submissive,Positive_High_Dominant,Negative_High_Submissive,1.607109205996904,0.0
once upon a time i am go for the market at that time one man for very hungry because some food for provide the man .,afraid,"Customer :hi
Agent :",joyful,joyful,joyful,"REASONING: The speaker describes providing food to a very hungry man, an act of kindness that would create warmth, satisfaction, and a sense of doing good. This is a positive experience with moderate engagement and a sense of personal agency, aligning with joy rather than fear, anger, or sadness.  
VAD_Estimate: [V: +0.65, A: +0.35, D: +0.30]  
EMOTION: joyful",[0.65 0.35 0.3 ],1.5031633311120918,False,False,Negative_High_Submissive,Positive_High_Dominant,Positive_High_Dominant,1.607109205996904,1.607109205996904
I am really not liking Mondays.,afraid,"Customer :Yeah, they're sometimes hard starts to the week. Did anything bad happen to you this monday, or was it just slow-moving? Hopefully things pick up for you.
Agent :",angry,angry,angry,"REASONING: The statement expresses active irritation and frustration about Mondays, with a mildly assertive complaining tone rather than helplessness or dejection. This aligns with moderate negative valence, moderate arousal, and slight control, consistent with anger.
VAD_Estimate: [V: -0.55, A: +0.40, D: +0.10]
EMOTION: angry",[-0.55  0.4   0.1 ],0.5735852159879995,False,False,Negative_High_Submissive,Negative_High_Moderate,Negative_High_Moderate,0.6923871749245504,0.6923871749245504
when my mother in law fell on ice,afraid,"Customer :My mother in law came to visit for the first time and fell so hard on ice. It was scary. 
Agent :",sad,sad,afraid,"REASONING: The sudden fall of the mother-in-law on ice is an unexpected, potentially harmful event, causing immediate concern and a sense of helplessness rather than anger or joy; the situation is negative, high-arousal, and low in control.
VAD_Estimate: [V: -0.70, A: +0.55, D: -0.45]
EMOTION: afraid",[-0.7   0.55 -0.45],0.08062257748298542,False,True,Negative_High_Submissive,Negative_Moderate_Submissive,Negative_High_Submissive,0.8757853618324527,0.0
I would like to try skydiving.,afraid,"Customer :I would love that too
Agent :",joyful,joyful,joyful,"REASONING: The speaker expresses interest and positive anticipation toward an exciting activity, indicating pleasure, moderate-to-high arousal, and a sense of voluntary control over the choice.
VAD_Estimate: [V: +0.60, A: +0.50, D: +0.30]
EMOTION: joyful",[0.6 0.5 0.3],1.4423938435808716,False,False,Negative_High_Submissive,Positive_High_Dominant,Positive_High_Dominant,1.607109205996904,1.607109205996904
"I used to be terrified of approaching attractive women, let alone get their numbers...but I found out the easiest way to overcome that irrational fear is to level with them like a friend, instead of a prize to be won / objectified.",afraid,"Customer :Very
Agent :",joyful,joyful,afraid,"REASONING: The speaker explicitly describes their past emotional state as “terrified” and an “irrational fear” when approaching attractive women, indicating high displeasure, high arousal, and vulnerable low control during that experience.
VAD_Estimate: [V: -0.64, A: +0.60, D: -0.43]
EMOTION: afraid",[-0.64  0.6  -0.43],0.0,False,True,Negative_High_Submissive,Positive_High_Dominant,Negative_High_Submissive,1.607109205996904,0.0
"I finally got over my fear of heights! But before that, I had never been so scared in my life. I went sky-diving.",afraid,"Customer :I would be so scared to sky dive! How nervous were you before the jump?
Agent :",joyful,joyful,afraid,"REASONING: The speaker explicitly says they had “never been so scared,” and the event described (sky-diving) is the moment of intense fear, despite the later relief of overcoming it. During that experience, valence is strongly negative, arousal is high, and control/vulnerability is low.
VAD_Estimate: [V: -0.64, A: +0.60, D: -0.43]
EMOTION: afraid",[-0.64  0.6  -0.43],0.0,False,True,Negative_High_Submissive,Positive_High_Dominant,Negative_High_Submissive,1.607109205996904,0.0
My crush keeps hanging out with a new guy classmate a lot lately.,afraid,"Customer :Not yet. I don't want to destroy what we have if she doesn't feel the same.
Agent :",sad,sad,afraid,"REASONING: The speaker feels threatened by the possibility of losing their crush’s attention, creating negative, anxious tension with low control over the situation. This is more aligned with vulnerable insecurity/afraid than anger or sadness.
VAD_Estimate: [V: -0.55, A: +0.50, D: -0.35]
EMOTION: afraid",[-0.55  0.5  -0.35],0.15652475842498526,False,True,Negative_High_Submissive,Negative_Moderate_Submissive,Negative_High_Submissive,0.8757853618324527,0.0
The other day I found an iguana in my backyard. I hate iguanas!,afraid,"Customer :The other day I found an iguana in my backyard.... I hate iguanas! it was horrinle
Agent :",angry,angry,angry,"REASONING: The speaker expresses strong dislike toward the iguana, with irritation and active negativity rather than fear or sadness. This reflects negative valence, moderate-to-high arousal, and assertive control → anger.
VAD_Estimate: [V: -0.65, A: +0.60, D: +0.30]
EMOTION: angry",[-0.65  0.6   0.3 ],0.7300684899377592,False,False,Negative_High_Submissive,Negative_High_Moderate,Negative_High_Moderate,0.6923871749245504,0.6923871749245504
My boyfriend cheated on me while I was away visiting family.,angry,"Customer :No, we are working on sorting things out but I am still very hurt.
Agent :",sad,sad,angry,"REASONING: The speaker experiences betrayal and hurt caused by a specific person (her boyfriend), which triggers active frustration, blame, and irritation rather than helplessness or withdrawal. This points to high displeasure, high arousal, and assertive control.

VAD_Estimate: [V: -0.65, A: +0.60, D: +0.25]
EMOTION: angry",[-0.65  0.6   0.25],0.14035668847618202,False,True,Negative_High_Moderate,Negative_Moderate_Submissive,Negative_High_Moderate,1.044222198576529,0.0
i went out with a couple friends to a local bar and we were having a great time. then my friend said he was going to step out and do some drugs and i knew my friend for years and i told him no just stay and party with us but he declined and i started yelling at him and he punched me. i felt like he chose the drugs over our friendship,angry,"Customer :I think you have a right to be mad over that. 
Agent :",sad,sad,angry,"REASONING: The speaker describes an interpersonal conflict caused by a specific friend, and their active yelling and sense of betrayal signal high-arousal irritation and blame rather than helpless fear or passive sadness. Valence is negative, arousal is high, and dominance reflects assertive confrontation, though slightly tempered by being punched.
VAD_Estimate: [V: -0.55, A: +0.65, D: +0.20]
EMOTION: angry",[-0.55  0.65  0.2 ],0.08774964387392127,False,True,Negative_High_Moderate,Negative_Moderate_Submissive,Negative_High_Moderate,1.044222198576529,0.0
Someone broke into my home right after I moved in and I felt this way after it happened.,angry,"Customer :We had someone break into our hom.
Agent :",afraid,afraid,afraid,"REASONING: A home break-in is a violation of personal safety, especially right after moving in, likely leaving the speaker feeling vulnerable, unsafe, and on edge rather than assertive or confrontational. This points to high displeasure, high arousal, and low dominance/control.
VAD_Estimate: [V: -0.70, A: +0.60, D: -0.50]
EMOTION: afraid",[-0.7  0.6 -0.5],0.7737570678190927,False,False,Negative_High_Moderate,Negative_High_Submissive,Negative_High_Submissive,0.6923871749245504,0.6923871749245504
My daughters's boy friend got drunk and started a fight with my husband. We had to call the police.,angry,"Customer :My daughter's boyfriend got drunk and attacked my husband.
Agent :",afraid,afraid,angry,"REASONING: The event is negative and caused by a specific person—the daughter’s boyfriend—who started a fight, prompting the family to take protective action by calling the police. This points to high displeasure, high arousal, and assertive frustration rather than helplessness.
VAD_Estimate: [V: -0.55, A: +0.60, D: +0.20]
EMOTION: angry",[-0.55  0.6   0.2 ],0.06480740698407862,False,True,Negative_High_Moderate,Negative_High_Submissive,Negative_High_Moderate,0.6923871749245504,0.0
I lost my car keys at a bar last night.,angry,"Customer :Yeah, it was super exciting.... and I wasn't calling my mom (she has an extra key) to come unlock my house at 3am either. so I 'slept' on back porch.
Agent :",sad,sad,angry,"REASONING: The lost keys are an annoying, frustrating inconvenience rather than a personal threat or deep loss; this creates negative valence, irritable moderately high arousal, and a problem-focused frustration rather than helplessness.
VAD_Estimate: [V: -0.55, A: +0.55, D: +0.20]
EMOTION: angry",[-0.55  0.55  0.2 ],0.07549834435270747,False,True,Negative_High_Moderate,Negative_Moderate_Submissive,Negative_High_Moderate,1.044222198576529,0.0
i was upset when i was told i couldnt go home on time,angry,"Customer :i was upset when i was told i couldnt go home on time
Agent :",sad,sad,angry,"REASONING: The speaker is reacting to an externally imposed restriction with frustration and irritation, not fear or passive sadness. The clear external source of the denial supports anger.
VAD_Estimate: [V: -0.55, A: +0.50, D: +0.20]
EMOTION: angry",[-0.55  0.5   0.2 ],0.1104536101718726,False,True,Negative_High_Moderate,Negative_Moderate_Submissive,Negative_High_Moderate,1.044222198576529,0.0
someone almost crashed into me,angry,"Customer :someone almost crashed into me today
Agent :",afraid,afraid,afraid,"REASONING: A near-collision is a sudden, life-threatening event where the speaker has little control; the immediate reaction is startled helplessness and danger-based fear rather than reflective blame or confrontation.
VAD_Estimate: [V: -0.65, A: +0.70, D: -0.45]
EMOTION: afraid",[-0.65  0.7  -0.45],0.722288031189774,False,False,Negative_High_Moderate,Negative_High_Submissive,Negative_High_Submissive,0.6923871749245504,0.6923871749245504
I am upset the baseball game got canceled.,angry,"Customer :Yes, it was to see who made the playoffs.
Agent :",sad,sad,sad,"REASONING: The cancellation of the baseball game is a negative, uncontrollable event causing disappointment and a sense of deflation. There is no specific person to blame, and the reaction is low-energy displeasure rather than active frustration, aligning with sadness.
VAD_Estimate: [V: -0.60, A: -0.20, D: -0.35]
EMOTION: sad",[-0.6  -0.2  -0.35],0.9960923651951159,False,False,Negative_High_Moderate,Negative_Moderate_Submissive,Negative_Moderate_Submissive,1.044222198576529,1.044222198576529
My daughters's boy friend got drunk and started a fight with my husband. We had to call the police.,angry,"Customer :my goodness i feel terrible
Agent :",afraid,afraid,angry,"REASONING: The situation involves a specific person causing a dangerous interpersonal conflict, which triggers protective frustration and blame rather than ambiguous threat. This yields negative valence, high arousal, and moderate assertive control from wanting to hold the boyfriend accountable.
VAD_Estimate: [V: -0.65, A: +0.60, D: +0.20]
EMOTION: angry",[-0.65  0.6   0.2 ],0.1489966442575134,False,True,Negative_High_Moderate,Negative_High_Submissive,Negative_High_Moderate,0.6923871749245504,0.0
A few weeks ago my 3 year old broke my favorite eyeshadows.,angry,"Customer :Ugh so a few weeks ago my 3 year old broke my favorite eyeshadows.
Agent :",sad,sad,angry,"REASONING: The event involves a specific cause—the child breaking a valued possession—triggering frustration and irritation rather than helpless fear or passive sadness. The negative reaction is active and somewhat assertive, fitting anger.
VAD_Estimate: [V: -0.55, A: +0.55, D: +0.25]
EMOTION: angry",[-0.55  0.55  0.25],0.056568542494923775,False,True,Negative_High_Moderate,Negative_Moderate_Submissive,Negative_High_Moderate,1.044222198576529,0.0
I was so upset when Michael Jackson died.,angry,"Customer :It was really sad. He was a really good artist.
Agent :",sad,sad,sad,"REASONING: The death of Michael Jackson is a loss that evokes grief and sorrow. The explicit word “upset” signals negative emotion, and the context points to sadness/dejection rather than anger or fear, with low energy and low control.
VAD_Estimate: [V: -0.65, A: -0.30, D: -0.35]
EMOTION: sad",[-0.65 -0.3  -0.35],1.082450922675019,False,False,Negative_High_Moderate,Negative_Moderate_Submissive,Negative_Moderate_Submissive,1.044222198576529,1.044222198576529
I was so upset when Michael Jackson died.,angry,"Customer :Yes, I saw him in concert once.
Agent :",sad,sad,sad,"REASONING: The explicit emotion word “upset” indicates distress, and the context of Michael Jackson’s death points to grief and loss rather than anger or fear. This is a negatively valenced, low-energy, vulnerable/dejected state.

VAD_Estimate: [V: -0.55, A: -0.25, D: -0.35]

EMOTION: sad",[-0.55 -0.25 -0.35],1.0330537256115966,False,False,Negative_High_Moderate,Negative_Moderate_Submissive,Negative_Moderate_Submissive,1.044222198576529,1.044222198576529
My father promised to buy me a car when I graduate from university. He never did.,angry,"Customer :I was very angry and disappointed. I was dream to have a care.
Agent :",sad,sad,angry,"REASONING: The situation involves a broken promise by a specific person (the father), which triggers frustration and blame rather than helplessness or grief. This fits high displeasure, moderate-to-high arousal, and assertive control.
VAD_Estimate: [V: -0.55, A: +0.55, D: +0.25]
EMOTION: angry",[-0.55  0.55  0.25],0.056568542494923775,False,True,Negative_High_Moderate,Negative_Moderate_Submissive,Negative_High_Moderate,1.044222198576529,0.0
I recently discovered that my wife of 15 years is cheating on me.  She has been seeing my best friend of 20 years.  I am devastated.,angry,"Customer :Wow sounds like what i just seen on the news in NC... im so sorry !! 
Agent :",sad,sad,sad,"REASONING: The speaker explicitly states “I am devastated,” which is a clear emotion word indicating deep sorrow and loss rather than anger. The betrayal causes strongly negative valence, low-to-moderate arousal with dejection, and low dominance/vulnerability.
VAD_Estimate: [V: -0.70, A: -0.20, D: -0.35]
EMOTION: sad",[-0.7  -0.2  -0.35],1.0100495037373167,False,False,Negative_High_Moderate,Negative_Moderate_Submissive,Negative_Moderate_Submissive,1.044222198576529,1.044222198576529
"A bit upset I was up all night again, not my dogs fault so much as she is just a new momma.",angry,"Customer :aweee you got puppies? i barely sleep so i feel you
Agent :",sad,sad,sad,"REASONING: Negative event (sleep loss) with no blame or threat; expressed mildly and tiredly, with low energy and low sense of control, matching dejection/resignation rather than anger or fear.  
VAD_Estimate: [V: -0.50, A: -0.20, D: -0.30]  
EMOTION: sad",[-0.5 -0.2 -0.3],0.9626525853079085,False,False,Negative_High_Moderate,Negative_Moderate_Submissive,Negative_Moderate_Submissive,1.044222198576529,1.044222198576529
I lost my car keys at a bar last night.,angry,"Customer :Oh man! Are they car keys as well?
Agent :",sad,sad,angry,"REASONING: Losing car keys is a frustrating, inconvenient negative event, not a life-threatening or ambiguous peril. The tone suggests irritation and blame toward the situation rather than helplessness or sadness, so moderate negative valence with elevated arousal and some sense of assertive frustration.

VAD_Estimate: [V: -0.55, A: +0.50, D: +0.10]
EMOTION: angry",[-0.55  0.5   0.1 ],0.1794435844492636,False,True,Negative_High_Moderate,Negative_Moderate_Submissive,Negative_High_Moderate,1.044222198576529,0.0
why is it that bad things always happen to me!,angry,"Customer :I just wish for once I could get ahead in life!
Agent :",sad,sad,sad,"REASONING: The speaker laments repeated misfortune, expressing helplessness and resignation rather than a targeted blame or threatening fear. This yields negative valence, low arousal, and low dominance/control.
VAD_Estimate: [V: -0.65, A: -0.20, D: -0.40]
EMOTION: sad",[-0.65 -0.2  -0.4 ],1.0325696102442683,False,False,Negative_High_Moderate,Negative_Moderate_Submissive,Negative_Moderate_Submissive,1.044222198576529,1.044222198576529
I didn't like when I found out my mom threw away my old Nintendo.,angry,"Customer :Did you dig it out of the trash?
Agent :",sad,sad,angry,"REASONING: The speaker is frustrated by a specific person’s action (mom throwing away the Nintendo), which triggers irritation and blame rather than helplessness or sadness. This fits high displeasure, moderate-to-high arousal, and assertive control.
VAD_Estimate: [V: -0.55, A: +0.55, D: +0.20]
EMOTION: angry",[-0.55  0.55  0.2 ],0.07549834435270747,False,True,Negative_High_Moderate,Negative_Moderate_Submissive,Negative_High_Moderate,1.044222198576529,0.0
my rent increased,angry,"Customer :another 95 dollars. it has went up 3 times in 6 months. 
Agent :",sad,sad,sad,"REASONING: The statement frames the rent increase as a negative, impersonal event with no clear target for blame or active frustration, and the speaker sounds passive and lacking control over the situation. This suggests low-to-moderate negative valence, subdued arousal, and low dominance, which aligns closest with sadness rather than anger or fear.
VAD_Estimate: [V: -0.55, A: -0.20, D: -0.35]
EMOTION: sad",[-0.55 -0.2  -0.35],0.9928242543370907,False,False,Negative_High_Moderate,Negative_Moderate_Submissive,Negative_Moderate_Submissive,1.044222198576529,1.044222198576529
Asked a relative to care for our pet while we were gone and the dog ended up missing.,angry,"Customer :Asked a relative to care for our pet while we were gone and the dog ended up missing.
Agent :",sad,sad,angry,"REASONING: The situation involves a specific relative being responsible for the pet, so the dog going missing creates clear blame, frustration, and irritation rather than helpless fear or passive sadness. This is a negative, high-arousal state with assertive blame directed at the caretaker.
VAD_Estimate: [V: -0.65, A: +0.60, D: +0.25]
EMOTION: angry",[-0.65  0.6   0.25],0.14035668847618202,False,True,Negative_High_Moderate,Negative_Moderate_Submissive,Negative_High_Moderate,1.044222198576529,0.0
I caught my wife cheating on me last week. She's apparently decided she likes other women now. I really don't know what to do!,angry,"Customer :She shouldnt have done that without asking you. But maybe there is an opportunity here for you...
Agent :",sad,sad,sad,"REASONING: The situation involves betrayal and loss of trust, producing strong displeasure and a sense of helplessness and uncertainty rather than active blame or confrontation. The speaker's ""I really don't know what to do!"" signals low dominance and dejection, consistent with sadness.
VAD_Estimate: [V: -0.62, A: -0.25, D: -0.40]
EMOTION: sad",[-0.62 -0.25 -0.4 ],1.067801479676817,False,False,Negative_High_Moderate,Negative_Moderate_Submissive,Negative_Moderate_Submissive,1.044222198576529,1.044222198576529
I crashed my dirtbike on a gravel road. Scratched my knee up real badly and had to go home for a ride with the police.,angry,"Customer :Very thankful that it wasn't worse.
Agent :",sad,sad,afraid,"REASONING: The situation involves a sudden crash, physical injury, and resulting vulnerability, with no clear agent to blame and a need for help from police. This creates negative valence, moderately high arousal, and low dominance/helplessness, aligning closest with fear.
VAD_Estimate: [V: -0.65, A: +0.50, D: -0.40]
EMOTION: afraid",[-0.65  0.5  -0.4 ],0.6709694478886502,False,False,Negative_High_Moderate,Negative_Moderate_Submissive,Negative_High_Submissive,1.044222198576529,0.6923871749245504
I wsa really upse when I found out my co-worker was fired,angry,"Customer :I was really upse when I found out my co-worker was fired
Agent :",sad,sad,sad,"REASONING: The explicit word “upset” signals negative feelings, and learning that a co-worker was fired is a loss-related, non-threatening event with no clear target to blame, pointing more to sadness than anger or fear. Arousal is moderate-low distress, and dominance is low because the speaker has no control over the situation.
VAD_Estimate: [V: -0.60, A: -0.20, D: -0.35]
EMOTION: sad",[-0.6  -0.2  -0.35],0.9960923651951159,False,False,Negative_High_Moderate,Negative_Moderate_Submissive,Negative_Moderate_Submissive,1.044222198576529,1.044222198576529
Some sad individual could be calmed down by a sweet word,angry,"Customer :Sweet words like what?
Agent :",sad,sad,sad,"REASONING: The text explicitly labels the person as “sad,” indicating a state of unhappiness and low mood. The calming effect of a sweet word suggests low arousal and passive vulnerability, consistent with sadness.

VAD_Estimate: [V: -0.63, A: -0.27, D: -0.33]

EMOTION: sad",[-0.63 -0.27 -0.33],1.044222198576529,False,False,Negative_High_Moderate,Negative_Moderate_Submissive,Negative_Moderate_Submissive,1.044222198576529,1.044222198576529
I found out my group of friends went to the beach last weekend and did not invite me for some reason. I don't really know why though?,angry,"Customer :I found out my group of friends went to the beach last weekend and did not invite me for some reason. I don't really know why though?
Agent :",sad,sad,sad,"REASONING: Being left out by one’s friend group is a painful social rejection with no clear explanation, leading to hurt and dejection rather than anger or fear. The tone is passive and confused, reflecting low energy and low control.
VAD_Estimate: [V: -0.60, A: -0.30, D: -0.40]
EMOTION: sad",[-0.6 -0.3 -0.4],1.1057576588023255,False,False,Negative_High_Moderate,Negative_Moderate_Submissive,Negative_Moderate_Submissive,1.044222198576529,1.044222198576529
My husband gets cranky when he gets woken up and takes it out on me.,angry,"Customer :I think he should exercise more self-restraint when it comes to your relationship
Agent :",sad,sad,angry,"REASONING: The speaker describes being the target of her husband’s crankiness, which is a specific interpersonal grievance causing irritation and frustration rather than fear or passive sadness. The negative event has moderate arousal from annoyance and a slightly assertive tone because she is blaming him.

VAD_Estimate: [V: -0.55, A: +0.45, D: +0.20]
EMOTION: angry",[-0.55  0.45  0.2 ],0.1539480431834065,False,True,Negative_High_Moderate,Negative_Moderate_Submissive,Negative_High_Moderate,1.044222198576529,0.0
My oldest daughter had a hard time in school.  She struggled with friends that were not true friends.,angry,"Customer :I am sorry, kids can be mean
Agent :",sad,sad,sad,"REASONING: The situation is clearly unpleasant and disheartening, reflecting concern and emotional pain over a child’s social struggles and betrayal by false friends. The tone is reflective and low-energy rather than confrontational, so sadness fits better than anger.
VAD_Estimate: [V: -0.65, A: -0.25, D: -0.35]
EMOTION: sad",[-0.65 -0.25 -0.35],1.0417293314484333,False,False,Negative_High_Moderate,Negative_Moderate_Submissive,Negative_Moderate_Submissive,1.044222198576529,1.044222198576529
I am upset that England lost in the World Cup.,angry,"Customer :I am upset England lost in the World Cup.
Agent :",sad,sad,sad,"REASONING: The explicit emotion word “upset” signals displeasure, and the context of England losing is a disappointment rather than a threat or anger toward a specific blameworthy person. This reflects low-to-moderate arousal and low dominance, aligning most closely with sadness.
VAD_Estimate: [V: -0.55, A: -0.15, D: -0.35]
EMOTION: sad",[-0.55 -0.15 -0.35],0.9535197952848173,False,False,Negative_High_Moderate,Negative_Moderate_Submissive,Negative_Moderate_Submissive,1.044222198576529,1.044222198576529
"One of our friends got a call from the school that her 11 year old wasn't at school, and it turned out to be a mistake. Glad, but upset at the false alarm.",angry,"Customer :Yeah, it really scared us for a little bit.
Agent :",joyful,joyful,angry,"REASONING: The relief that the child is safe is outweighed by the explicit “upset” at the school’s false alarm, which signals irritation and frustration directed at a specific source. This produces negative valence, moderately high arousal, and assertive blame.
VAD_Estimate: [V: -0.40, A: +0.55, D: +0.30]
EMOTION: angry",[-0.4   0.55  0.3 ],0.12727922061357852,False,True,Negative_High_Moderate,Positive_High_Dominant,Negative_High_Moderate,1.2786711852544421,0.0
I steam cleaned my antique rugs last night but because they are so old they have ta horrible smell. I wish I would have just left them dirty.,angry,"Customer :Well I figured that out. I cleaned mine last night. They are clean but now they smell horrible!
Agent :",sad,sad,sad,"REASONING: The speaker regrets steam cleaning their antique rugs because it caused a horrible smell, leading to disappointment and self-directed frustration. This is a low-energy, resigned negative reaction to an unfortunate outcome rather than anger or fear, matching sadness.
VAD_Estimate: [V: -0.55, A: -0.25, D: -0.35]
EMOTION: sad",[-0.55 -0.25 -0.35],1.0330537256115966,False,False,Negative_High_Moderate,Negative_Moderate_Submissive,Negative_Moderate_Submissive,1.044222198576529,1.044222198576529
I spilled soda on my laptop.,angry,"Customer :I spilled soda on my laptop.
Agent :",sad,sad,angry,"REASONING: Spilling soda on a laptop is a negative, frustrating accident that triggers immediate irritation and high arousal. Since the harm is to property rather than personal safety and the reaction is active annoyance, this fits anger more than fear or sadness.
VAD_Estimate: [V: -0.55, A: +0.60, D: +0.20]
EMOTION: angry",[-0.55  0.6   0.2 ],0.06480740698407862,False,True,Negative_High_Moderate,Negative_Moderate_Submissive,Negative_High_Moderate,1.044222198576529,0.0
"A bit upset I was up all night again, not my dogs fault so much as she is just a new momma.",angry,"Customer :Just one, abused dog and she had one 2 weeks after I got her. I was planning on getting her fixed soon- so it's good we found out ahead of time. Yes she is quite neurotic about it. So it's alot. I hear you..I don't sleep much anyway sometimes so not always the biggest deal
Agent :",sad,sad,sad,"REASONING: The speaker is mildly upset from exhaustion and a sleepless night, with no threat or blame directed at the dog; the tone is more resigned and de-energized than confrontational. This aligns with negative valence, low arousal, and low dominance/helplessness.
VAD_Estimate: [V: -0.55, A: -0.30, D: -0.40]
EMOTION: sad",[-0.55 -0.3  -0.4 ],1.1028145809699834,False,False,Negative_High_Moderate,Negative_Moderate_Submissive,Negative_Moderate_Submissive,1.044222198576529,1.044222198576529
it upset me when i couldnt leave work on time,angry,"Customer :Aww, did you miss your plans?
Agent :",sad,sad,angry,"REASONING: The word “upset” signals clear negative displeasure about being unable to leave work on time, driven by irritation and frustration rather than helplessness or grief. This active annoyance suggests moderately high arousal and assertive irritation, which aligns closest with anger.
VAD_Estimate: [V: -0.55, A: +0.55, D: +0.20]
EMOTION: angry",[-0.55  0.55  0.2 ],0.07549834435270747,False,True,Negative_High_Moderate,Negative_Moderate_Submissive,Negative_High_Moderate,1.044222198576529,0.0
My dishwasher leaked and we had to have our whole kitchen and living redone due to the damages.,angry,"Customer :Man, that really stinks.  Did insurance pay to repair your floor and cupboards?
Agent :",sad,sad,angry,"REASONING: The situation is unpleasant and frustrating due to property damage and forced renovation, involving irritation and complaint rather than helplessness or fear. Moderate-to-high arousal and a mildly assertive sense of annoyance point toward anger.
VAD_Estimate: [V: -0.55, A: +0.55, D: +0.10]
EMOTION: angry",[-0.55  0.55  0.1 ],0.16031219541881397,False,True,Negative_High_Moderate,Negative_Moderate_Submissive,Negative_High_Moderate,1.044222198576529,0.0
I decided to grill a steak tonight for dinner.  I got distracted and it got burned.,angry,"Customer :That sounds really great and delicious! 
Agent :",sad,sad,angry,"REASONING: Burning the steak is a frustrating, self-caused mistake that triggers irritation and annoyance rather than sadness or fear, with moderate activation and some sense of control.
VAD_Estimate: [V: -0.45, A: +0.50, D: +0.20]
EMOTION: angry",[-0.45  0.5   0.2 ],0.11916375287812983,False,True,Negative_High_Moderate,Negative_Moderate_Submissive,Negative_High_Moderate,1.044222198576529,0.0
i got the wrong item,angry,"Customer :i ordered a limited editon tshirt from my favorite band and they sent the wrong size
Agent :",sad,sad,angry,"REASONING: Receiving the wrong item is an annoying, unmet expectation that typically triggers frustration and irritation, not fear or passive sadness. Valence is negative, arousal is moderately elevated, and the speaker is likely to feel assertive about the complaint.
VAD_Estimate: [V: -0.55, A: +0.50, D: +0.20]
EMOTION: angry",[-0.55  0.5   0.2 ],0.1104536101718726,False,True,Negative_High_Moderate,Negative_Moderate_Submissive,Negative_High_Moderate,1.044222198576529,0.0
I dropped my laptop and broke it.,angry,"Customer :Yikes, how much will it cost to replace?
Agent :",sad,sad,angry,"REASONING: The accidental damage is unpleasant and frustrating, creating irritation and moderate arousal rather than passive grief or fear. The reaction is active annoyance about the broken laptop, aligning with anger.
VAD_Estimate: [V: -0.55, A: +0.55, D: +0.15]
EMOTION: angry",[-0.55  0.55  0.15],0.11489125293076058,False,True,Negative_High_Moderate,Negative_Moderate_Submissive,Negative_High_Moderate,1.044222198576529,0.0
"I took this girl on a really nice date and then she said that it went well. Then, out of the blue, she dumped me and said she wasn't ready.",angry,"Customer :It really sucked since I took this girl on a date and she told me it went really well. Well apparently not since she dumped me after.
Agent :",sad,sad,sad,"REASONING: The event is an unexpected romantic rejection, causing feelings of disappointment, hurt, and loss rather than active anger or fear. This is low-energy emotional pain with a sense of powerlessness over the outcome.
VAD_Estimate: [V: -0.65, A: -0.30, D: -0.35]
EMOTION: sad",[-0.65 -0.3  -0.35],1.082450922675019,False,False,Negative_High_Moderate,Negative_Moderate_Submissive,Negative_Moderate_Submissive,1.044222198576529,1.044222198576529
I was upset when my dog ran away,angry,"Customer :No i did not
Agent :",sad,sad,afraid,"REASONING: The explicit word “upset” signals clear negative feelings, but losing a dog typically involves worry, helplessness, and concern for the dog’s safety during the event, rather than anger or joy. This suggests negative valence, moderate arousal, and low dominance/control, aligning closest with fear.
VAD_Estimate: [V: -0.65, A: +0.40, D: -0.35]
EMOTION: afraid",[-0.65  0.4  -0.35],0.6447480127925947,False,False,Negative_High_Moderate,Negative_Moderate_Submissive,Negative_High_Submissive,1.044222198576529,0.6923871749245504
"I wanted to take friday off but, I'm unable too.",angry,"Customer :Fishing
Agent :",sad,sad,sad,"REASONING: The speaker expresses disappointment and helplessness about being unable to take Friday off, with no clear target for blame or high-energy frustration. This reflects negative valence, low arousal, and low dominance, consistent with sadness.
VAD_Estimate: [V: -0.55, A: -0.25, D: -0.40]
EMOTION: sad",[-0.55 -0.25 -0.4 ],1.0628734637763801,False,False,Negative_High_Moderate,Negative_Moderate_Submissive,Negative_Moderate_Submissive,1.044222198576529,1.044222198576529
I lost my favorite jacket and I can't find it. It was quite expensive and not easily replaced,angry,"Customer :I did try to retrace my steps, but I never found it. It's quite expensive, so it's not easily replaced
Agent :",sad,sad,sad,"REASONING: The loss of a valuable and irreplaceable possession is unpleasant, with a low-energy feeling of regret and helplessness rather than anger or fear. This aligns with sadness — high displeasure, low arousal, and low control.
VAD_Estimate: [V: -0.60, A: -0.25, D: -0.35]
EMOTION: sad",[-0.6  -0.25 -0.35],1.0361949623502325,False,False,Negative_High_Moderate,Negative_Moderate_Submissive,Negative_Moderate_Submissive,1.044222198576529,1.044222198576529
I'm a bit upset today that the man who has lived here for a couple years has this house falling down around him and isn't fixing anything. He knows how to fix things and has such talents but doesn't use them here.,angry,"Customer :I'm a bit upset today that the man who has lived here for a couple years has this house falling down around him and isn't fixing anything. 
Agent :",sad,sad,angry,"REASONING: The explicit word ""upset"" indicates displeasure, and the criticism is directed at a specific person who is failing to fix the house, reflecting irritation and blame rather than sadness or fear. This is a low-to-moderate arousal frustration with a slight sense of assertive judgment.
VAD_Estimate: [V: -0.45, A: +0.30, D: +0.10]
EMOTION: angry",[-0.45  0.3   0.1 ],0.3319638534539566,False,True,Negative_High_Moderate,Negative_Moderate_Submissive,Negative_High_Moderate,1.044222198576529,0.0
i went out with a couple friends to a local bar and we were having a great time. then my friend said he was going to step out and do some drugs and i knew my friend for years and i told him no just stay and party with us but he declined and i started yelling at him and he punched me. i felt like he chose the drugs over our friendship,angry,"Customer :yeah but there is always a time and a place and if i invite my bestfriend to have a good night and he decides to do his own thing it annoys me, as i hate seeing him like that and after that i felt the night was just ruined. 
Agent :",sad,sad,angry,"REASONING: The speaker actively confronted and yelled at their friend, blaming him for choosing drugs over their friendship, which reflects frustrated, high-energy anger, not helpless fear or passive grief. The event is clearly negative, with elevated arousal and some sense of assertiveness in confronting the friend.

VAD_Estimate: [V: -0.58, A: +0.60, D: +0.25]

EMOTION: angry",[-0.58  0.6   0.25],0.07071067811865471,False,True,Negative_High_Moderate,Negative_Moderate_Submissive,Negative_High_Moderate,1.044222198576529,0.0
Why won't I get made at you?,angry,"Customer :Well ,you played hard! But did you work hard?
Agent :",joyful,joyful,angry,"REASONING: The speaker uses the explicit emotion word “mad” (spelled “made”), signaling anger. Anger is characterized by negative valence, high arousal, and assertive control.

VAD_Estimate: [V: -0.51, A: +0.59, D: +0.25]

EMOTION: angry",[-0.51  0.59  0.25],0.0,False,True,Negative_High_Moderate,Positive_High_Dominant,Negative_High_Moderate,1.2786711852544421,0.0
"I used to be afraid of the dark but now I am not so much, I had a nightlight for a long time",angry,"Customer :why did he do that
Agent :",joyful,joyful,afraid,"REASONING: The speaker explicitly says they “used to be afraid,” so the emotion during the described past experience is fear, even though they feel differently now. This matches high displeasure, high arousal, and low control/vulnerability.
VAD_Estimate: [V: -0.64, A: +0.60, D: -0.43]
EMOTION: afraid",[-0.64  0.6  -0.43],0.6923871749245504,False,False,Negative_High_Moderate,Positive_High_Dominant,Negative_High_Submissive,1.2786711852544421,0.6923871749245504
I lost my car keys at a bar last night.,angry,"Customer :Yep.  and it gets worse.   Apparently sometimes people will steal keys,  then come back and steal your car after you leave, according to the bar tenders.  So I got my truck towed home.  And... no house keys.. 
Agent :",sad,sad,angry,"REASONING: Losing car keys is a frustrating, inconvenient event that triggers irritation and self-directed blame rather than helplessness or deep sadness. The negative valence is paired with moderate arousal and a sense of frustrated control, aligning with anger.

VAD_Estimate: [V: -0.55, A: +0.45, D: +0.10]
EMOTION: angry",[-0.55  0.45  0.1 ],0.2090454496036687,False,True,Negative_High_Moderate,Negative_Moderate_Submissive,Negative_High_Moderate,1.044222198576529,0.0
I watched a scary movie lasy. I had so many nightmares.,angry,"Customer :lol sounds terrible! 
Agent :",afraid,afraid,afraid,"REASONING: Watching a scary movie and experiencing nightmares involves threatening, uncontrollable imagery during sleep, leading to high distress, heightened arousal, and a sense of helplessness/vulnerability rather than anger or joy.
VAD_Estimate: [V: -0.70, A: +0.60, D: -0.45]
EMOTION: afraid",[-0.7   0.6  -0.45],0.7253964433328853,False,False,Negative_High_Moderate,Negative_High_Submissive,Negative_High_Submissive,0.6923871749245504,0.6923871749245504
I found out my group of friends went to the beach last weekend and did not invite me for some reason. I don't really know why though?,angry,"Customer :I dont know how to, Im not really a confrontational person. What do you suggest?
Agent :",sad,sad,sad,"REASONING: Being excluded by friends is a painful social rejection, and the uncertainty about why creates passive dejection rather than active frustration or fear. The tone is low-energy and vulnerable, with little sense of control.
VAD_Estimate: [V: -0.65, A: -0.25, D: -0.40]
EMOTION: sad",[-0.65 -0.25 -0.4 ],1.0713076122197582,False,False,Negative_High_Moderate,Negative_Moderate_Submissive,Negative_Moderate_Submissive,1.044222198576529,1.044222198576529
I was expecting our anniversary avidly. But on the day my betterhalf had work in her native place. So she went and I was alone here. Also in mind pressure she forget to wish me.,angry,"Customer :My wife forgot to wish me on our anniversary.
Agent :",sad,sad,sad,"REASONING: The anniversary expectation turned into disappointment and loneliness because the partner was absent and forgot to wish, leading to passive, low-energy dejection rather than active blame. This aligns with low valence, low arousal, and low dominance.
VAD_Estimate: [V: -0.60, A: -0.25, D: -0.35]
EMOTION: sad",[-0.6  -0.25 -0.35],1.0361949623502325,False,False,Negative_High_Moderate,Negative_Moderate_Submissive,Negative_Moderate_Submissive,1.044222198576529,1.044222198576529
I never thought my ex and I would break up for good. I think we are really done now.,angry,"Customer :Maybe a good thing. We break up so much lol
Agent :",sad,sad,sad,"REASONING: The speaker expresses disappointment and a sense of finality about the relationship ending, with a resigned, low-energy tone rather than anger or fear. This points to sadness with negative valence, low arousal, and low dominance.
VAD_Estimate: [V: -0.62, A: -0.30, D: -0.35]
EMOTION: sad",[-0.62 -0.3  -0.35],1.0789810007595129,False,False,Negative_High_Moderate,Negative_Moderate_Submissive,Negative_Moderate_Submissive,1.044222198576529,1.044222198576529
I recently discovered that my wife of 15 years is cheating on me.  She has been seeing my best friend of 20 years.  I am devastated.,angry,"Customer :Thank you for the sentiment.  I have a great support system to help me through this.
Agent :",sad,sad,sad,"REASONING: The explicit emotion word “devastated” signals intense grief and emotional pain over betrayal and loss, with strongly negative valence and low dominance due to helplessness; arousal may be elevated distress but the dominant tone is sorrowful dejection, not anger or fear.
VAD_Estimate: [V: -0.70, A: -0.20, D: -0.40]
EMOTION: sad",[-0.7 -0.2 -0.4],1.0405287117614777,False,False,Negative_High_Moderate,Negative_Moderate_Submissive,Negative_Moderate_Submissive,1.044222198576529,1.044222198576529
I crashed my dirtbike on a gravel road. Scratched my knee up real badly and had to go home for a ride with the police.,angry,"Customer :Oh dear, sounds like a serious accident. I'm glad you are okay! Could have been terrible. 
Agent :",sad,sad,afraid,"REASONING: The crash and injury are unpleasant and involve a sudden loss of control, creating high arousal and vulnerability. There is no clear target to blame, and the situation is more about being harmed and dependent than assertive frustration, so it aligns best with fear.
VAD_Estimate: [V: -0.60, A: +0.55, D: -0.45]
EMOTION: afraid",[-0.6   0.55 -0.45],0.7068946173228369,False,False,Negative_High_Moderate,Negative_Moderate_Submissive,Negative_High_Submissive,1.044222198576529,0.6923871749245504
I took my daughter shopping for school clothes and she didn't like anything in any store. We bought nothing,angry,"Customer :Did they grow out of last years?
Agent :",sad,sad,angry,"REASONING: The repeated failed shopping trip is a frustrating, irritating experience, not a joyful one or a life-threatening fear. The negativity is paired with rising irritation and some outward focus, making it closer to anger than passive sadness.
VAD_Estimate: [V: -0.55, A: +0.65, D: +0.20]
EMOTION: angry",[-0.55  0.65  0.2 ],0.08774964387392127,False,True,Negative_High_Moderate,Negative_Moderate_Submissive,Negative_High_Moderate,1.044222198576529,0.0
I crashed my dirtbike on a gravel road. Scratched my knee up real badly and had to go home for a ride with the police.,angry,"Customer :Oh no! did you hurt yourself?
Agent :",sad,sad,afraid,"REASONING: The crash and injury are clearly negative and physically painful, involving sudden high arousal/adrenaline; the speaker is left vulnerable and dependent on police for help home, indicating low dominance.
VAD_Estimate: [V: -0.65, A: +0.55, D: -0.40]
EMOTION: afraid",[-0.65  0.55 -0.4 ],0.6661080993352355,False,False,Negative_High_Moderate,Negative_Moderate_Submissive,Negative_High_Submissive,1.044222198576529,0.6923871749245504
I came back last week at home and I found that my girlfriend left me. She took with her some of my stuff,angry,"Customer :I call her many times to get my stuff back. She doesn't want to answer the phone.
Agent :",sad,sad,sad,"REASONING: The situation describes a romantic breakup and personal loss, with feelings of abandonment and grief rather than active confrontation. This aligns with low energy, low control, and strongly negative valence → sad.
VAD_Estimate: [V: -0.70, A: -0.20, D: -0.35]
EMOTION: sad",[-0.7  -0.2  -0.35],1.0100495037373167,False,False,Negative_High_Moderate,Negative_Moderate_Submissive,Negative_Moderate_Submissive,1.044222198576529,1.044222198576529
My flight was cancelled,angry,"Customer :U can't imagine! 
Agent :",sad,sad,angry,"REASONING: The flight cancellation is a negative, frustrating event likely directed at an external cause (the airline), producing irritation and active complaint rather than helplessness or grief. This suggests moderately negative valence, moderate-to-high arousal, and slight assertiveness/control.
VAD_Estimate: [V: -0.55, A: +0.50, D: +0.20]
EMOTION: angry",[-0.55  0.5   0.2 ],0.1104536101718726,False,True,Negative_High_Moderate,Negative_Moderate_Submissive,Negative_High_Moderate,1.044222198576529,0.0
I can't believe my favorite restaurant was closed today. I was so upset.,angry,"Customer :Oh no, why were they closed?
Agent :",sad,sad,sad,"REASONING: The restaurant being closed is an uncontrollable disappointment with no specific person to blame, leading to low-energy dejection rather than anger or fear. Valence is negative, arousal is low to moderate, and the speaker feels little control over the situation.

VAD_Estimate: [V: -0.60, A: -0.25, D: -0.35]

EMOTION: sad",[-0.6  -0.25 -0.35],1.0361949623502325,False,False,Negative_High_Moderate,Negative_Moderate_Submissive,Negative_Moderate_Submissive,1.044222198576529,1.044222198576529
I had to work late yesterday.,angry,"Customer :Employee incompetence.
Agent :",sad,sad,sad,"REASONING: The phrase ""had to work late"" signals an unpleasant obligation with little control, and the tone suggests tired resignation rather than active frustration or fear. This aligns with low-to-moderate negative valence, low arousal, and low dominance.
VAD_Estimate: [V: -0.45, A: -0.30, D: -0.40]
EMOTION: sad",[-0.45 -0.3  -0.4 ],1.1037209792334293,False,False,Negative_High_Moderate,Negative_Moderate_Submissive,Negative_Moderate_Submissive,1.044222198576529,1.044222198576529
I'm upset about a project my daughter is working on.,angry,"Customer :She's working on that now.
Agent :",sad,sad,angry,"REASONING: ""Upset"" signals active irritation and frustration, not helplessness or low-energy sadness; the cause is a situation rather than a life-threatening fear, so this best aligns with anger. Valence is negative, arousal is moderately high, and the speaker retains some assertive control by naming the source of frustration.

VAD_Estimate: [V: -0.55, A: +0.60, D: +0.25]
EMOTION: angry",[-0.55  0.6   0.25],0.041231056256176644,False,True,Negative_High_Moderate,Negative_Moderate_Submissive,Negative_High_Moderate,1.044222198576529,0.0
I'm a bit upset that my real estate career in Florida didn't go as I had planned.,angry,"Customer :To be honest with you... No, I didn't put the effort into it that I should have.
Agent :",sad,sad,sad,"REASONING: The phrase ""a bit upset"" signals explicit negative emotion, and the failed career plan creates disappointment and resignation rather than high-arousal anger, fear, or joy. Valence is negative, arousal is low to moderate, and control feels diminished.
VAD_Estimate: [V: -0.55, A: -0.20, D: -0.30]
EMOTION: sad",[-0.55 -0.2  -0.3 ],0.963431367560762,False,False,Negative_High_Moderate,Negative_Moderate_Submissive,Negative_Moderate_Submissive,1.044222198576529,1.044222198576529
i was upset when i couldnt go home on time,angry,"Customer :i was upset when i couldnt go home on time
Agent :",sad,sad,sad,"REASONING: The speaker explicitly says “upset,” which indicates a negative, unpleasant feeling. Being unable to go home on time involves disappointment and a low sense of control, with relatively low energy rather than high-arousal anger or fear.
VAD_Estimate: [V: -0.55, A: -0.15, D: -0.30]
EMOTION: sad",[-0.55 -0.15 -0.3 ],0.922875939658197,False,False,Negative_High_Moderate,Negative_Moderate_Submissive,Negative_Moderate_Submissive,1.044222198576529,1.044222198576529
I can't believe my landlord has fixed my stove yet,angry,"Customer :That's so frustrating. Ask for a break on the rent next month!
Agent :",joyful,joyful,angry,"REASONING: The situation expresses frustration at an ongoing unresolved problem caused by a specific person (the landlord), indicating irritation and blame rather than helplessness or grief. This points to high displeasure, moderately high arousal, and assertive control → anger.

VAD_Estimate: [V: -0.55, A: +0.55, D: +0.20]
EMOTION: angry",[-0.55  0.55  0.2 ],0.07549834435270747,False,True,Negative_High_Moderate,Positive_High_Dominant,Negative_High_Moderate,1.2786711852544421,0.0
I lost my wallet at work today.  I am so upset I did that.,angry,"Customer :I lost my wallet at work today.
Agent :",sad,sad,sad,"REASONING: Losing a wallet is an unpleasant, self-caused loss, and the speaker expresses regret and self-blame rather than outward anger or fear. The affect is dejected and low-control, fitting sadness more than anger.
VAD_Estimate: [V: -0.55, A: -0.30, D: -0.40]
EMOTION: sad",[-0.55 -0.3  -0.4 ],1.1028145809699834,False,False,Negative_High_Moderate,Negative_Moderate_Submissive,Negative_Moderate_Submissive,1.044222198576529,1.044222198576529
I decided to grill a steak tonight for dinner.  I got distracted and it got burned.,angry,"Customer :I decided to treat myself tonight and make grill a huge steak for myself tonight.
Agent :",sad,sad,angry,"REASONING: The burned steak is an unpleasant, frustrating outcome caused by distraction, producing irritation and mild agitation rather than fear or sadness. The negative valence and moderate arousal with slight self-directed control align closest with anger.
VAD_Estimate: [V: -0.50, A: +0.35, D: +0.05]
EMOTION: angry",[-0.5   0.35  0.05],0.3125699921617557,False,True,Negative_High_Moderate,Negative_Moderate_Submissive,Negative_High_Moderate,1.044222198576529,0.0
I ordered pizza today and they forgot to put pepperoni on it.  I am so disappointed about it.,angry,"Customer :Did you call the manager and complain?
Agent :",sad,sad,sad,"REASONING: The speaker explicitly says ""disappointed,"" which signals sadness from unmet expectations. This is low-energy dejection with a sense of powerlessness, not active irritation or fear.

VAD_Estimate: [V: -0.55, A: -0.25, D: -0.35]
EMOTION: sad",[-0.55 -0.25 -0.35],1.0330537256115966,False,False,Negative_High_Moderate,Negative_Moderate_Submissive,Negative_Moderate_Submissive,1.044222198576529,1.044222198576529
I can't beleve I only got half of the maximum for my raise?,angry,"Customer :Well I only received half of the maximum. m not too happy
Agent :",sad,sad,angry,"REASONING: The speaker is actively frustrated and irritated about receiving a smaller raise than expected, with a complaining tone rather than passive sadness. This indicates negative valence, moderately high arousal, and assertive irritation.
VAD_Estimate: [V: -0.55, A: +0.55, D: +0.20]
EMOTION: angry",[-0.55  0.55  0.2 ],0.07549834435270747,False,True,Negative_High_Moderate,Negative_Moderate_Submissive,Negative_High_Moderate,1.044222198576529,0.0
I forgot my lunch and my wallet at home this morning.,angry,"Customer :Ah, there you go. The world isn't completely heartless. Yeah, I think the trick is to always keep that stuff with your car keys, because then you'll never forget it.
Agent :",sad,sad,angry,"REASONING: Forgetting lunch and wallet is an unpleasant, frustrating inconvenience caused by one’s own mistake, producing irritation and mild agitation rather than fear or deep sadness. The negative event feels controllable but annoying, with moderate arousal and some assertive frustration.
VAD_Estimate: [V: -0.55, A: +0.45, D: +0.20]
EMOTION: angry",[-0.55  0.45  0.2 ],0.1539480431834065,False,True,Negative_High_Moderate,Negative_Moderate_Submissive,Negative_High_Moderate,1.044222198576529,0.0
I am so upset because I lost my favorite shoe. I am late for the gym now!,angry,"Customer :I lost my favorite shoe today!
Agent :",sad,sad,angry,"REASONING: The speaker is frustrated and irritated about losing their shoe while also feeling rushed, which reflects active displeasure and high arousal rather than passive sadness. This matches the anger prototype more closely than the low-energy sad prototype.
VAD_Estimate: [V: -0.55, A: +0.55, D: +0.20]
EMOTION: angry",[-0.55  0.55  0.2 ],0.07549834435270747,False,True,Negative_High_Moderate,Negative_Moderate_Submissive,Negative_High_Moderate,1.044222198576529,0.0
All the rain storms that have been blowing through lately has saturated my garden which I've been working on all summer. This is a big month for pulling veggies so I'm at a a loss.,angry,"Customer :So it's been raining a lot lately after being relatively dry. I wanted it at first but now its destroying my garden.
Agent :",sad,sad,sad,"REASONING: The ruined garden represents a disappointing loss of hard work and anticipated harvest, with a tone of helpless resignation rather than active frustration or fear. This calls for negative valence, low arousal, and low dominance.
VAD_Estimate: [V: -0.65, A: -0.30, D: -0.35]
EMOTION: sad",[-0.65 -0.3  -0.35],1.082450922675019,False,False,Negative_High_Moderate,Negative_Moderate_Submissive,Negative_Moderate_Submissive,1.044222198576529,1.044222198576529
I've been upset at how hard I have to work for a living.,angry,"Customer :I think I have to work too hard for what I'm paid.
Agent :",sad,sad,angry,"REASONING: The speaker expresses ongoing frustration and irritation about their difficult work situation, which indicates active displeasure rather than passive sadness or fear. This is a complaint about unfair hardship, aligning with anger more than grief or anxiety.
VAD_Estimate: [V: -0.55, A: +0.50, D: +0.10]
EMOTION: angry",[-0.55  0.5   0.1 ],0.1794435844492636,False,True,Negative_High_Moderate,Negative_Moderate_Submissive,Negative_High_Moderate,1.044222198576529,0.0
it upset me when i couldnt leave work on time,angry,"Customer :it upset me when i couldnt leave work on time
Agent :",sad,sad,angry,"REASONING: Being unable to leave work on time is an irritating, frustrating constraint, producing negative feelings with moderate arousal and a sense of annoyance rather than helplessness or sadness.
VAD_Estimate: [V: -0.55, A: +0.50, D: +0.20]
EMOTION: angry",[-0.55  0.5   0.2 ],0.1104536101718726,False,True,Negative_High_Moderate,Negative_Moderate_Submissive,Negative_High_Moderate,1.044222198576529,0.0
I never thought my ex and I would break up for good. I think we are really done now.,angry,"Customer :I see, is that a good thing or bad thing for you?
Agent :",sad,sad,sad,"REASONING: The speaker is processing a permanent breakup with a sense of disbelief and resignation, not active anger or fear. This reflects low energy, sadness, and a passive sense of loss, aligning with low valence, low arousal, and low dominance.
VAD_Estimate: [V: -0.65, A: -0.30, D: -0.35]
EMOTION: sad",[-0.65 -0.3  -0.35],1.082450922675019,False,False,Negative_High_Moderate,Negative_Moderate_Submissive,Negative_Moderate_Submissive,1.044222198576529,1.044222198576529
I ordered pizza today and they forgot to put pepperoni on it.  I am so disappointed about it.,angry,"Customer :No, I am just so disappointed about it.
Agent :",sad,sad,sad,"REASONING: The explicit emotion word ""disappointed"" signals sadness from an unmet expectation, with low energy and a passive sense of resignation rather than anger or fear.
VAD_Estimate: [V: -0.60, A: -0.20, D: -0.30]
EMOTION: sad",[-0.6 -0.2 -0.3],0.966798841538404,False,False,Negative_High_Moderate,Negative_Moderate_Submissive,Negative_Moderate_Submissive,1.044222198576529,1.044222198576529
I crashed my dirtbike on a gravel road. Scratched my knee up real badly and had to go home for a ride with the police.,angry,"Customer :I did, had so many cuts on my leg. Mom had to bandage me up.
Agent :",sad,sad,afraid,"REASONING: The crash is a sudden, unpleasant, and uncontrollable event involving physical injury and vulnerability, with no clear agent to blame; this produces negative valence, elevated arousal, and low dominance.  
VAD_Estimate: [V: -0.65, A: +0.55, D: -0.40]  
EMOTION: afraid",[-0.65  0.55 -0.4 ],0.6661080993352355,False,False,Negative_High_Moderate,Negative_Moderate_Submissive,Negative_High_Submissive,1.044222198576529,0.6923871749245504
I just got cable installed and I can never find anything good on television. What a waste,angry,"Customer :it's not. I still can't find anything on tv
Agent :",sad,sad,angry,"REASONING: The speaker is expressing frustration and irritation about paying for cable yet finding nothing good to watch, with an active complaint (""What a waste"") rather than passive sadness or fear. This reflects negative valence, moderate-high arousal, and some assertive annoyance → anger.
VAD_Estimate: [V: -0.50, A: +0.50, D: +0.20]
EMOTION: angry",[-0.5  0.5  0.2],0.10344080432788597,False,True,Negative_High_Moderate,Negative_Moderate_Submissive,Negative_High_Moderate,1.044222198576529,0.0
I broke my coffee maker and now i can't make coffee,angry,"Customer :yes i think i will stop by wawa, i just love to make my own coffee
Agent :",sad,sad,angry,"REASONING: The broken coffee maker is a frustrating inconvenience that blocks a daily routine, producing irritation and complaint rather than sadness, fear, or joy. Valence is negative, arousal is moderate from annoyance, and dominance is slightly reduced but not helpless.
VAD_Estimate: [V: -0.45, A: +0.50, D: +0.10]
EMOTION: angry",[-0.45  0.5   0.1 ],0.18493242008906927,False,True,Negative_High_Moderate,Negative_Moderate_Submissive,Negative_High_Moderate,1.044222198576529,0.0
My oldest daughter had a hard time in school.  She struggled with friends that were not true friends.,angry,"Customer :Yes, they can.  But I blame the parents also, these kids bullied her to the point that I had to have her removed from that class - the principles wouldn't even do anything.
Agent :",sad,sad,sad,"REASONING: The situation describes a painful, disappointing experience involving social rejection and betrayal, with a tone of helpless reflection rather than active blame or confrontation. This aligns with low-to-moderate arousal and low dominance, indicating sadness.
VAD_Estimate: [V: -0.65, A: -0.25, D: -0.35]
EMOTION: sad",[-0.65 -0.25 -0.35],1.0417293314484333,False,False,Negative_High_Moderate,Negative_Moderate_Submissive,Negative_Moderate_Submissive,1.044222198576529,1.044222198576529
My car broke down,angry,"Customer :What happened to it
Agent :",sad,sad,angry,"REASONING: The event is negative and frustrating, with moderate arousal from irritation and a sense of assertive annoyance rather than helplessness or sadness.
VAD_Estimate: [V: -0.55, A: +0.55, D: +0.20]
EMOTION: angry",[-0.55  0.55  0.2 ],0.07549834435270747,False,True,Negative_High_Moderate,Negative_Moderate_Submissive,Negative_High_Moderate,1.044222198576529,0.0
My oldest daughter had a hard time in school.  She struggled with friends that were not true friends.,angry,"Customer :My oldest daughter had a hard time with other kids in school.
Agent :",sad,sad,sad,"REASONING: The situation describes a painful, disappointing experience with false friends, evoking concern and sorrow rather than active frustration. This is low-to-moderate energy, unpleasant, and reflects a sense of helplessness or resignation.  
VAD_Estimate: [V: -0.60, A: -0.30, D: -0.35]  
EMOTION: sad",[-0.6  -0.3  -0.35],1.0771258050942794,False,False,Negative_High_Moderate,Negative_Moderate_Submissive,Negative_Moderate_Submissive,1.044222198576529,1.044222198576529
I am not happy that I will not be able to attend the Kentucky Derby this year.,angry,"Customer :oh really whys that?
Agent :",sad,sad,sad,"REASONING: The speaker expresses displeasure about losing the opportunity to attend a valued event, reflecting disappointment and resignation rather than excitement or anger. This is mildly negative in valence, low in arousal, and low in dominance due to the inability to change the situation.
VAD_Estimate: [V: -0.55, A: -0.25, D: -0.30]
EMOTION: sad",[-0.55 -0.25 -0.3 ],1.0048382954485762,False,False,Negative_High_Moderate,Negative_Moderate_Submissive,Negative_Moderate_Submissive,1.044222198576529,1.044222198576529
I can't believe my landlord has fixed my stove yet,angry,"Customer :I can't believe my landloard still hasnt fixed my stove
Agent :",joyful,joyful,angry,"REASONING: The speaker is frustrated by an identifiable person (the landlord) who has failed to complete a needed repair, creating irritation and active complaint rather than helplessness or sadness. This reflects negative valence, moderate-high arousal, and assertive frustration.
VAD_Estimate: [V: -0.58, A: +0.55, D: +0.20]
EMOTION: angry",[-0.58  0.55  0.2 ],0.0948683298050513,False,True,Negative_High_Moderate,Positive_High_Dominant,Negative_High_Moderate,1.2786711852544421,0.0
i got the wrong item,angry,"Customer :yes but i dont know if i should. they said they are out of my size. 
Agent :",sad,sad,sad,"REASONING: The situation is mildly negative but stated passively, with no explicit blame or energized frustration, suggesting disappointment or resignation rather than anger. This aligns with low arousal and low dominance.
VAD_Estimate: [V: -0.55, A: -0.30, D: -0.35]
EMOTION: sad",[-0.55 -0.3  -0.35],1.0741042779916667,False,False,Negative_High_Moderate,Negative_Moderate_Submissive,Negative_Moderate_Submissive,1.044222198576529,1.044222198576529
I have been without water for two days.,angry,"Customer :I have been without water for two days and my water company still hasnt fixed the issue.
Agent :",afraid,afraid,afraid,"REASONING: Lack of water for two days is an escalating physical threat with no clear agent to blame, creating helplessness and survival dread rather than anger or passive sadness.
VAD_Estimate: [V: -0.70, A: +0.55, D: -0.45]
EMOTION: afraid",[-0.7   0.55 -0.45],0.72642962494656,False,False,Negative_High_Moderate,Negative_High_Submissive,Negative_High_Submissive,0.6923871749245504,0.6923871749245504
Why do people get so mad at each other for no reason?,angry,"Customer :Why do people get so mad at each other for no reason?
Agent :",sad,sad,angry,"REASONING: The speaker is irritated and frustrated by pointless interpersonal conflict, with an active complaint rather than passive grief. This suggests negative valence, moderate-high arousal, and some assertive control—consistent with anger.
VAD_Estimate: [V: -0.55, A: +0.50, D: +0.20]
EMOTION: angry",[-0.55  0.5   0.2 ],0.1104536101718726,False,True,Negative_High_Moderate,Negative_Moderate_Submissive,Negative_High_Moderate,1.044222198576529,0.0
Somebody called me fat the other day,angry,"Customer :i was so furious! I'm not even that fat! that was so mean
Agent :",sad,sad,angry,"REASONING: The situation involves a direct insult from a specific person, which typically triggers frustration, irritation, and a sense of being wronged rather than helplessness or sadness. This yields negative valence, moderately high arousal, and assertive/blaming control.
VAD_Estimate: [V: -0.55, A: +0.50, D: +0.20]
EMOTION: angry",[-0.55  0.5   0.2 ],0.1104536101718726,False,True,Negative_High_Moderate,Negative_Moderate_Submissive,Negative_High_Moderate,1.044222198576529,0.0
I was really upset when I found out that the Dallas Cowboys were going to let go of Dez Bryant. I think he's a really good wide receiver if only he wouldn't run his mouth.,angry,"Customer :Yeah, I remember as a boy watching those guys. They creamed Buffalo in the Super Bowl!
Agent :",sad,sad,angry,"REASONING: The speaker is frustrated and irritated about the Cowboys' decision to let go of Dez Bryant, and expresses an assertive opinion about him. This is negative with high arousal and moderate assertion, consistent with anger rather than sadness or fear.
VAD_Estimate: [V: -0.60, A: +0.60, D: +0.30]
EMOTION: angry",[-0.6  0.6  0.3],0.10344080432788597,False,True,Negative_High_Moderate,Negative_Moderate_Submissive,Negative_High_Moderate,1.044222198576529,0.0
I am not happy that I will not be able to attend the Kentucky Derby this year.,angry,"Customer :I have to work this year. I couldn't get the time off.
Agent :",sad,sad,sad,"REASONING: The speaker expresses displeasure and disappointment about missing the Kentucky Derby, with low energy and a sense of lost opportunity rather than anger or fear. This aligns with sadness.
VAD_Estimate: [V: -0.55, A: -0.25, D: -0.30]
EMOTION: sad",[-0.55 -0.25 -0.3 ],1.0048382954485762,False,False,Negative_High_Moderate,Negative_Moderate_Submissive,Negative_Moderate_Submissive,1.044222198576529,1.044222198576529
I broke my favorite vase.  I am so upset with myself.,angry,"Customer :I broke my favorite vase.
Agent :",sad,sad,angry,"REASONING: Breaking a cherished item triggers clear frustration and self-directed irritation, not passive grief. Valence is negative, arousal is elevated, and the self-blame gives moderate assertive energy, consistent with anger rather than sadness.
VAD_Estimate: [V: -0.55, A: +0.50, D: +0.15]
EMOTION: angry",[-0.55  0.5   0.15],0.140356688476182,False,True,Negative_High_Moderate,Negative_Moderate_Submissive,Negative_High_Moderate,1.044222198576529,0.0
I lost my wallet at work today.  I am so upset I did that.,angry,"Customer :oh no! did you block your cards?
Agent :",sad,sad,sad,"REASONING: Losing a wallet is a negative event that triggers regret and self-blame rather than anger at someone else or fear. The tone is deflated and self-critical, with low energy and reduced sense of control, fitting sadness more than anger.
VAD_Estimate: [V: -0.55, A: -0.20, D: -0.35]
EMOTION: sad",[-0.55 -0.2  -0.35],0.9928242543370907,False,False,Negative_High_Moderate,Negative_Moderate_Submissive,Negative_Moderate_Submissive,1.044222198576529,1.044222198576529
I had to work late yesterday.,angry,"Customer :You should quit. There's nothing worse than a workplace with employees who can't carry their own weight.
Agent :",sad,sad,sad,"REASONING: Working late due to obligation is unpleasant and implies a lack of control, with a tired/resigned energy rather than active frustration or fear. This best matches low-to-moderate displeasure, low arousal, and low dominance.
VAD_Estimate: [V: -0.45, A: -0.25, D: -0.35]
EMOTION: sad",[-0.45 -0.25 -0.35],1.034021276376845,False,False,Negative_High_Moderate,Negative_Moderate_Submissive,Negative_Moderate_Submissive,1.044222198576529,1.044222198576529
I just got cable installed and I can never find anything good on television. What a waste,angry,"Customer :I hate when that happens... so many channels, nothing to watch
Agent :",sad,sad,sad,"REASONING: The situation expresses disappointment and resignation about a mundane outcome, with low energy and a sense of helplessness rather than active frustration or excitement. This aligns with sadness.
VAD_Estimate: [V: -0.55, A: -0.20, D: -0.30]
EMOTION: sad",[-0.55 -0.2  -0.3 ],0.963431367560762,False,False,Negative_High_Moderate,Negative_Moderate_Submissive,Negative_Moderate_Submissive,1.044222198576529,1.044222198576529
The other day my four year old smashed my favorite figurine.,angry,"Customer :Yes. I made him apologize and stay in his room with no toys for an hour.
Agent :",sad,sad,angry,"REASONING: The smashed figurine is a negative event caused by a specific person, triggering frustration and irritation rather than helplessness or grief. The reaction is high-arousal annoyance with assertive blame, consistent with anger.

VAD_Estimate: [V: -0.55, A: +0.60, D: +0.25]
EMOTION: angry",[-0.55  0.6   0.25],0.041231056256176644,False,True,Negative_High_Moderate,Negative_Moderate_Submissive,Negative_High_Moderate,1.044222198576529,0.0
someone almost killed me the other day,angry,"Customer :car almost hit me, was scary
Agent :",afraid,afraid,afraid,"REASONING: A life-threatening event at the hands of another person triggers intense alarm and vulnerability; the focus is on danger and survival, not on assertive confrontation or frustration. This maps to high negative valence, high arousal, and low dominance → afraid.
VAD_Estimate: [V: -0.70, A: +0.65, D: -0.45]
EMOTION: afraid",[-0.7   0.65 -0.45],0.7278049189171505,False,False,Negative_High_Moderate,Negative_High_Submissive,Negative_High_Submissive,0.6923871749245504,0.6923871749245504
"Last, my car glass was broken,",angry,"Customer :Last week, my car glass was broken by someone
Agent :",sad,sad,angry,"REASONING: Damage to personal property is a negative, frustrating event that typically triggers irritation and blame rather than sadness or fear. The reaction is high-energy displeasure with some assertive control, consistent with anger.
VAD_Estimate: [V: -0.55, A: +0.55, D: +0.20]
EMOTION: angry",[-0.55  0.55  0.2 ],0.07549834435270747,False,True,Negative_High_Moderate,Negative_Moderate_Submissive,Negative_High_Moderate,1.044222198576529,0.0
I bought some jeans today and brought them home to find out the zipper was broken.,angry,"Customer :I wish. Well I wont be wearing these jeans anyway. The zipper is broken.
Agent :",sad,sad,angry,"REASONING: The broken zipper is a frustrating defect that creates irritation and active complaint toward the store or manufacturer, not a life-threatening threat or passive grief. This is negative valence, moderately high arousal, and some assertive blame.
VAD_Estimate: [V: -0.55, A: +0.55, D: +0.20]
EMOTION: angry",[-0.55  0.55  0.2 ],0.07549834435270747,False,True,Negative_High_Moderate,Negative_Moderate_Submissive,Negative_High_Moderate,1.044222198576529,0.0
I was going to see my favorite band. But the show was canceled!,angry,"Customer :What's that? Hope it wasn't too bad!
Agent :",sad,sad,sad,"REASONING: The cancellation of a highly anticipated event causes disappointment and dejection, with a negative mood, low energy/passivity, and a sense of helplessness over the external decision.
VAD_Estimate: [V: -0.60, A: -0.25, D: -0.35]
EMOTION: sad",[-0.6  -0.25 -0.35],1.0361949623502325,False,False,Negative_High_Moderate,Negative_Moderate_Submissive,Negative_Moderate_Submissive,1.044222198576529,1.044222198576529
My father promised to buy me a car when I graduate from university. He never did.,angry,"Customer :Are you disappointed with it?
Agent :",sad,sad,angry,"REASONING: A specific person (the father) broke a clear promise, causing disappointment and frustration rather than helplessness or fear. Negative valence, moderate arousal from irritation, and some assertive blame toward the father align with anger.
VAD_Estimate: [V: -0.55, A: +0.45, D: +0.20]
EMOTION: angry",[-0.55  0.45  0.2 ],0.1539480431834065,False,True,Negative_High_Moderate,Negative_Moderate_Submissive,Negative_High_Moderate,1.044222198576529,0.0
I can not even think about losing any more money!,angry,"Customer :I can not een think about losing any more money!
Agent :",afraid,afraid,afraid,"REASONING: The speaker expresses dread and helplessness about the possibility of further financial loss, with no clear person to blame and a strong desire to avoid the outcome. This is anxiety/fear rather than anger or sadness.
VAD_Estimate: [V: -0.70, A: +0.55, D: -0.45]
EMOTION: afraid",[-0.7   0.55 -0.45],0.72642962494656,False,False,Negative_High_Moderate,Negative_High_Submissive,Negative_High_Submissive,0.6923871749245504,0.6923871749245504
I forgot my lunch and my wallet at home this morning.,angry,"Customer :Dang, heartbreaking. If I were your co-worker and you told me that, I'd lend you at least a couple bucks for the vending machines or something. Hopefully you can go home and have a nice dinner.
Agent :",sad,sad,angry,"REASONING: Forgetting both lunch and wallet is an unpleasant, frustrating inconvenience that creates irritation and annoyance rather than sadness or fear. The emotion involves moderate negative valence, active frustration/arousal, and a sense of self-directed control.
VAD_Estimate: [V: -0.45, A: +0.50, D: +0.20]
EMOTION: angry",[-0.45  0.5   0.2 ],0.11916375287812983,False,True,Negative_High_Moderate,Negative_Moderate_Submissive,Negative_High_Moderate,1.044222198576529,0.0
I was expecting our anniversary avidly. But on the day my betterhalf had work in her native place. So she went and I was alone here. Also in mind pressure she forget to wish me.,angry,"Customer :yeah, It's our 2nd anniversary. 
Agent :",sad,sad,sad,"REASONING: The speaker feels disappointed and neglected after being alone on a special day and not receiving an anniversary wish, with a resigned tone rather than active blame or confrontation. This reflects low energy, passive sadness, and dejection.
VAD_Estimate: [V: -0.55, A: -0.25, D: -0.35]
EMOTION: sad",[-0.55 -0.25 -0.35],1.0330537256115966,False,False,Negative_High_Moderate,Negative_Moderate_Submissive,Negative_Moderate_Submissive,1.044222198576529,1.044222198576529
i was upset when i was told i couldnt go home on time,angry,"Customer :because there was still too much work left to do
Agent :",sad,sad,angry,"REASONING: The event is an externally imposed restriction (“I was told I couldn’t go home on time”), and the explicit “upset” reflects active frustration at that specific source rather than fear or low-energy sadness. Valence is negative, arousal is moderately high, and the irritation carries assertive/blaming energy.  
VAD_Estimate: [V: -0.55, A: +0.60, D: +0.20]  
EMOTION: angry",[-0.55  0.6   0.2 ],0.06480740698407862,False,True,Negative_High_Moderate,Negative_Moderate_Submissive,Negative_High_Moderate,1.044222198576529,0.0
My boss fired me for no reason.,angry,"Customer :I am sorry that happened, you will find another job
Agent :",sad,sad,angry,"REASONING: The situation involves a specific person (the boss) causing an unjust outcome, which triggers active frustration and blame rather than helplessness or depression, so valence is negative, arousal is high, and the speaker maintains some assertive control through irritation.
VAD_Estimate: [V: -0.55, A: +0.60, D: +0.25]
EMOTION: angry",[-0.55  0.6   0.25],0.041231056256176644,False,True,Negative_High_Moderate,Negative_Moderate_Submissive,Negative_High_Moderate,1.044222198576529,0.0
I am upset that England lost in the World Cup.,angry,"Customer :Was it pretty close?
Agent :",sad,sad,sad,"REASONING: The explicit emotion ""upset"" combined with a loss by a favored team indicates disappointment and dejection, with low energy and a sense of helplessness over the outcome. This aligns with high displeasure, low-to-moderate arousal, and low dominance.
VAD_Estimate: [V: -0.60, A: -0.30, D: -0.35]
EMOTION: sad",[-0.6  -0.3  -0.35],1.0771258050942794,False,False,Negative_High_Moderate,Negative_Moderate_Submissive,Negative_Moderate_Submissive,1.044222198576529,1.044222198576529
My refrigerator broke today. I just went grocery shopping,angry,"Customer :I did. I had just went grocery shopping. We were gone all day and it was 100 degrees today.
Agent :",sad,sad,angry,"REASONING: The broken refrigerator and spoiled groceries create clear frustration and irritation, with active annoyance rather than passive sadness or fear. The negative event is not life-threatening and there is a tangible cause to complain about, fitting anger.
VAD_Estimate: [V: -0.55, A: +0.50, D: +0.20]
EMOTION: angry",[-0.55  0.5   0.2 ],0.1104536101718726,False,True,Negative_High_Moderate,Negative_Moderate_Submissive,Negative_High_Moderate,1.044222198576529,0.0
I once found out that my mother threw away my drawing.,angry,"Customer :You said that already, how long did it take you to draw this picture?
Agent :",sad,sad,angry,"REASONING: The mother is a specific person who caused the harm by discarding the drawing, so the blame test points to anger rather than fear or sadness. The event involves irritation and a sense of being wronged, with moderate-to-high arousal and some assertive control.
VAD_Estimate: [V: -0.55, A: +0.55, D: +0.20]
EMOTION: angry",[-0.55  0.55  0.2 ],0.07549834435270747,False,True,Negative_High_Moderate,Negative_Moderate_Submissive,Negative_High_Moderate,1.044222198576529,0.0
I crashed my dirtbike on a gravel road. Scratched my knee up real badly and had to go home for a ride with the police.,angry,"Customer :Always embarrassing to fall off my dirtbike!
Agent :",sad,sad,sad,"REASONING: The situation involves a painful accident and an embarrassing, inconvenient outcome, with no clear person to blame and no ongoing threat. Valence is clearly negative due to injury and frustration; arousal is moderate-low after the crash; dominance is low because the speaker is hurt, dependent on police help, and unable to continue the activity.
VAD_Estimate: [V: -0.55, A: -0.20, D: -0.40]
EMOTION: sad",[-0.55 -0.2  -0.4 ],1.023816389788716,False,False,Negative_High_Moderate,Negative_Moderate_Submissive,Negative_Moderate_Submissive,1.044222198576529,1.044222198576529
I was so upset when Michael Jackson died.,angry,"Customer :I was so upset when Michael Jackson died.
Agent :",sad,sad,sad,"REASONING: The explicit word “upset” signals negative distress, and the death of Michael Jackson is a loss triggering grief and sadness rather than anger or fear. The mood is low-energy and dejected, consistent with sadness.
VAD_Estimate: [V: -0.70, A: -0.25, D: -0.35]
EMOTION: sad",[-0.7  -0.25 -0.35],1.0496189784869554,False,False,Negative_High_Moderate,Negative_Moderate_Submissive,Negative_Moderate_Submissive,1.044222198576529,1.044222198576529
I dropped my laptop and broke it.,angry,"Customer :I'm not sure. Hopefully not too much.  I think I can just fix the screen.
Agent :",sad,sad,angry,"REASONING: Breaking a laptop is a negative, frustrating event that likely triggers irritation and self-directed annoyance, with moderate-to-high arousal but retained sense of control over the situation. This aligns more with anger than sadness, fear, or joy.

VAD_Estimate: [V: -0.55, A: +0.55, D: +0.20]
EMOTION: angry",[-0.55  0.55  0.2 ],0.07549834435270747,False,True,Negative_High_Moderate,Negative_Moderate_Submissive,Negative_High_Moderate,1.044222198576529,0.0
when my girlfriend cheated,angry,"Customer :i hate when people are unfaithful to there relationship
Agent :",sad,sad,angry,"REASONING: The situation involves a specific interpersonal betrayal by a close partner, which typically triggers active frustration, blame, and irritation rather than helplessness or fear. This points to high displeasure, elevated arousal, and assertive control toward the wrongdoer.
VAD_Estimate: [V: -0.55, A: +0.60, D: +0.25]
EMOTION: angry",[-0.55  0.6   0.25],0.041231056256176644,False,True,Negative_High_Moderate,Negative_Moderate_Submissive,Negative_High_Moderate,1.044222198576529,0.0
why is it that bad things always happen to me!,angry,"Customer :Unfortunately, it happens to all of us.
Agent :",sad,sad,sad,"REASONING: The speaker expresses negative feelings about recurring misfortunes, suggesting helplessness and resignation rather than a specific target of blame. Valence is clearly negative, arousal is only mildly elevated by the exclamation, and dominance is low because the speaker feels victimized by circumstances.
VAD_Estimate: [V: -0.65, A: +0.10, D: -0.45]
EMOTION: sad",[-0.65  0.1  -0.45],0.8658521813797087,False,False,Negative_High_Moderate,Negative_Moderate_Submissive,Negative_Moderate_Submissive,1.044222198576529,1.044222198576529
"I used to be afraid of the dark but now I am not so much, I had a nightlight for a long time",angry,"Customer :Because he was sad at the result I suppose
Agent :",afraid,afraid,afraid,"REASONING: The speaker explicitly says they ""used to be afraid,"" and temporal anchoring requires judging the emotion felt during that past experience, not the current relief. That experience of fear involves high displeasure, high arousal, and a sense of vulnerability or low control.

VAD_Estimate: [V: -0.64, A: +0.60, D: -0.43]
EMOTION: afraid",[-0.64  0.6  -0.43],0.6923871749245504,False,False,Negative_High_Moderate,Negative_High_Submissive,Negative_High_Submissive,0.6923871749245504,0.6923871749245504
i was upset when i couldnt go home on time,angry,"Customer :I would be too! Were you stuck working late?
Agent :",sad,sad,sad,"REASONING: The speaker explicitly says “upset,” indicating negative displeasure. Being unable to go home on time creates disappointment and frustration rather than high-energy anger or fear, with low control over the situation.
VAD_Estimate: [V: -0.60, A: -0.20, D: -0.35]
EMOTION: sad",[-0.6  -0.2  -0.35],0.9960923651951159,False,False,Negative_High_Moderate,Negative_Moderate_Submissive,Negative_Moderate_Submissive,1.044222198576529,1.044222198576529
My favorite team lost the final.,angry,"Customer :Thats not good, at least they got there
Agent :",sad,sad,sad,"REASONING: The event is a disappointing loss, causing dejection and low energy rather than active frustration or blame. Negative valence, low arousal, and reduced control align with sadness.
VAD_Estimate: [V: -0.60, A: -0.25, D: -0.35]
EMOTION: sad",[-0.6  -0.25 -0.35],1.0361949623502325,False,False,Negative_High_Moderate,Negative_Moderate_Submissive,Negative_Moderate_Submissive,1.044222198576529,1.044222198576529
My car broke down,angry,"Customer :I'm not sure, It wouldn't start the morning.   Its not the batttery or starter.
Agent :",sad,sad,angry,"REASONING: The car breaking down is a negative, frustrating inconvenience that sparks irritation and annoyance rather than sadness or fear. Valence is negative, arousal is moderately elevated, and the speaker may feel some assertive frustration toward the situation.
VAD_Estimate: [V: -0.55, A: +0.50, D: +0.20]
EMOTION: angry",[-0.55  0.5   0.2 ],0.1104536101718726,False,True,Negative_High_Moderate,Negative_Moderate_Submissive,Negative_High_Moderate,1.044222198576529,0.0
I lost my car keys at a bar last night.,angry,"Customer :Oh god! How did you get in finally, did you contact your mom?
Agent :",sad,sad,angry,"REASONING: Losing car keys is a frustrating, inconvenient event that triggers irritation and active searching rather than sadness or fear. Negative valence with moderate arousal and a slight sense of lost control, but not full helplessness, points to anger.
VAD_Estimate: [V: -0.55, A: +0.45, D: -0.10]
EMOTION: angry",[-0.55  0.45 -0.1 ],0.37907782842049725,False,True,Negative_High_Moderate,Negative_Moderate_Submissive,Negative_High_Moderate,1.044222198576529,0.0
I wsa really upse when I found out my co-worker was fired,angry,"Customer :Was it their fault?
Agent :",sad,sad,sad,"REASONING: The explicit “really upset” signals a negative emotional reaction, and the event—a co-worker being fired—prompts sympathy or grief rather than anger or fear. The tone is dejected and powerless, with low energy and low control, aligning with sadness.

VAD_Estimate: [V: -0.60, A: -0.20, D: -0.35]
EMOTION: sad",[-0.6  -0.2  -0.35],0.9960923651951159,False,False,Negative_High_Moderate,Negative_Moderate_Submissive,Negative_Moderate_Submissive,1.044222198576529,1.044222198576529
I forgot my lunch and my wallet at home this morning.,angry,"Customer :I forgot my lunch and my wallet at home this morning.
Agent :",sad,sad,angry,"REASONING: The situation is unpleasant and inconvenient, producing frustration/irritation rather than helplessness or fear. The arousal is moderate and the speaker is expressing annoyance, which aligns most closely with the anger prototype.
VAD_Estimate: [V: -0.55, A: +0.45, D: +0.05]
EMOTION: angry",[-0.55  0.45  0.05],0.24738633753705963,False,True,Negative_High_Moderate,Negative_Moderate_Submissive,Negative_High_Moderate,1.044222198576529,0.0
I am upset that England lost in the World Cup.,angry,"Customer :They lost in overtime, so yes.
Agent :",sad,sad,sad,"REASONING: The speaker explicitly says “upset,” indicating displeasure and disappointment about England losing. This is a low-energy, dejected reaction to an outcome they cannot control, closer to sadness than anger or fear.
VAD_Estimate: [V: -0.60, A: -0.20, D: -0.35]
EMOTION: sad",[-0.6  -0.2  -0.35],0.9960923651951159,False,False,Negative_High_Moderate,Negative_Moderate_Submissive,Negative_Moderate_Submissive,1.044222198576529,1.044222198576529
I did my best in my audition and I still didnt get the part!,angry,"Customer :I'm sorry! I'm sure something better will come along.
Agent :",sad,sad,angry,"REASONING: The person expresses frustration over a disappointing outcome despite their best effort, with high energy and irritation rather than passive sadness. This fits anger: strong displeasure, high arousal, and a somewhat assertive blaming reaction.
VAD_Estimate: [V: -0.55, A: +0.65, D: +0.20]
EMOTION: angry",[-0.55  0.65  0.2 ],0.08774964387392127,False,True,Negative_High_Moderate,Negative_Moderate_Submissive,Negative_High_Moderate,1.044222198576529,0.0
Our home was broken into right after we moved in and I felt this way.,angry,"Customer :Our home was broken into right after we moved in. I was so mad!
Agent :",afraid,afraid,afraid,"REASONING: A home break-in is a sudden, threatening violation of personal safety that triggers fear and vulnerability rather than active confrontation; high negative arousal with low control points to fear.
VAD_Estimate: [V: -0.75, A: +0.65, D: -0.45]
EMOTION: afraid",[-0.75  0.65 -0.45],0.7424284477308234,False,False,Negative_High_Moderate,Negative_High_Submissive,Negative_High_Submissive,0.6923871749245504,0.6923871749245504
My car broke down,angry,"Customer :My car broke down
Agent :",sad,sad,angry,"REASONING: The car breaking down is a negative, frustrating event that creates irritation and active problem-solving rather than helplessness or fear. The arousal is moderately high from annoyance, with some attempt to assert control over the situation.
VAD_Estimate: [V: -0.55, A: +0.55, D: +0.15]
EMOTION: angry",[-0.55  0.55  0.15],0.11489125293076058,False,True,Negative_High_Moderate,Negative_Moderate_Submissive,Negative_High_Moderate,1.044222198576529,0.0
I did my best in my audition and I still didnt get the part!,angry,"Customer :Yes, I am sure of it. I will find something eventually.
Agent :",sad,sad,angry,"REASONING: The situation involves frustration and irritation at an undesired outcome despite effort, with active complaining rather than passive grief. This indicates negative valence, high arousal, and a mildly assertive sense of blame.  
VAD_Estimate: [V: -0.55, A: +0.60, D: +0.20]  
EMOTION: angry",[-0.55  0.6   0.2 ],0.06480740698407862,False,True,Negative_High_Moderate,Negative_Moderate_Submissive,Negative_High_Moderate,1.044222198576529,0.0
I took my daughter shopping for school clothes and she didn't like anything in any store. We bought nothing,angry,"Customer :I took my 13 year old shopping for schoo clothes today.
Agent :",sad,sad,angry,"REASONING: The situation is negative because the shopping trip was futile, but the tone suggests irritation and frustration rather than deep grief or resignation. The energy is moderately high due to annoyance, and the speaker retains some sense of agency while being thwarted, aligning with anger rather than sadness.
VAD_Estimate: [V: -0.55, A: +0.50, D: +0.10]
EMOTION: angry",[-0.55  0.5   0.1 ],0.1794435844492636,False,True,Negative_High_Moderate,Negative_Moderate_Submissive,Negative_High_Moderate,1.044222198576529,0.0
I broke my coffee maker and now i can't make coffee,angry,"Customer :I broke my coffee maker today and i'm so mad because i can't make coffee. I can't survive the morning without coffee
Agent :",sad,sad,angry,"REASONING: The situation is an everyday inconvenience caused by one’s own mistake, producing irritation and frustration rather than deep sadness or fear. Valence is negative, arousal is moderately high from agitation, and dominance is slightly assertive because the speaker is annoyed and complaining, not helpless.
VAD_Estimate: [V: -0.55, A: +0.45, D: +0.20]
EMOTION: angry",[-0.55  0.45  0.2 ],0.1539480431834065,False,True,Negative_High_Moderate,Negative_Moderate_Submissive,Negative_High_Moderate,1.044222198576529,0.0
I had to work late yesterday.,angry,"Customer :That stinks :( Why did you have to work late?
Agent :",sad,sad,sad,"REASONING: The phrase “had to work late” conveys unpleasant obligation and resignation rather than active frustration or fear. The energy is low and passive, with diminished control over the situation, matching sadness more than anger.
VAD_Estimate: [V: -0.45, A: -0.20, D: -0.35]
EMOTION: sad",[-0.45 -0.2  -0.35],0.9938309715439543,False,False,Negative_High_Moderate,Negative_Moderate_Submissive,Negative_Moderate_Submissive,1.044222198576529,1.044222198576529
I once found out that my mother threw away my drawing.,angry,"Customer :I asked my mother where she left my drawing, she said she threw it out.
Agent :",sad,sad,angry,"REASONING: The speaker attributes the harm to a specific person (their mother), which creates frustration and blame rather than helpless sadness; this is a negatively valenced, moderately high-arousal, assertive reaction.
VAD_Estimate: [V: -0.55, A: +0.60, D: +0.25]
EMOTION: angry",[-0.55  0.6   0.25],0.041231056256176644,False,True,Negative_High_Moderate,Negative_Moderate_Submissive,Negative_High_Moderate,1.044222198576529,0.0
I had a job interview. Everything went great and I just knew the job was mine.,angry,"Customer :I had a job interview. Everything went great and I just knew the job was mine.
Agent :",joyful,joyful,joyful,"REASONING: The situation describes a successful job interview with a strong sense of confidence and certainty about the outcome, producing positive feelings, elevated excitement, and high personal control.
VAD_Estimate: [V: +0.80, A: +0.60, D: +0.60]
EMOTION: joyful",[0.8 0.6 0.6],1.3559867255987428,False,False,Negative_High_Moderate,Positive_High_Dominant,Positive_High_Dominant,1.2786711852544421,1.2786711852544421
"I was having a party and had my cats locked up and told them and had a note on the door to not open it, well someone did and my cat got out and ran over.",angry,"Customer :I have. It's definitely awful. It's much like losing a family member.
Agent :",sad,sad,sad,"REASONING: The situation centers on a pet being harmed or killed after someone ignored clear instructions, which triggers grief and helplessness more than energized anger. Valence is strongly negative, arousal is low/deflated, and dominance is low because the speaker could not control the outcome.
VAD_Estimate: [V: -0.70, A: -0.25, D: -0.40]
EMOTION: sad",[-0.7  -0.25 -0.4 ],1.0789810007595129,False,False,Negative_High_Moderate,Negative_Moderate_Submissive,Negative_Moderate_Submissive,1.044222198576529,1.044222198576529
"I saw a lady spit all over her hands after coughing..and then sneeze, wipe her nose..then she TOUCHED the door handle...Omg..I about died...and vomitted",angry,"Customer :Well, I did NOT go in too that store lol! And I am very glad for doors that open at other stores without touching them. Omg..I about died...and vomitted when she did it.
Agent :",afraid,afraid,afraid,"REASONING: The situation describes a visceral disgust response to contamination, with strong negative arousal and a sense of vulnerability/helplessness rather than assertive blame or sadness.
VAD_Estimate: [V: -0.78, A: +0.68, D: -0.45]
EMOTION: afraid",[-0.78  0.68 -0.45],0.7556454194925024,False,False,Negative_High_Moderate,Negative_High_Submissive,Negative_High_Submissive,0.6923871749245504,0.6923871749245504
I lost another wallet today. I just can't keep up with those things,angry,"Customer :Oh darn that is stressful I bet.
Agent :",sad,sad,angry,"REASONING: Losing a wallet again is frustrating and irritating, with negative valence and moderate arousal. The speaker’s complaining tone (“I just can’t keep up”) reflects active annoyance rather than deep sadness or fear.
VAD_Estimate: [V: -0.55, A: +0.45, D: +0.20]
EMOTION: angry",[-0.55  0.45  0.2 ],0.1539480431834065,False,True,Negative_High_Moderate,Negative_Moderate_Submissive,Negative_High_Moderate,1.044222198576529,0.0
I lost my favorite jacket and I can't find it. It was quite expensive and not easily replaced,angry,"Customer :did you try redoing your steps of the last day? to see maybe you left it at a friends house
Agent :",sad,sad,sad,"REASONING: Losing a valued, expensive, irreplaceable possession triggers a sense of loss and helplessness rather than active anger or fear. Valence is clearly negative, arousal is relatively low/dejected, and control feels diminished.
VAD_Estimate: [V: -0.60, A: -0.25, D: -0.35]
EMOTION: sad",[-0.6  -0.25 -0.35],1.0361949623502325,False,False,Negative_High_Moderate,Negative_Moderate_Submissive,Negative_Moderate_Submissive,1.044222198576529,1.044222198576529
someone almost crashed into me,angry,"Customer :yea i was so mad
Agent :",afraid,afraid,angry,"REASONING: A specific person is the cause of the near-collision, which triggers irritation and blame rather than helplessness or avoidance; this points to anger with negative valence, high arousal, and assertive control.
VAD_Estimate: [V: -0.60, A: +0.60, D: +0.25]
EMOTION: angry",[-0.6   0.6   0.25],0.09055385138137413,False,True,Negative_High_Moderate,Negative_High_Submissive,Negative_High_Moderate,0.6923871749245504,0.0
Some sad individual could be calmed down by a sweet word,angry,"Customer :Like sweet names,pampering
Agent :",sad,sad,sad,"REASONING: The statement explicitly describes the person as “sad,” which directly signals negative mood, low energy, and vulnerability. A calming sweet word suggests low arousal and comfort, consistent with sadness.
VAD_Estimate: [V: -0.63, A: -0.27, D: -0.33]
EMOTION: sad",[-0.63 -0.27 -0.33],1.044222198576529,False,False,Negative_High_Moderate,Negative_Moderate_Submissive,Negative_Moderate_Submissive,1.044222198576529,1.044222198576529
My favorite team lost the final.,angry,"Customer :Yep but I am still angry because they did not win the trophy! 
Agent :",sad,sad,sad,"REASONING: The event is a loss, which is unpleasant and disappointing; it likely brings low energy and a sense of helplessness rather than anger or fear.
VAD_Estimate: [V: -0.60, A: -0.30, D: -0.35]
EMOTION: sad",[-0.6  -0.3  -0.35],1.0771258050942794,False,False,Negative_High_Moderate,Negative_Moderate_Submissive,Negative_Moderate_Submissive,1.044222198576529,1.044222198576529
I ordered pizza today and they forgot to put pepperoni on it.  I am so disappointed about it.,angry,"Customer :I ordered a pizza today and they forgot to put pepperoni on it.
Agent :",sad,sad,sad,"REASONING: The explicit emotion word “disappointed” signals sadness, with negative valence, low energy, and a sense of deflation. This matches the sad prototype more than anger because the tone is resigned disappointment rather than active irritation or confrontation.
VAD_Estimate: [V: -0.55, A: -0.25, D: -0.35]
EMOTION: sad",[-0.55 -0.25 -0.35],1.0330537256115966,False,False,Negative_High_Moderate,Negative_Moderate_Submissive,Negative_Moderate_Submissive,1.044222198576529,1.044222198576529
I dropped my laptop and broke it.,angry,"Customer :I dropped my laptop and broke it.
Agent :",sad,sad,angry,"REASONING: The event is negative and frustrating, involving a personal loss with irritation and annoyance rather than helplessness. It likely triggers high arousal frustration with a slight sense of self-directed blame, matching anger more closely than sadness or fear.  
VAD_Estimate: [V: -0.60, A: +0.55, D: +0.20]  
EMOTION: angry",[-0.6   0.55  0.2 ],0.11045361017187255,False,True,Negative_High_Moderate,Negative_Moderate_Submissive,Negative_High_Moderate,1.044222198576529,0.0
When I got cut from my hockey team. I worked so hard.,angry,"Customer :My hockey team, I worked so hard.
Agent :",sad,sad,sad,"REASONING: Being cut from a team despite hard work is a disappointing, deflating event with no clear target for anger, reflecting low arousal and a diminished sense of control.
VAD_Estimate: [V: -0.65, A: -0.30, D: -0.40]
EMOTION: sad",[-0.65 -0.3  -0.4 ],1.1109455432198285,False,False,Negative_High_Moderate,Negative_Moderate_Submissive,Negative_Moderate_Submissive,1.044222198576529,1.044222198576529
My brother was in a drunken mood.,angry,"Customer :My brother was in a drunken mood last night. He said nasty things and broke my furniture 
Agent :",joyful,joyful,angry,"REASONING: The brother’s drunken state is a negative and frustrating situation, likely causing irritation rather than helpless fear or sadness. This maps to high displeasure, moderately high arousal, and an assertive sense of blame toward the brother → angry.
VAD_Estimate: [V: -0.55, A: +0.55, D: +0.25]
EMOTION: angry",[-0.55  0.55  0.25],0.056568542494923775,False,True,Negative_High_Moderate,Positive_High_Dominant,Negative_High_Moderate,1.2786711852544421,0.0
Why do people get so mad at each other for no reason?,angry,"Customer :I hope the government can give some free course  about the benefit of staying calm and healthy
Agent :",sad,sad,angry,"REASONING: The speaker explicitly references the emotion word “mad,” so the predicted emotion must be anger; the reflective question still centers on anger, which is negative in valence, high in arousal, and moderately assertive in dominance.
VAD_Estimate: [V: -0.51, A: +0.59, D: +0.25]
EMOTION: angry",[-0.51  0.59  0.25],0.0,False,True,Negative_High_Moderate,Negative_Moderate_Submissive,Negative_High_Moderate,1.044222198576529,0.0
I was expecting our anniversary avidly. But on the day my betterhalf had work in her native place. So she went and I was alone here. Also in mind pressure she forget to wish me.,angry,"Customer :I know that had to hurt. But forgive her and let her make it up to you.
Agent :",sad,sad,sad,"REASONING: The anniversary was eagerly anticipated, but the speaker ended up alone and forgotten, producing passive disappointment, longing, and loneliness rather than active frustration. This is low-energy and dejected, not confrontational or fearful.
VAD_Estimate: [V: -0.70, A: -0.20, D: -0.40]
EMOTION: sad",[-0.7 -0.2 -0.4],1.0405287117614777,False,False,Negative_High_Moderate,Negative_Moderate_Submissive,Negative_Moderate_Submissive,1.044222198576529,1.044222198576529
While driving someone backed up and almost hit me.,angry,"Customer :they were not paying attention. 
Agent :",afraid,afraid,angry,"REASONING: A specific driver caused a dangerous near-miss, making the event feel like a clear, blameworthy violation rather than an uncontrollable environmental threat. This triggers high-arousal irritation and assertive frustration, consistent with anger.
VAD_Estimate: [V: -0.55, A: +0.60, D: +0.25]
EMOTION: angry",[-0.55  0.6   0.25],0.041231056256176644,False,True,Negative_High_Moderate,Negative_High_Submissive,Negative_High_Moderate,0.6923871749245504,0.0
someone almost killed me the other day,angry,"Customer :someone almost killed me the other day
Agent :",afraid,afraid,afraid,"REASONING: A life-threatening act by another person triggers intense fear and helplessness during the event, with high displeasure, high arousal, and low dominance or control.
VAD_Estimate: [V: -0.70, A: +0.70, D: -0.45]
EMOTION: afraid",[-0.7   0.7  -0.45],0.7336211556382489,False,False,Negative_High_Moderate,Negative_High_Submissive,Negative_High_Submissive,0.6923871749245504,0.6923871749245504
why is it that bad things always happen to me!,angry,"Customer :why is it everytime im up in life something brings me down
Agent :",sad,sad,angry,"REASONING: The speaker expresses frustration and irritation in an exclamatory complaint, so valence is negative and arousal is high. The tone is active outward complaining rather than passive grief or fear, giving moderate assertive energy, consistent with anger.

VAD_Estimate: [V: -0.55, A: +0.60, D: +0.20]
EMOTION: angry",[-0.55  0.6   0.2 ],0.06480740698407862,False,True,Negative_High_Moderate,Negative_Moderate_Submissive,Negative_High_Moderate,1.044222198576529,0.0
I think someone stole my headphones recently.,angry,"Customer :I think someone stole my headphones recently.
Agent :",sad,sad,angry,"REASONING: The speaker suspects a specific wrongful act (theft) by someone, which typically triggers irritation and blame rather than helplessness or sadness. Valence is negative, arousal is moderately heightened, and there is some assertive frustration toward the perceived injustice.
VAD_Estimate: [V: -0.50, A: +0.45, D: +0.20]
EMOTION: angry",[-0.5   0.45  0.2 ],0.14899664425751336,False,True,Negative_High_Moderate,Negative_Moderate_Submissive,Negative_High_Moderate,1.044222198576529,0.0
"My mom said I had to get rid of our family dog because she was allergic. I cried for a week it was unbearable, I resented her.",angry,"Customer :Oh no that is so sad to hear! I have one dog and two cats, so I totally understand what you are going through...
Agent :",sad,sad,angry,"REASONING: The speaker clearly blames their mom for the loss of the dog and explicitly says they resented her, indicating anger directed at a specific person. Although crying suggests sadness, the resentment and blame toward the mother make anger the dominant emotion.
VAD_Estimate: [V: -0.60, A: +0.55, D: +0.20]
EMOTION: angry",[-0.6   0.55  0.2 ],0.11045361017187255,False,True,Negative_High_Moderate,Negative_Moderate_Submissive,Negative_High_Moderate,1.044222198576529,0.0
I had a job interview. Everything went great and I just knew the job was mine.,angry,"Customer :That's just it, I didn't get it. It went to someone that I'm sure is less qualified. It was quite upsetting.
Agent :",joyful,joyful,joyful,"REASONING: Positive outcome with strong confidence and anticipation of success, leading to elevated pleasure, moderate-to-high excitement, and a strong sense of control/empowerment → matches joyful.
VAD_Estimate: [V: +0.80, A: +0.55, D: +0.50]
EMOTION: joyful",[0.8  0.55 0.5 ],1.3342413574762253,False,False,Negative_High_Moderate,Positive_High_Dominant,Positive_High_Dominant,1.2786711852544421,1.2786711852544421
While driving someone backed up and almost hit me.,angry,"Customer :While driving someone backed up and almost hit me
Agent :",afraid,afraid,afraid,"REASONING: A sudden near-collision while driving creates an immediate, uncontrollable threat to physical safety, triggering high arousal and helplessness rather than blame-focused irritation. Valence is strongly negative, arousal is high, and dominance is low because the speaker has little control over the danger.
VAD_Estimate: [V: -0.65, A: +0.65, D: -0.45]
EMOTION: afraid",[-0.65  0.65 -0.45],0.7163797875428927,False,False,Negative_High_Moderate,Negative_High_Submissive,Negative_High_Submissive,0.6923871749245504,0.6923871749245504
My husband gets cranky when he gets woken up and takes it out on me.,angry,"Customer :That is very dangerous attitude to have. I would be very cautious as it may bring much unintended social consequences
Agent :",sad,sad,angry,"REASONING: The speaker is describing being the target of her husband’s cranky behavior, which is frustrating and irritating. There is a clear source of blame (the husband), and the tone is one of active annoyance rather than helplessness or sadness.
VAD_Estimate: [V: -0.55, A: +0.55, D: +0.20]
EMOTION: angry",[-0.55  0.55  0.2 ],0.07549834435270747,False,True,Negative_High_Moderate,Negative_Moderate_Submissive,Negative_High_Moderate,1.044222198576529,0.0
My best friend had to leave town to help take care of her mother who was diagnosed with lung cancer.  Her husband agreed she needed to go and then filed for divorce,angry,"Customer :My best friend had to leave town to help take care of her mother who was diagnosed with lung cancer.
Agent :",sad,sad,angry,"REASONING: The situation involves a clear interpersonal betrayal: the husband agreed to the friend leaving, then unexpectedly filed for divorce. This creates strongly negative feelings directed at a specific person, with active frustration and blame, so anger better fits than sadness or fear.

VAD_Estimate: [V: -0.55, A: +0.55, D: +0.20]
EMOTION: angry",[-0.55  0.55  0.2 ],0.07549834435270747,False,True,Negative_High_Moderate,Negative_Moderate_Submissive,Negative_High_Moderate,1.044222198576529,0.0
A few weeks ago my 3 year old broke my favorite eyeshadows.,angry,"Customer :Yeah, I should have probably put it in a safer spot. Oh well.
Agent :",sad,sad,angry,"REASONING: The event is negative because a valued possession was damaged, and the tone suggests irritation/frustration rather than grief or fear. The cause is a specific person (the 3-year-old), so this aligns more with anger than sadness or dread.
VAD_Estimate: [V: -0.55, A: +0.55, D: +0.15]
EMOTION: angry",[-0.55  0.55  0.15],0.11489125293076058,False,True,Negative_High_Moderate,Negative_Moderate_Submissive,Negative_High_Moderate,1.044222198576529,0.0
i got the wrong item,angry,"Customer :Were you able to return it?
Agent :",sad,sad,angry,"REASONING: Receiving the wrong item is a frustrating, irritating event caused by a specific order/seller error, not a life-threatening or ambiguous threat. It involves active complaint rather than passive grief, so it aligns with anger.
VAD_Estimate: [V: -0.55, A: +0.45, D: +0.10]
EMOTION: angry",[-0.55  0.45  0.1 ],0.2090454496036687,False,True,Negative_High_Moderate,Negative_Moderate_Submissive,Negative_High_Moderate,1.044222198576529,0.0
I crashed my dirtbike on a gravel road. Scratched my knee up real badly and had to go home for a ride with the police.,angry,"Customer :It was fine, just my leg was all mangled. The cop drove me home thankfully.
Agent :",sad,sad,afraid,"REASONING: The situation involves an unexpected injury and loss of control, producing acute physical distress and vulnerability with no clear person to blame. This suggests negative valence, high arousal from pain/adrenaline, and low dominance due to helplessness, aligning most closely with fear.
VAD_Estimate: [V: -0.65, A: +0.55, D: -0.45]
EMOTION: afraid",[-0.65  0.55 -0.45],0.714982517268779,False,False,Negative_High_Moderate,Negative_Moderate_Submissive,Negative_High_Submissive,1.044222198576529,0.6923871749245504
I lost my job yesterday,angry,"Customer :I lost my job yesterday.
Agent :",sad,sad,sad,"REASONING: The event is a significant personal loss, producing low mood, dejection, and a sense of helplessness rather than active frustration or immediate fear. Valence is strongly negative, arousal is low, and dominance is low.
VAD_Estimate: [V: -0.70, A: -0.30, D: -0.40]
EMOTION: sad",[-0.7 -0.3 -0.4],1.1183469944520796,False,False,Negative_High_Moderate,Negative_Moderate_Submissive,Negative_Moderate_Submissive,1.044222198576529,1.044222198576529
Somebody called me fat the other day,angry,"Customer :so i went to the gym the other day and i was using a traidmill and somebody told me ""get off the traidmill fat ***""
Agent :",sad,sad,angry,"REASONING: The speaker was insulted by a specific person, which is a direct social provocation that typically triggers irritation and frustration rather than helplessness or grief. This matches high displeasure, moderate-to-high arousal, and assertive control → anger.
VAD_Estimate: [V: -0.55, A: +0.60, D: +0.25]
EMOTION: angry",[-0.55  0.6   0.25],0.041231056256176644,False,True,Negative_High_Moderate,Negative_Moderate_Submissive,Negative_High_Moderate,1.044222198576529,0.0
I was upset when my dog ricky went missing,angry,"Customer :Well that sounds really sad. How long was he missing for?
Agent :",sad,sad,sad,"REASONING: The speaker felt upset due to the loss of a beloved pet, which involves grief, worry, and helplessness rather than anger or fear. The experience is unpleasant, low-to-moderate arousal, and lowers one’s sense of control.
VAD_Estimate: [V: -0.65, A: -0.20, D: -0.35]
EMOTION: sad",[-0.65 -0.2  -0.35],1.0018482919085105,False,False,Negative_High_Moderate,Negative_Moderate_Submissive,Negative_Moderate_Submissive,1.044222198576529,1.044222198576529
when my nieces play with my devices,angry,"Customer :exactly i tell my brother , he says but they are just little girls ... like yeah there little but teach them not to touch things that are not theres 
Agent :",afraid,afraid,angry,"REASONING: The situation involves nieces using the speaker's personal devices, implying irritation and protectiveness rather than joy, fear, or sadness. Valence is negative, arousal is mildly elevated, and dominance is slightly positive because the speaker feels ownership and control over the situation.
VAD_Estimate: [V: -0.45, A: +0.35, D: +0.25]
EMOTION: angry",[-0.45  0.35  0.25],0.24738633753705963,False,True,Negative_High_Moderate,Negative_High_Submissive,Negative_High_Moderate,0.6923871749245504,0.0
I decided to grill a steak tonight for dinner.  I got distracted and it got burned.,angry,"Customer :Yeah it would have been if I hadn't burned it to a crisp and turned it into a black charred piece of leather!
Agent :",sad,sad,angry,"REASONING: The burned steak is an annoying, preventable outcome that triggers frustration and irritation, with a negative but moderately aroused and somewhat assertive response.
VAD_Estimate: [V: -0.55, A: +0.60, D: +0.25]
EMOTION: angry",[-0.55  0.6   0.25],0.041231056256176644,False,True,Negative_High_Moderate,Negative_Moderate_Submissive,Negative_High_Moderate,1.044222198576529,0.0
I was cut off today and crashed my car to avoid colliding with someone.,angry,"Customer :I was cut off today and crashed my car into a pole to avoid colliding with someone.
Agent :",afraid,afraid,afraid,"REASONING: The sudden dangerous driving incident and crash create an immediate physical threat and loss of control, triggering high distress and vulnerability rather than anger or joy.  
VAD_Estimate: [V: -0.70, A: +0.75, D: -0.55]  
EMOTION: afraid",[-0.7   0.75 -0.55],0.8376753547765388,False,False,Negative_High_Moderate,Negative_High_Submissive,Negative_High_Submissive,0.6923871749245504,0.6923871749245504
Why do people get so mad at each other for no reason?,angry,"Customer :Because nobody taught them how to live right.
Agent :",sad,sad,angry,"REASONING: The speaker uses the explicit emotion word “mad” and expresses frustration about people’s senseless anger, reflecting negative valence, moderate-to-high arousal, and a somewhat assertive/irritated stance.
VAD_Estimate: [V: -0.55, A: +0.50, D: +0.20]
EMOTION: angry",[-0.55  0.5   0.2 ],0.1104536101718726,False,True,Negative_High_Moderate,Negative_Moderate_Submissive,Negative_High_Moderate,1.044222198576529,0.0
I am so upset because I lost my favorite shoe. I am late for the gym now!,angry,"Customer :I don't know. But now I am upset because I wasn't able to make it to my favorite gym!
Agent :",sad,sad,angry,"REASONING: The speaker expresses active frustration and irritation over losing their favorite shoe and being late, which creates negative valence, moderate-to-high arousal, and a sense of assertive annoyance rather than helplessness or sadness.
VAD_Estimate: [V: -0.55, A: +0.55, D: +0.20]
EMOTION: angry",[-0.55  0.55  0.2 ],0.07549834435270747,False,True,Negative_High_Moderate,Negative_Moderate_Submissive,Negative_High_Moderate,1.044222198576529,0.0
i was upset when i saw a big dent in my car door,angry,"Customer :I would hate that
Agent :",sad,sad,angry,"REASONING: The situation involves property damage, which is unpleasant and frustrating, with active irritation rather than helplessness or fear. This aligns with moderate-to-high negative arousal and a sense of assertive annoyance.
VAD_Estimate: [V: -0.55, A: +0.55, D: +0.20]
EMOTION: angry",[-0.55  0.55  0.2 ],0.07549834435270747,False,True,Negative_High_Moderate,Negative_Moderate_Submissive,Negative_High_Moderate,1.044222198576529,0.0
I am not happy that I will not be able to attend the Kentucky Derby this year.,angry,"Customer :I am not happy that I will not be able to attend the Kentucky Derby this year.
Agent :",sad,sad,sad,"REASONING: The phrase “not happy” signals explicit displeasure and disappointment about missing a valued event, with low energy and a sense of helplessness over the situation rather than anger or fear.
VAD_Estimate: [V: -0.50, A: -0.25, D: -0.30]
EMOTION: sad",[-0.5  -0.25 -0.3 ],1.0040916292848974,False,False,Negative_High_Moderate,Negative_Moderate_Submissive,Negative_Moderate_Submissive,1.044222198576529,1.044222198576529
I watched a scary movie lasy. I had so many nightmares.,angry,"Customer :i don't know I didn't get far. The was a weird kid and rats.
Agent :",afraid,afraid,afraid,"REASONING: Having nightmares after a scary movie involves a vivid, unpleasant, and involuntary experience, creating high distress, heightened arousal, and a sense of helplessness. This aligns most closely with fear rather than anger, sadness, or joy.

VAD_Estimate: [V: -0.70, A: +0.60, D: -0.45]

EMOTION: afraid",[-0.7   0.6  -0.45],0.7253964433328853,False,False,Negative_High_Moderate,Negative_High_Submissive,Negative_High_Submissive,0.6923871749245504,0.6923871749245504
Someone broke into my home right after I moved in and I felt this way after it happened.,angry,"Customer :We are okay and thankfully we were not home. They went through everything, but didn't take anything. 
Agent :",afraid,afraid,afraid,"REASONING: A home break-in is a threatening, uncontrollable violation of personal safety, especially right after moving in, leading to lingering vulnerability and anxiety rather than outward anger. This is high displeasure, high arousal, and low dominance.
VAD_Estimate: [V: -0.65, A: +0.60, D: -0.45]
EMOTION: afraid",[-0.65  0.6  -0.45],0.7139327699440613,False,False,Negative_High_Moderate,Negative_High_Submissive,Negative_High_Submissive,0.6923871749245504,0.6923871749245504
Somebody called me fat the other day,angry,"Customer :what???? That's terrible!! what a horrible person!
Agent :",sad,sad,angry,"REASONING: Being insulted by someone with a clear external source (""somebody"") creates irritation and frustration, with moderate-high arousal and a sense of wanting to blame the offender. This fits anger rather than sadness or fear.
VAD_Estimate: [V: -0.55, A: +0.55, D: +0.20]
EMOTION: angry",[-0.55  0.55  0.2 ],0.07549834435270747,False,True,Negative_High_Moderate,Negative_Moderate_Submissive,Negative_High_Moderate,1.044222198576529,0.0
i was chatting with my dad and the call dropped on us,angry,"Customer :i  was chatting with my dad and the call dropped on us
Agent :",sad,sad,angry,"REASONING: The unexpected call drop is a frustrating interruption, causing mild irritation rather than deep sadness or fear. It involves negative valence, moderate arousal, and a slight sense of annoyance/control rather than helplessness.
VAD_Estimate: [V: -0.45, A: +0.35, D: +0.20]
EMOTION: angry",[-0.45  0.35  0.2 ],0.25238858928247926,False,True,Negative_High_Moderate,Negative_Moderate_Submissive,Negative_High_Moderate,1.044222198576529,0.0
"Last, my car glass was broken,",angry,"Customer :No. There was nothing to steal. Now, I need to pay to fix it. I am already having some financial issues.
Agent :",sad,sad,angry,"REASONING: The situation describes property damage with no explicit emotion word; this is an irritating violation that triggers frustration and blame, not fear or sadness. Valence is clearly negative, arousal is elevated from irritation, and dominance is moderately assertive.
VAD_Estimate: [V: -0.55, A: +0.55, D: +0.20]
EMOTION: angry",[-0.55  0.55  0.2 ],0.07549834435270747,False,True,Negative_High_Moderate,Negative_Moderate_Submissive,Negative_High_Moderate,1.044222198576529,0.0
"I saw a lady spit all over her hands after coughing..and then sneeze, wipe her nose..then she TOUCHED the door handle...Omg..I about died...and vomitted",angry,"Customer :what did you do
Agent :",afraid,afraid,afraid,"REASONING: The unhygienic act triggers immediate visceral revulsion and a sense of contamination/helplessness, with high distress and a desire to escape rather than confront. This maps most closely to fear in the VAD framework, not anger or sadness.

VAD_Estimate: [V: -0.70, A: +0.65, D: -0.45]
EMOTION: afraid",[-0.7   0.65 -0.45],0.7278049189171505,False,False,Negative_High_Moderate,Negative_High_Submissive,Negative_High_Submissive,0.6923871749245504,0.6923871749245504
I have been without water for two days.,angry,"Customer :Thats the thing. I haven't bathed in two days and its making me angry.
Agent :",afraid,afraid,sad,"REASONING: The situation involves severe physical deprivation and helplessness, with no clear agent to blame. Two days without water likely produces exhaustion, despair, and vulnerability rather than high-energy anger or panic, so valence is strongly negative, arousal is low, and dominance is low.
VAD_Estimate: [V: -0.75, A: -0.35, D: -0.55]
EMOTION: sad",[-0.75 -0.35 -0.55],1.257457752769452,False,False,Negative_High_Moderate,Negative_High_Submissive,Negative_Moderate_Submissive,0.6923871749245504,1.044222198576529
I don't like it when kids bully each other,angry,"Customer :I don't like it when kids bully each other
Agent :",sad,sad,angry,"REASONING: The speaker expresses negative disapproval toward an undesirable behavior, with mild irritation and an assertive moral stance. This is closer to anger than to sadness or fear because it involves active dislike/complaint rather than helplessness or vulnerability.
VAD_Estimate: [V: -0.50, A: +0.30, D: +0.20]
EMOTION: angry",[-0.5  0.3  0.2],0.2944486372867091,False,True,Negative_High_Moderate,Negative_Moderate_Submissive,Negative_High_Moderate,1.044222198576529,0.0
I dropped a mug and my coffee went everywhere,angry,"Customer :I dropped a mug and my coffee went everywhere
Agent :",sad,sad,angry,"REASONING: The event is mildly negative and frustrating due to a clumsy accident, creating irritation and annoyance rather than fear or sadness. Arousal is moderately elevated from the sudden spill, but dominance remains somewhat assertive as the reaction is active frustration.
VAD_Estimate: [V: -0.50, A: +0.55, D: +0.20]
EMOTION: angry",[-0.5   0.55  0.2 ],0.06480740698407855,False,True,Negative_High_Moderate,Negative_Moderate_Submissive,Negative_High_Moderate,1.044222198576529,0.0
I spilled soda on my laptop.,angry,"Customer :oh no!!! Did you put it in rice? 
Agent :",sad,sad,angry,"REASONING: Spilling soda on a laptop is an unpleasant, frustrating event that triggers irritation and annoyance, not helplessness or sadness. The reaction is active frustration with moderately high arousal, aligning with anger.
VAD_Estimate: [V: -0.55, A: +0.55, D: +0.20]
EMOTION: angry",[-0.55  0.55  0.2 ],0.07549834435270747,False,True,Negative_High_Moderate,Negative_Moderate_Submissive,Negative_High_Moderate,1.044222198576529,0.0
My boss fired me for no reason.,angry,"Customer :My boss fired me for no reason. I am absolutely livid.
Agent :",sad,sad,angry,"REASONING: The speaker attributes the event to a specific person—their boss—and describes it as unjust (""for no reason""), which triggers frustration and irritation rather than helplessness or grief. This is a negative, high-arousal state with a sense of assertive indignation.
VAD_Estimate: [V: -0.55, A: +0.60, D: +0.25]
EMOTION: angry",[-0.55  0.6   0.25],0.041231056256176644,False,True,Negative_High_Moderate,Negative_Moderate_Submissive,Negative_High_Moderate,1.044222198576529,0.0
I watched a scary movie lasy. I had so many nightmares.,angry,"Customer :I don't know why I watched a scary movie.
Agent :",afraid,afraid,afraid,"REASONING: Watching a scary movie and experiencing nightmares suggests fear and vulnerability, with unpleasant emotions, high arousal from distress, and low control over the threatening dream content.
VAD_Estimate: [V: -0.70, A: +0.60, D: -0.45]
EMOTION: afraid",[-0.7   0.6  -0.45],0.7253964433328853,False,False,Negative_High_Moderate,Negative_High_Submissive,Negative_High_Submissive,0.6923871749245504,0.6923871749245504
Why won't I get made at you?,angry,"Customer :Why won't I get angry at you for not passing your exams
Agent :",joyful,joyful,angry,"REASONING: The intended explicit emotion word is “mad” (anger), meaning the speaker is expressing frustration directed at the other person. This fits high displeasure, high arousal, and assertive control—anger.

VAD_Estimate: [V: -0.51, A: +0.59, D: +0.25]

EMOTION: angry",[-0.51  0.59  0.25],0.0,False,True,Negative_High_Moderate,Positive_High_Dominant,Negative_High_Moderate,1.2786711852544421,0.0
Asked a relative to care for our pet while we were gone and the dog ended up missing.,angry,"Customer :Oh no, did the relative say what happened? That sounds fishy.
Agent :",sad,sad,angry,"REASONING: The relative was responsible for the pet and the dog is now missing, creating a clear target for blame and frustration. This is an active, irritated response to someone else’s failure rather than helplessness or grief, so it aligns with anger.
VAD_Estimate: [V: -0.60, A: +0.55, D: +0.20]
EMOTION: angry",[-0.6   0.55  0.2 ],0.11045361017187255,False,True,Negative_High_Moderate,Negative_Moderate_Submissive,Negative_High_Moderate,1.044222198576529,0.0
I had to work late yesterday.,angry,"Customer :I had to work late yesterday.
Agent :",sad,sad,sad,"REASONING: The phrase ""had to work late"" signals an unpleasant obligation and loss of personal time, with a passive, resigned tone rather than active irritation or fear. This matches low valence, low arousal, and low control.
VAD_Estimate: [V: -0.40, A: -0.30, D: -0.35]
EMOTION: sad",[-0.4  -0.3  -0.35],1.0789810007595129,False,False,Negative_High_Moderate,Negative_Moderate_Submissive,Negative_Moderate_Submissive,1.044222198576529,1.044222198576529
it makes me very unhappy when i let someone out in traffic and they dont acknowledge me,angry,"Customer :generally i do, gotta be careful with all the crazies out there though
Agent :",sad,sad,sad,"REASONING: The speaker explicitly uses the emotion word “unhappy,” which signals sadness rather than anger or fear. This drives a negative valence, low-to-moderate arousal, and a low sense of control, consistent with the sad prototype.

VAD_Estimate: [V: -0.60, A: -0.25, D: -0.35]
EMOTION: sad",[-0.6  -0.25 -0.35],1.0361949623502325,False,False,Negative_High_Moderate,Negative_Moderate_Submissive,Negative_Moderate_Submissive,1.044222198576529,1.044222198576529
I'm upset about a project my daughter is working on.,angry,"Customer :My daughter is working on a school project without having all the information on it.
Agent :",sad,sad,angry,"REASONING: The speaker explicitly says “upset,” signaling clear displeasure. The focus on a project suggests irritation or frustration with moderate arousal and a somewhat assertive, complaint-like stance, aligning with anger rather than fear or sadness.

VAD_Estimate: [V: -0.50, A: +0.55, D: +0.20]
EMOTION: angry",[-0.5   0.55  0.2 ],0.06480740698407855,False,True,Negative_High_Moderate,Negative_Moderate_Submissive,Negative_High_Moderate,1.044222198576529,0.0
I'm a bit upset that my real estate career in Florida didn't go as I had planned.,angry,"Customer :I'm pretty upset that my real estate career in Florida did not go as I had planned.
Agent :",sad,sad,sad,"REASONING: The phrase “a bit upset” signals mild disappointment and resignation about an unfulfilled career plan, with no clear person to blame and low energy rather than irritation or confrontation. Valence is negative, arousal is low, and control feels diminished.
VAD_Estimate: [V: -0.55, A: -0.25, D: -0.30]
EMOTION: sad",[-0.55 -0.25 -0.3 ],1.0048382954485762,False,False,Negative_High_Moderate,Negative_Moderate_Submissive,Negative_Moderate_Submissive,1.044222198576529,1.044222198576529
"I took this girl on a really nice date and then she said that it went well. Then, out of the blue, she dumped me and said she wasn't ready.",angry,"Customer :She said that she wasn't ready for a relationship.
Agent :",sad,sad,sad,"REASONING: Being unexpectedly rejected after a positive date is highly unpleasant and deflating, with low energy and a sense of helplessness rather than anger or fear. This matches dejection and disappointment more than active irritation.
VAD_Estimate: [V: -0.60, A: -0.30, D: -0.35]
EMOTION: sad",[-0.6  -0.3  -0.35],1.0771258050942794,False,False,Negative_High_Moderate,Negative_Moderate_Submissive,Negative_Moderate_Submissive,1.044222198576529,1.044222198576529
I was supposed to mail off a check to pay a bill today and I forgot to put it in the mail when I left for work.,angry,"Customer :I was supposed to mail off a check to pay a bill today and I forgot to put it in the mail when I left for work.
Agent :",afraid,afraid,angry,"REASONING: The situation is unpleasant and self-caused; the mistake triggers active frustration/irritation rather than helpless fear or passive sadness, so arousal is moderately high but dominance is somewhat lowered by self-blame.
VAD_Estimate: [V: -0.50, A: +0.45, D: -0.10]
EMOTION: angry",[-0.5   0.45 -0.1 ],0.37709415269929597,False,True,Negative_High_Moderate,Negative_High_Submissive,Negative_High_Moderate,0.6923871749245504,0.0
I was really upset when I found out that the Dallas Cowboys were going to let go of Dez Bryant. I think he's a really good wide receiver if only he wouldn't run his mouth.,angry,"Customer :Sure, my dad is a Cowboys fan. He misses the days of Troy Aikman and Emmett Smith!
Agent :",sad,sad,angry,"REASONING: The speaker says ""really upset,"" which signals negative feelings and active frustration about a specific decision and player behavior. This is complaining/irritation rather than helplessness or grief, so it fits high displeasure, moderate-high arousal, and assertive control.
VAD_Estimate: [V: -0.55, A: +0.55, D: +0.20]
EMOTION: angry",[-0.55  0.55  0.2 ],0.07549834435270747,False,True,Negative_High_Moderate,Negative_Moderate_Submissive,Negative_High_Moderate,1.044222198576529,0.0
I don't like it when kids bully each other,angry,"Customer :Yeah, they bully everyone and everything, like they don't develop a filter until they reach adulthood
Agent :",sad,sad,angry,"REASONING: The speaker expresses clear displeasure and disapproval toward bullying, with mild irritation rather than fear or sadness. This is an assertive moral objection, so valence is negative, arousal is moderate, and dominance is slightly assertive.
VAD_Estimate: [V: -0.50, A: +0.45, D: +0.30]
EMOTION: angry",[-0.5   0.45  0.3 ],0.14899664425751336,False,True,Negative_High_Moderate,Negative_Moderate_Submissive,Negative_High_Moderate,1.044222198576529,0.0
I can not even think about losing any more money!,angry,"Customer :have you thought  about saving money?
Agent :",afraid,afraid,afraid,"REASONING: The speaker expresses dread and helplessness about future financial loss, with no clear target to blame, indicating high negative arousal and low control. This aligns with fear rather than anger or sadness.
VAD_Estimate: [V: -0.65, A: +0.55, D: -0.40]
EMOTION: afraid",[-0.65  0.55 -0.4 ],0.6661080993352355,False,False,Negative_High_Moderate,Negative_High_Submissive,Negative_High_Submissive,0.6923871749245504,0.6923871749245504
I need a root canal.,angry,"Customer :I recently found out I need a root canal
Agent :",afraid,afraid,afraid,"REASONING: The situation describes an unpleasant, invasive dental procedure with no specific person to blame, causing apprehension and helplessness rather than irritation. This maps to negative valence, moderately high arousal, and low dominance/control.
VAD_Estimate: [V: -0.60, A: +0.50, D: -0.40]
EMOTION: afraid",[-0.6  0.5 -0.4],0.6623443213314356,False,False,Negative_High_Moderate,Negative_High_Submissive,Negative_High_Submissive,0.6923871749245504,0.6923871749245504
someone almost crashed into me,angry,"Customer :wow. are you ok? that can be really unnerving 
Agent :",afraid,afraid,afraid,"REASONING: A near-collision is an immediate, dangerous threat caused by another person, triggering high arousal and a sense of vulnerability/lack of control rather than reflective anger. The valence is strongly negative with high activation and low dominance.
VAD_Estimate: [V: -0.70, A: +0.65, D: -0.45]
EMOTION: afraid",[-0.7   0.65 -0.45],0.7278049189171505,False,False,Negative_High_Moderate,Negative_High_Submissive,Negative_High_Submissive,0.6923871749245504,0.6923871749245504
I lost my car keys at a bar last night.,angry,"Customer :I lost my keys at a bar last night. 
Agent :",sad,sad,angry,"REASONING: Losing car keys is an unpleasant, frustrating inconvenience that triggers irritation and self-directed frustration rather than passive grief or fear. This active frustration aligns with moderate-to-high arousal and assertive annoyance, consistent with anger.
VAD_Estimate: [V: -0.55, A: +0.50, D: +0.15]
EMOTION: angry",[-0.55  0.5   0.15],0.140356688476182,False,True,Negative_High_Moderate,Negative_Moderate_Submissive,Negative_High_Moderate,1.044222198576529,0.0
"My mom said I had to get rid of our family dog because she was allergic. I cried for a week it was unbearable, I resented her.",angry,"Customer :Aww what a cute name. Hopefully you an your Mom made up, and maybe you got/can get another pet.
Agent :",sad,sad,angry,"REASONING: The speaker explicitly resents their mother for forcing them to give up the beloved dog. This indicates active irritation and blame toward a specific person, which aligns with anger rather than pure sadness, despite the grief of crying.
VAD_Estimate: [V: -0.55, A: +0.55, D: +0.25]
EMOTION: angry",[-0.55  0.55  0.25],0.056568542494923775,False,True,Negative_High_Moderate,Negative_Moderate_Submissive,Negative_High_Moderate,1.044222198576529,0.0
"I used to be afraid of the dark but now I am not so much, I had a nightlight for a long time",angry,"Customer :I got angry at my brother one time when he ruined a football game score that I had recorded
Agent :",afraid,afraid,afraid,"REASONING: The speaker explicitly labels the past emotional state as “afraid of the dark,” so the emotion during that described experience is fear. Although they now feel less afraid, the felt emotion at the time was negative, vigilant, and vulnerable.
VAD_Estimate: [V: -0.65, A: +0.55, D: -0.45]
EMOTION: afraid",[-0.65  0.55 -0.45],0.714982517268779,False,False,Negative_High_Moderate,Negative_High_Submissive,Negative_High_Submissive,0.6923871749245504,0.6923871749245504
I didn't like when I found out my mom threw away my old Nintendo.,angry,"Customer :No, I was away and found out when I got back.
Agent :",sad,sad,angry,"REASONING: The situation involves a specific person (mom) causing an unwanted outcome, triggering irritation and blame rather than helplessness or grief. This reflects moderate negative valence, moderately high arousal, and assertive control → anger.
VAD_Estimate: [V: -0.55, A: +0.55, D: +0.20]
EMOTION: angry",[-0.55  0.55  0.2 ],0.07549834435270747,False,True,Negative_High_Moderate,Negative_Moderate_Submissive,Negative_High_Moderate,1.044222198576529,0.0
I lost my job yesterday,angry,"Customer :yes, i just want to be able to feed my kids.
Agent :",sad,sad,sad,"REASONING: Losing a job is an unpleasant, undesirable life event that typically produces feelings of loss, deflation, and helplessness rather than high-energy irritation or active fear. This corresponds to negative valence, low-to-moderate arousal, and low dominance/control, matching sadness.
VAD_Estimate: [V: -0.65, A: -0.25, D: -0.35]
EMOTION: sad",[-0.65 -0.25 -0.35],1.0417293314484333,False,False,Negative_High_Moderate,Negative_Moderate_Submissive,Negative_Moderate_Submissive,1.044222198576529,1.044222198576529
Bought a laptop I really needed last month. The price went down by $200. Wish I would have waited.,angry,"Customer :I hate when that happens! Were you able to get a credit for it?
Agent :",sad,sad,sad,"REASONING: The speaker reflects on an unfortunate timing of a purchase, feeling regret and mild disappointment rather than high-energy frustration or fear. Low pleasantness, low arousal, and a sense of powerless over the situation point to sadness.
VAD_Estimate: [V: -0.45, A: -0.30, D: -0.35]
EMOTION: sad",[-0.45 -0.3  -0.35],1.0750348831549608,False,False,Negative_High_Moderate,Negative_Moderate_Submissive,Negative_Moderate_Submissive,1.044222198576529,1.044222198576529
I lost my job yesterday,angry,"Customer :Sorry about that.I know how it feels,especially with the family concerns
Agent :",sad,sad,sad,"REASONING: The event involves an unexpected loss and personal setback, evoking feelings of disappointment and deflation rather than outward anger or fear. Valence is strongly negative, arousal is moderate-low (passive/dejected), and dominance is low due to reduced control over the situation.
VAD_Estimate: [V: -0.70, A: -0.30, D: -0.40]
EMOTION: sad",[-0.7 -0.3 -0.4],1.1183469944520796,False,False,Negative_High_Moderate,Negative_Moderate_Submissive,Negative_Moderate_Submissive,1.044222198576529,1.044222198576529
When my brother wanted to fight me. We had just got off the ice.,angry,"Customer :oh yea?
Agent :",afraid,afraid,angry,"REASONING: A clear interpersonal provocation from a specific person—my brother wanting to fight—creates high displeasure and high arousal, with an assertive, confrontational energy rather than helplessness.  
VAD_Estimate: [V: -0.55, A: +0.60, D: +0.20]  
EMOTION: angry",[-0.55  0.6   0.2 ],0.06480740698407862,False,True,Negative_High_Moderate,Negative_High_Submissive,Negative_High_Moderate,0.6923871749245504,0.0
I'm pretty upset I got a flat on the way to work today.  I was late and I'm down 200 dollars.,angry,"Customer :Right? I was late and I'm down 200 dollars, but at least I still have my job.
Agent :",sad,sad,angry,"REASONING: The speaker explicitly says they are “upset” about a frustrating, costly event, indicating negative valence with active irritation rather than passive sadness. The flat tire caused anger/frustration about being late and losing money, with moderate arousal and some assertive complaining.
VAD_Estimate: [V: -0.55, A: +0.55, D: +0.15]
EMOTION: angry",[-0.55  0.55  0.15],0.11489125293076058,False,True,Negative_High_Moderate,Negative_Moderate_Submissive,Negative_High_Moderate,1.044222198576529,0.0
My car broke down,angry,"Customer :That doesnt sound so hard to fix
Agent :",sad,sad,angry,"REASONING: The car breaking down is a negative, frustrating event that likely triggers irritation and complaint rather than sadness or fear. This calls for moderately negative valence, fairly high arousal from annoyance, and some assertive control by blaming the situation/car.
VAD_Estimate: [V: -0.55, A: +0.55, D: +0.10]
EMOTION: angry",[-0.55  0.55  0.1 ],0.16031219541881397,False,True,Negative_High_Moderate,Negative_Moderate_Submissive,Negative_High_Moderate,1.044222198576529,0.0
I caught my wife cheating on me last week. She's apparently decided she likes other women now. I really don't know what to do!,angry,"Customer :I caught my wife cheating on me last week. Apparently she's decided that she likes women too. I don't know what to do about this.
Agent :",sad,sad,angry,"REASONING: The situation involves a specific betrayal by the wife, which triggers active frustration, hurt, and agitation rather than passive resignation or fear. The negative valence and high arousal align with anger, though the uncertainty slightly lowers dominance.
VAD_Estimate: [V: -0.62, A: +0.64, D: +0.15]
EMOTION: angry",[-0.62  0.64  0.15],0.15684387141358122,False,True,Negative_High_Moderate,Negative_Moderate_Submissive,Negative_High_Moderate,1.044222198576529,0.0
"My mom said I had to get rid of our family dog because she was allergic. I cried for a week it was unbearable, I resented her.",angry,"Customer :I'm sooo upset with my mom. I don't think at this point I can forgive her.
Agent :",sad,sad,angry,"REASONING: The speaker explicitly says she “resented her” mother, an anger-related emotion directed at a specific person, so the blame test points to anger even though losing the dog also brings sadness. This gives negative valence, moderately high arousal from indignation, and moderate dominance from blame/resentment.
VAD_Estimate: [V: -0.55, A: +0.55, D: +0.25]
EMOTION: angry",[-0.55  0.55  0.25],0.056568542494923775,False,True,Negative_High_Moderate,Negative_Moderate_Submissive,Negative_High_Moderate,1.044222198576529,0.0
I broke my phone,angry,"Customer :I dropped it lol
Agent :",sad,sad,angry,"REASONING: Breaking a valuable possession is unpleasant and frustrating, with active irritation rather than passive grief. The speaker is likely annoyed and blaming the situation or themselves, so arousal is moderately high and dominance is near neutral to slightly assertive.
VAD_Estimate: [V: -0.55, A: +0.55, D: +0.20]
EMOTION: angry",[-0.55  0.55  0.2 ],0.07549834435270747,False,True,Negative_High_Moderate,Negative_Moderate_Submissive,Negative_High_Moderate,1.044222198576529,0.0
All the rain storms that have been blowing through lately has saturated my garden which I've been working on all summer. This is a big month for pulling veggies so I'm at a a loss.,angry,"Customer :That's awesome rain is good
Agent :",sad,sad,sad,"REASONING: The situation involves losing a garden the speaker worked on all summer, with the phrase ""at a loss"" signaling helplessness and disappointment rather than anger or active frustration. This is a negative, low-energy, low-control emotional state, consistent with sadness.
VAD_Estimate: [V: -0.55, A: -0.25, D: -0.45]
EMOTION: sad",[-0.55 -0.25 -0.45],1.0941663493271943,False,False,Negative_High_Moderate,Negative_Moderate_Submissive,Negative_Moderate_Submissive,1.044222198576529,1.044222198576529
I lost another wallet today. I just can't keep up with those things,angry,"Customer :I lost another wallet today
Agent :",sad,sad,sad,"REASONING: The speaker is expressing frustration and resignation about repeatedly losing their wallet, with a sense of helplessness and low energy rather than confrontational anger. This points to negative valence, low arousal, and low dominance/control.
VAD_Estimate: [V: -0.55, A: -0.20, D: -0.40]
EMOTION: sad",[-0.55 -0.2  -0.4 ],1.023816389788716,False,False,Negative_High_Moderate,Negative_Moderate_Submissive,Negative_Moderate_Submissive,1.044222198576529,1.044222198576529
All the rain storms that have been blowing through lately has saturated my garden which I've been working on all summer. This is a big month for pulling veggies so I'm at a a loss.,angry,"Customer :Rain would be good at first, but like I said it's oversaturated my crops and mold and mildew has set in.
Agent :",sad,sad,sad,"REASONING: The saturated garden and ruined vegetable harvest represent a disappointing, unchangeable loss after summer-long effort, producing a passive, dejected feeling of helplessness rather than active irritation or fear. This maps to low valence, low-to-moderate arousal, and low dominance.
VAD_Estimate: [V: -0.60, A: -0.25, D: -0.40]
EMOTION: sad",[-0.6  -0.25 -0.4 ],1.0659268267568838,False,False,Negative_High_Moderate,Negative_Moderate_Submissive,Negative_Moderate_Submissive,1.044222198576529,1.044222198576529
"I wanted to take friday off but, I'm unable too.",angry,"Customer :Yeah, i'm going to have to reschedule.
Agent :",sad,sad,sad,"REASONING: The speaker expresses a blocked desire and a sense of helplessness about not being able to take Friday off, creating mild disappointment with low energy and low control. This aligns more with sadness than anger because there is no active frustration or confrontation.
VAD_Estimate: [V: -0.55, A: -0.30, D: -0.35]
EMOTION: sad",[-0.55 -0.3  -0.35],1.0741042779916667,False,False,Negative_High_Moderate,Negative_Moderate_Submissive,Negative_Moderate_Submissive,1.044222198576529,1.044222198576529
My brother was in a drunken mood.,angry,"Customer :I agree, I am so angry with him. He has been doing for years now. 
Agent :",afraid,afraid,joyful,"REASONING: ""In a drunken mood"" suggests an elevated, uninhibited, and socially positive state rather than distress or threat; arousal is high, with somewhat reduced self-control but overall pleasant tone.
VAD_Estimate: [V: +0.60, A: +0.55, D: -0.10]
EMOTION: joyful",[ 0.6   0.55 -0.1 ],1.164560002747819,False,False,Negative_High_Moderate,Negative_High_Submissive,Positive_High_Dominant,0.6923871749245504,1.2786711852544421
I was on a train in Sri Lanka. I asked the passengers if I was at the right stop. They told me no. Turns out I was at the right place.,angry,"Customer :Oh dang. Do you think it was intentional?
Agent :",joyful,joyful,angry,"REASONING: The speaker is misled by passengers and left with frustration over a travel mistake; there is a clear external cause to blame and no life-threatening danger, so displeasure, moderate arousal, and assertive irritation point to anger.
VAD_Estimate: [V: -0.50, A: +0.55, D: +0.25]
EMOTION: angry",[-0.5   0.55  0.25],0.04123105625617653,False,True,Negative_High_Moderate,Positive_High_Dominant,Negative_High_Moderate,1.2786711852544421,0.0
I lost another wallet today. I just can't keep up with those things,angry,"Customer :That's no good. How does that happen?
Agent :",sad,sad,sad,"REASONING: Losing a wallet again is an unpleasant, frustrating event, but the tone is resigned and passive rather than confrontational or high-energy. This points to low arousal and low dominance, more consistent with disappointment/dejection than anger.
VAD_Estimate: [V: -0.55, A: -0.25, D: -0.35]
EMOTION: sad",[-0.55 -0.25 -0.35],1.0330537256115966,False,False,Negative_High_Moderate,Negative_Moderate_Submissive,Negative_Moderate_Submissive,1.044222198576529,1.044222198576529
"I wanted to take friday off but, I'm unable too.",angry,"Customer :What were your plans?
Agent :",sad,sad,sad,"REASONING: The situation involves a blocked desire to take time off, leading to disappointment and resignation rather than active frustration or confrontation. Valence is negative, arousal is low, and control feels low because the situation is unchangeable.
VAD_Estimate: [V: -0.55, A: -0.30, D: -0.40]
EMOTION: sad",[-0.55 -0.3  -0.4 ],1.1028145809699834,False,False,Negative_High_Moderate,Negative_Moderate_Submissive,Negative_Moderate_Submissive,1.044222198576529,1.044222198576529
I was supposed to mail off a check to pay a bill today and I forgot to put it in the mail when I left for work.,angry,"Customer :uhoh, I hope they dont have a late fee or anything attached to it
Agent :",afraid,afraid,angry,"REASONING: The person is frustrated/annoyed at their own forgetfulness, which is an active irritation rather than a passive or helpless reaction. This points to negative valence, moderately high arousal, and slight assertive control.
VAD_Estimate: [V: -0.50, A: +0.50, D: +0.10]
EMOTION: angry",[-0.5  0.5  0.1],0.17521415467935228,False,True,Negative_High_Moderate,Negative_High_Submissive,Negative_High_Moderate,0.6923871749245504,0.0
I broke my phone,angry,"Customer :I broke my phone
Agent :",sad,sad,sad,"REASONING: The event is an undesirable loss/damage, but the flat phrasing suggests disappointment or resignation rather than active anger or fear. Valence is negative, arousal is low, and dominance is low because the situation is not easily controlled.
VAD_Estimate: [V: -0.55, A: -0.25, D: -0.40]
EMOTION: sad",[-0.55 -0.25 -0.4 ],1.0628734637763801,False,False,Negative_High_Moderate,Negative_Moderate_Submissive,Negative_Moderate_Submissive,1.044222198576529,1.044222198576529
I was going to see my favorite band. But the show was canceled!,angry,"Customer :Hi friend, guess what just happened that made me cry.
Agent :",sad,sad,sad,"REASONING: The cancellation of an eagerly anticipated event causes disappointment and loss, with low energy and a sense of helplessness rather than anger or fear. This aligns with sadness: negative valence, low arousal, and low dominance.
VAD_Estimate: [V: -0.60, A: -0.30, D: -0.35]
EMOTION: sad",[-0.6  -0.3  -0.35],1.0771258050942794,False,False,Negative_High_Moderate,Negative_Moderate_Submissive,Negative_Moderate_Submissive,1.044222198576529,1.044222198576529
My father promised to buy me a car when I graduate from university. He never did.,angry,"Customer :My father promised to buy me a car when I graduate from university. He never did.
Agent :",sad,sad,angry,"REASONING: The father is a specific person who broke a clear promise, causing frustration and resentment rather than helplessness or grief. This is active irritation with blame directed at someone, fitting anger.
VAD_Estimate: [V: -0.55, A: +0.55, D: +0.25]
EMOTION: angry",[-0.55  0.55  0.25],0.056568542494923775,False,True,Negative_High_Moderate,Negative_Moderate_Submissive,Negative_High_Moderate,1.044222198576529,0.0
"Last, my car glass was broken,",angry,"Customer :What!? Did they steal anything?
Agent :",sad,sad,angry,"REASONING: The situation involves property damage, which is unpleasant and likely provoking irritation or frustration. There is no life-threatening danger, and the passive phrasing suggests annoyance with an external event rather than fear or helpless grief, aligning most closely with anger.
VAD_Estimate: [V: -0.55, A: +0.60, D: +0.25]
EMOTION: angry",[-0.55  0.6   0.25],0.041231056256176644,False,True,Negative_High_Moderate,Negative_Moderate_Submissive,Negative_High_Moderate,1.044222198576529,0.0
i was upset when i was told i couldnt go home on time,angry,"Customer :Where were you at? Why couldn't you go home? Sounds frustrating.
Agent :",sad,sad,angry,"REASONING: The explicit word “upset” signals a negative emotional reaction, and being told “couldn’t go home on time” points to frustration with an external restriction rather than grief or fear. This creates moderately negative valence, fairly high arousal, and a somewhat assertive/irritated stance → closest to anger.
VAD_Estimate: [V: -0.55, A: +0.55, D: +0.20]
EMOTION: angry",[-0.55  0.55  0.2 ],0.07549834435270747,False,True,Negative_High_Moderate,Negative_Moderate_Submissive,Negative_High_Moderate,1.044222198576529,0.0
My flight was cancelled,angry,"Customer :Had a board meeting  to attend ,yet at the last hour, after delay ,it was cancelled 
Agent :",sad,sad,angry,"REASONING: The cancelled flight is a frustrating, goal-blocking event with no life-threatening ambiguity, prompting irritation and blame rather than helplessness or passive grief. This matches moderate negative valence, elevated arousal, and assertive control.
VAD_Estimate: [V: -0.55, A: +0.55, D: +0.20]
EMOTION: angry",[-0.55  0.55  0.2 ],0.07549834435270747,False,True,Negative_High_Moderate,Negative_Moderate_Submissive,Negative_High_Moderate,1.044222198576529,0.0
when a car almost hit me,angry,"Customer :I was and super upset! No blinker, didnt care, didnt even look! Kept right on going too 
Agent :",afraid,afraid,afraid,"REASONING: A near-miss car accident is a sudden, life-threatening danger with no time to assert control, triggering immediate fear and vulnerability rather than anger or sadness.
VAD_Estimate: [V: -0.70, A: +0.65, D: -0.45]
EMOTION: afraid",[-0.7   0.65 -0.45],0.7278049189171505,False,False,Negative_High_Moderate,Negative_High_Submissive,Negative_High_Submissive,0.6923871749245504,0.6923871749245504
I was upset when my dog ricky went missing,angry,"Customer :I was upset when my dog ricky went missing
Agent :",sad,sad,sad,"REASONING: The explicit emotion word “upset” signals a negative, unhappy reaction, and a missing pet is a loss/grief situation rather than an intentional harm or personal threat. This leads to negative valence, low-energy distress, and a low sense of control, matching sadness.
VAD_Estimate: [V: -0.60, A: -0.20, D: -0.30]
EMOTION: sad",[-0.6 -0.2 -0.3],0.966798841538404,False,False,Negative_High_Moderate,Negative_Moderate_Submissive,Negative_Moderate_Submissive,1.044222198576529,1.044222198576529
I'm a bit upset that my real estate career in Florida didn't go as I had planned.,angry,"Customer :Well you can with the next job
Agent :",sad,sad,sad,"REASONING: The speaker expresses disappointment about an unmet career goal, which is a negative but low-energy feeling of loss or unfulfilled expectation rather than active frustration or fear. This aligns with moderate displeasure, low arousal, and low dominance.
VAD_Estimate: [V: -0.50, A: -0.25, D: -0.35]
EMOTION: sad",[-0.5  -0.25 -0.35],1.0323274674249445,False,False,Negative_High_Moderate,Negative_Moderate_Submissive,Negative_Moderate_Submissive,1.044222198576529,1.044222198576529
I never thought my ex and I would break up for good. I think we are really done now.,angry,"Customer :I think me and my ex are broken up for good.
Agent :",sad,sad,sad,"REASONING: The speaker is expressing grief and resignation over a permanent breakup, with low energy and a sense of loss rather than anger or fear. This fits sadness: negative valence, low arousal, and low dominance.
VAD_Estimate: [V: -0.60, A: -0.30, D: -0.35]
EMOTION: sad",[-0.6  -0.3  -0.35],1.0771258050942794,False,False,Negative_High_Moderate,Negative_Moderate_Submissive,Negative_Moderate_Submissive,1.044222198576529,1.044222198576529
Why won't I get made at you?,angry,"Customer :OK ,why would you in the first place?
Agent :",joyful,joyful,angry,"REASONING: The speaker uses an explicit emotion word (""mad""), indicating anger. This involves frustration and irritation directed at someone, with moderate-to-high arousal and assertive control.

VAD_Estimate: [V: -0.55, A: +0.60, D: +0.25]
EMOTION: angry",[-0.55  0.6   0.25],0.041231056256176644,False,True,Negative_High_Moderate,Positive_High_Dominant,Negative_High_Moderate,1.2786711852544421,0.0
When I got cut from my hockey team. I worked so hard.,angry,"Customer :Can't believe they cut me.
Agent :",sad,sad,sad,"REASONING: Getting cut from a team after working hard involves loss, disappointment, and lowered self-worth, producing negative valence, low energy, and a sense of helplessness or dejection. There is no clear target for blame and no active irritation, so sadness fits best rather than anger or fear.
VAD_Estimate: [V: -0.65, A: -0.30, D: -0.35]
EMOTION: sad",[-0.65 -0.3  -0.35],1.082450922675019,False,False,Negative_High_Moderate,Negative_Moderate_Submissive,Negative_Moderate_Submissive,1.044222198576529,1.044222198576529
I came home from vacation to find my home had been broken into. They stole my grandmothers broach.,angry,"Customer :I came home from vacation to find that my home had been broken into.
Agent :",sad,sad,angry,"REASONING: The discovery of a burglary and theft of a cherished heirloom is highly upsetting, with active frustration and blame directed at the thief rather than helplessness or immediate fear. This points to high negative valence, elevated arousal, and a somewhat assertive sense of grievance/violation.
VAD_Estimate: [V: -0.60, A: +0.55, D: +0.20]
EMOTION: angry",[-0.6   0.55  0.2 ],0.11045361017187255,False,True,Negative_High_Moderate,Negative_Moderate_Submissive,Negative_High_Moderate,1.044222198576529,0.0
I had a bad encounter of someone with horrible road rage.,angry,"Customer :I had a horrible experience with someone who had a horrible case of road rage.
Agent :",afraid,afraid,afraid,"REASONING: The encounter involves another driver’s aggressive, unpredictable road rage, creating a threatening situation outside the speaker’s control. This triggers high-arousal distress and vulnerability rather than assertive confrontation.

VAD_Estimate: [V: -0.65, A: +0.60, D: -0.45]
EMOTION: afraid",[-0.65  0.6  -0.45],0.7139327699440613,False,False,Negative_High_Moderate,Negative_High_Submissive,Negative_High_Submissive,0.6923871749245504,0.6923871749245504
I spilled coffe all over my keyboard.,angry,"Customer :Oh no! Was it damaged?
Agent :",sad,sad,angry,"REASONING: The event is an annoying, unexpected mishap causing irritation and frustration rather than sadness or fear; the speaker is actively bothered but not endangered, aligning with anger.
VAD_Estimate: [V: -0.55, A: +0.60, D: +0.20]
EMOTION: angry",[-0.55  0.6   0.2 ],0.06480740698407862,False,True,Negative_High_Moderate,Negative_Moderate_Submissive,Negative_High_Moderate,1.044222198576529,0.0
when i moved into my new apartment,angry,"Customer :cockroaches everywhere... gross
Agent :",joyful,joyful,joyful,"REASONING: Moving into a new apartment is typically a positive life change associated with excitement, fresh starts, and a sense of control over one’s environment. The valence is pleasant, arousal is moderately high due to anticipation, and dominance is elevated because the person is taking charge of a new space.
VAD_Estimate: [V: +0.70, A: +0.50, D: +0.40]
EMOTION: joyful",[0.7 0.5 0.4],1.2225792407856433,False,False,Negative_High_Moderate,Positive_High_Dominant,Positive_High_Dominant,1.2786711852544421,1.2786711852544421
Our home was broken into right after we moved in and I felt this way.,angry,"Customer :It was. I am so thankful we were not home.
Agent :",afraid,afraid,afraid,"REASONING: A home break-in is an invasive, uncontrollable threat to personal safety, triggering high distress and vulnerability rather than active anger or joy. This aligns with strongly negative valence, high arousal, and low dominance.
VAD_Estimate: [V: -0.70, A: +0.65, D: -0.45]
EMOTION: afraid",[-0.7   0.65 -0.45],0.7278049189171505,False,False,Negative_High_Moderate,Negative_High_Submissive,Negative_High_Submissive,0.6923871749245504,0.6923871749245504
someone almost killed me the other day,angry,"Customer :what?!?! how? what happend if you dont mind me asking
Agent :",afraid,afraid,afraid,"REASONING: The event involves a life-threatening situation caused by another person, which would trigger intense fear and vulnerability rather than confrontational anger. Valence is strongly negative, arousal is high, and control is low due to helplessness.
VAD_Estimate: [V: -0.70, A: +0.65, D: -0.45]
EMOTION: afraid",[-0.7   0.65 -0.45],0.7278049189171505,False,False,Negative_High_Moderate,Negative_High_Submissive,Negative_High_Submissive,0.6923871749245504,0.6923871749245504
I watched a scary movie lasy. I had so many nightmares.,angry,"Customer :what movie was it? 
Agent :",afraid,afraid,afraid,"REASONING: Watching a scary movie and experiencing nightmares involves a threatening, uncontrollable experience during sleep, causing distress and vulnerability. This aligns with high negative arousal and low dominance rather than anger, sadness, or joy.
VAD_Estimate: [V: -0.65, A: +0.55, D: -0.40]
EMOTION: afraid",[-0.65  0.55 -0.4 ],0.6661080993352355,False,False,Negative_High_Moderate,Negative_High_Submissive,Negative_High_Submissive,0.6923871749245504,0.6923871749245504
I was walking up out of the kitchen yesterday and I spilled my bowl of cereal all over myself.,angry,"Customer :I was walking out of the kitchen yesterday and I spilled my bowl of cereal all over myself.
Agent :",sad,sad,angry,"REASONING: The event is an annoying, minor mishap rather than a threat or loss. The speaker likely felt frustrated and irritated about the messy accident, with moderate physical/emotional activation and some sense of self-directed control or blame.  
VAD_Estimate: [V: -0.50, A: +0.45, D: +0.20]  
EMOTION: angry",[-0.5   0.45  0.2 ],0.14899664425751336,False,True,Negative_High_Moderate,Negative_Moderate_Submissive,Negative_High_Moderate,1.044222198576529,0.0
I recently discovered that my wife of 15 years is cheating on me.  She has been seeing my best friend of 20 years.  I am devastated.,angry,"Customer :My wife has been cheating on me, worst yet is that it was with my best friend of 20 years.
Agent :",sad,sad,sad,"REASONING: The explicit emotion word “devastated” signals deep grief and emotional pain from betrayal, so the dominant felt emotion is sadness rather than anger. Valence is strongly negative, arousal is relatively low/deflated, and dominance is low due to helplessness and loss.

VAD_Estimate: [V: -0.75, A: -0.25, D: -0.45]
EMOTION: sad",[-0.75 -0.25 -0.45],1.1194641575325224,False,False,Negative_High_Moderate,Negative_Moderate_Submissive,Negative_Moderate_Submissive,1.044222198576529,1.044222198576529
My nephew told me once of something really stupid that he would do if the situation arose.,angry,"Customer :He would drink bleach. That really made my blood boil.
Agent :",afraid,afraid,afraid,"REASONING: The speaker recounts their nephew revealing a risky or foolish plan, which suggests worry or apprehension about potential harm rather than anger, sadness, or joy. Valence is negative, arousal is moderately elevated, and dominance is low because the speaker has little control over the nephew’s choices.
VAD_Estimate: [V: -0.50, A: +0.40, D: -0.35]
EMOTION: afraid",[-0.5   0.4  -0.35],0.6294441992742487,False,False,Negative_High_Moderate,Negative_High_Submissive,Negative_High_Submissive,0.6923871749245504,0.6923871749245504
I broke my favorite vase.  I am so upset with myself.,angry,"Customer :Oh no! What had happened?
Agent :",sad,sad,angry,"REASONING: The speaker is upset and directs frustration at themselves for causing the break, indicating self-blame and irritation rather than helplessness or sadness. This is a negative, moderately high-arousal state with some assertive self-criticism, closest to anger.
VAD_Estimate: [V: -0.55, A: +0.50, D: +0.10]
EMOTION: angry",[-0.55  0.5   0.1 ],0.1794435844492636,False,True,Negative_High_Moderate,Negative_Moderate_Submissive,Negative_High_Moderate,1.044222198576529,0.0
My best friend had to leave town to help take care of her mother who was diagnosed with lung cancer.  Her husband agreed she needed to go and then filed for divorce,angry,"Customer :I feel sorry for your friend.
Agent :",sad,sad,angry,"REASONING: The situation involves a clear betrayal by a specific person—the husband agreed to her leaving, then filed for divorce—which triggers frustration, resentment, and blame rather than helpless fear or passive grief. Valence is strongly negative, arousal is elevated, and there is enough assertive displeasure to align with anger.
VAD_Estimate: [V: -0.55, A: +0.60, D: +0.20]
EMOTION: angry",[-0.55  0.6   0.2 ],0.06480740698407862,False,True,Negative_High_Moderate,Negative_Moderate_Submissive,Negative_High_Moderate,1.044222198576529,0.0
I lost my car keys at a bar last night.,angry,"Customer :Oh my god! Well please get ALL your locks changed. The car will be more difficult however hopefully they have no idea where you live so you should be ok.
Agent :",sad,sad,angry,"REASONING: Losing car keys is an unpleasant, frustrating inconvenience that triggers irritation and active problem-solving, not helpless fear or low-energy sadness. The negativity is moderate, arousal is moderately high, and the speaker retains some control in blaming the situation or themselves.
VAD_Estimate: [V: -0.50, A: +0.55, D: +0.20]
EMOTION: angry",[-0.5   0.55  0.2 ],0.06480740698407855,False,True,Negative_High_Moderate,Negative_Moderate_Submissive,Negative_High_Moderate,1.044222198576529,0.0
"I wanted to take friday off but, I'm unable too.",angry,"Customer :Did you already make plans?
Agent :",sad,sad,sad,"REASONING: The speaker expresses a blocked desire or plan, with a tone of resignation and disappointment rather than active frustration or fear. This is low-energy negative affect with a sense of powerlessness to change the situation.  
VAD_Estimate: [V: -0.55, A: -0.30, D: -0.40]  
EMOTION: sad",[-0.55 -0.3  -0.4 ],1.1028145809699834,False,False,Negative_High_Moderate,Negative_Moderate_Submissive,Negative_Moderate_Submissive,1.044222198576529,1.044222198576529
A friend of mine misunderstood I was saying,angry,"Customer :what did?
Agent :",sad,sad,angry,"REASONING: The friend’s misunderstanding is a specific interpersonal frustration caused by another person, leading to irritation and annoyance rather than helplessness or sadness. This involves negative valence, moderately high arousal, and a sense of assertive blame toward the friend.
VAD_Estimate: [V: -0.55, A: +0.50, D: +0.20]
EMOTION: angry",[-0.55  0.5   0.2 ],0.1104536101718726,False,True,Negative_High_Moderate,Negative_Moderate_Submissive,Negative_High_Moderate,1.044222198576529,0.0
"I wanted to take friday off but, I'm unable too.",angry,"Customer :I wanted to take friday off but, I'm unable too.
Agent :",sad,sad,sad,"REASONING: The speaker faces a thwarted plan with no clear target to blame, producing disappointment and resignation rather than active frustration. Valence is negative, arousal is relatively low, and dominance is low because the speaker feels unable to change the situation.
VAD_Estimate: [V: -0.45, A: -0.20, D: -0.40]
EMOTION: sad",[-0.45 -0.2  -0.4 ],1.0247926619565542,False,False,Negative_High_Moderate,Negative_Moderate_Submissive,Negative_Moderate_Submissive,1.044222198576529,1.044222198576529
A friend of mine misunderstood I was saying,angry,"Customer :I was trying to settle a score him and his girl friend, then I mentioned her qualities while trying to convince him
Agent :",sad,sad,angry,"REASONING: The speaker is describing an interpersonal frustration caused by a friend’s misunderstanding, which creates mild irritation and a sense of being annoyed rather than sad or afraid. This is a specific, avoidable social frustration with some assertive irritation → anger.
VAD_Estimate: [V: -0.50, A: +0.40, D: +0.10]
EMOTION: angry",[-0.5  0.4  0.1],0.2422808287917143,False,True,Negative_High_Moderate,Negative_Moderate_Submissive,Negative_High_Moderate,1.044222198576529,0.0
I am upset that my partner has put me through so much..and now going through more while he is away and trying to get treatment. In one sense I miss him..in the other..I am not sure I could ever be around him again.,angry,"Customer :I hope you guys get through it
Agent :",sad,sad,angry,"REASONING: The speaker explicitly says “upset” and blames their partner for ongoing pain, indicating frustration and resentment rather than helpless fear or passive sadness. The arousal is moderately high from irritation, and dominance is somewhat assertive because the speaker is considering setting a boundary.  
VAD_Estimate: [V: -0.55, A: +0.55, D: +0.20]  
EMOTION: angry",[-0.55  0.55  0.2 ],0.07549834435270747,False,True,Negative_High_Moderate,Negative_Moderate_Submissive,Negative_High_Moderate,1.044222198576529,0.0
I steam cleaned my antique rugs last night but because they are so old they have ta horrible smell. I wish I would have just left them dirty.,angry,"Customer :probably not. I wish I would have just left them dirty. I have them airing out outside now.
Agent :",sad,sad,sad,"REASONING: The situation involves an unpleasant outcome and regret over a past action, with no clear target for blame and low energy, passive dissatisfaction rather than active anger or fear. This aligns with disappointment/dejection.
VAD_Estimate: [V: -0.60, A: -0.25, D: -0.35]
EMOTION: sad",[-0.6  -0.25 -0.35],1.0361949623502325,False,False,Negative_High_Moderate,Negative_Moderate_Submissive,Negative_Moderate_Submissive,1.044222198576529,1.044222198576529
when my nieces play with my devices,angry,"Customer :every time i leave my room and see that my nieces have been on my devices like my phone or lab top it gets a little upset, as they change all my settings and close all my tabs
Agent :",afraid,afraid,angry,"REASONING: The speaker’s devices are being handled by their nieces, which implies potential misuse or damage and likely causes irritation or frustration directed at a specific source. Valence is negative, arousal is moderately high from annoyance, and dominance is somewhat assertive because the speaker can set boundaries.

VAD_Estimate: [V: -0.55, A: +0.55, D: +0.20]
EMOTION: angry",[-0.55  0.55  0.2 ],0.07549834435270747,False,True,Negative_High_Moderate,Negative_High_Submissive,Negative_High_Moderate,0.6923871749245504,0.0
I lost my favorite jacket and I can't find it. It was quite expensive and not easily replaced,angry,"Customer :I lost my favorite jacket and I can't find it
Agent :",sad,sad,sad,"REASONING: The situation involves the loss of a valued, expensive, and irreplaceable item, producing disappointment and a sense of loss with low energy and helplessness rather than anger or fear. This aligns with sadness: negative valence, low-to-moderate arousal, and decreased control.
VAD_Estimate: [V: -0.55, A: -0.15, D: -0.30]
EMOTION: sad",[-0.55 -0.15 -0.3 ],0.922875939658197,False,False,Negative_High_Moderate,Negative_Moderate_Submissive,Negative_Moderate_Submissive,1.044222198576529,1.044222198576529
I found out my group of friends went to the beach last weekend and did not invite me for some reason. I don't really know why though?,angry,"Customer :That was rude. Did you confront them?
Agent :",sad,sad,sad,"REASONING: The speaker is excluded by friends without explanation, which triggers feelings of rejection, hurt, and confusion rather than active irritation or confrontation. This is low-energy, passive distress with a sense of low control, aligning with sadness.
VAD_Estimate: [V: -0.60, A: -0.25, D: -0.35]
EMOTION: sad",[-0.6  -0.25 -0.35],1.0361949623502325,False,False,Negative_High_Moderate,Negative_Moderate_Submissive,Negative_Moderate_Submissive,1.044222198576529,1.044222198576529
when i moved into my new apartment,angry,"Customer :I had such a bad experience moving into this apartment months ago... 
Agent :",joyful,joyful,joyful,"REASONING: Moving into a new apartment is generally a positive life event associated with excitement, fresh starts, and personal agency, yielding pleasant valence, moderate-to-high arousal, and a sense of control.
VAD_Estimate: [V: +0.70, A: +0.45, D: +0.40]
EMOTION: joyful",[0.7  0.45 0.4 ],1.227273400673216,False,False,Negative_High_Moderate,Positive_High_Dominant,Positive_High_Dominant,1.2786711852544421,1.2786711852544421
I once found out that my mother threw away my drawing.,angry,"Customer :What was the drawing of?
Agent :",sad,sad,sad,"REASONING: The drawing was meaningful and its loss is treated as a personal, irreversible loss rather than an active confrontation. The event likely triggered hurt and dejection, with low energy and a sense of helplessness over the mother’s action, consistent with sadness.
VAD_Estimate: [V: -0.60, A: -0.25, D: -0.35]
EMOTION: sad",[-0.6  -0.25 -0.35],1.0361949623502325,False,False,Negative_High_Moderate,Negative_Moderate_Submissive,Negative_Moderate_Submissive,1.044222198576529,1.044222198576529
"I wanted to take friday off but, I'm unable too.",angry,"Customer :So what are you going to do? Reschedule?
Agent :",sad,sad,sad,"REASONING: The speaker faces a blocked plan and expresses resignation rather than active frustration. This is low-energy displeasure with a sense of limited control, fitting sadness.
VAD_Estimate: [V: -0.55, A: -0.30, D: -0.35]
EMOTION: sad",[-0.55 -0.3  -0.35],1.0741042779916667,False,False,Negative_High_Moderate,Negative_Moderate_Submissive,Negative_Moderate_Submissive,1.044222198576529,1.044222198576529
I was cut off today and crashed my car to avoid colliding with someone.,angry,"Customer :I am, just a little bit winded. Also very angry that the person just drove away like nothing happened!
Agent :",afraid,afraid,afraid,"REASONING: The event involves a sudden driving emergency and a crash, creating immediate physical danger and helplessness rather than deliberate anger toward the other driver. Valence is strongly negative, arousal is high due to panic, and dominance is low because the situation is uncontrollable and threatening.
VAD_Estimate: [V: -0.70, A: +0.75, D: -0.45]
EMOTION: afraid",[-0.7   0.75 -0.45],0.7427651041883968,False,False,Negative_High_Moderate,Negative_High_Submissive,Negative_High_Submissive,0.6923871749245504,0.6923871749245504
I came back last week at home and I found that my girlfriend left me. She took with her some of my stuff,angry,"Customer :Last week, when I came back at home, I found that my girlfriend left me. She took with her some of my stuff
Agent :",sad,sad,sad,"REASONING: The situation involves the loss of a romantic relationship and the associated grief of abandonment, which is more consistent with sadness than anger because the focus is on loss rather than confrontation. Valence is strongly negative, arousal is low/dejected, and dominance is low due to the unexpected, uncontrollable nature of the breakup.
VAD_Estimate: [V: -0.70, A: -0.35, D: -0.40]
EMOTION: sad",[-0.7  -0.35 -0.4 ],1.1585335558368606,False,False,Negative_High_Moderate,Negative_Moderate_Submissive,Negative_Moderate_Submissive,1.044222198576529,1.044222198576529
My nephew told me once of something really stupid that he would do if the situation arose.,angry,"Customer :My nephew told me once of something really stupid that he would do if the situation arose
Agent :",afraid,afraid,sad,"REASONING: The phrase “really stupid” gives a mildly negative tone, but there is no immediate threat or active anger—just a low-energy, resigned concern about the nephew’s poor judgment. This aligns with disappointment and low control rather than fear or anger.
VAD_Estimate: [V: -0.45, A: -0.25, D: -0.35]
EMOTION: sad",[-0.45 -0.25 -0.35],1.034021276376845,False,False,Negative_High_Moderate,Negative_High_Submissive,Negative_Moderate_Submissive,0.6923871749245504,1.044222198576529
I was cut off today and crashed my car to avoid colliding with someone.,angry,"Customer :Oh no! Are you ok?
Agent :",afraid,afraid,afraid,"REASONING: Being cut off and crashing to avoid a collision is a sudden, dangerous, life-threatening event. The speaker experiences high negative arousal and a strong lack of control, consistent with fear rather than anger.
VAD_Estimate: [V: -0.70, A: +0.65, D: -0.45]
EMOTION: afraid",[-0.7   0.65 -0.45],0.7278049189171505,False,False,Negative_High_Moderate,Negative_High_Submissive,Negative_High_Submissive,0.6923871749245504,0.6923871749245504
"A bit upset I was up all night again, not my dogs fault so much as she is just a new momma.",angry,"Customer :A bit upset I was up all night again, not my dogs fault so much as she is just a new momma.
Agent :",sad,sad,sad,"REASONING: The speaker is mildly negative and tired from being up all night, with an accepting, non-blaming tone toward the dog. This reflects low energy, resignation, and low control rather than active irritation or confrontation.  
VAD_Estimate: [V: -0.50, A: -0.20, D: -0.30]  
EMOTION: sad",[-0.5 -0.2 -0.3],0.9626525853079085,False,False,Negative_High_Moderate,Negative_Moderate_Submissive,Negative_Moderate_Submissive,1.044222198576529,1.044222198576529
I was upset when my dog ran away,angry,"Customer :I was upset when my dog ran away
Agent :",sad,sad,sad,"REASONING: The speaker describes feeling upset upon losing their dog; this is a loss-related event with no clear target for blame, suggesting dejection and helplessness rather than anger or fear. This aligns with negative valence, low arousal, and low dominance, closest to sadness.
VAD_Estimate: [V: -0.55, A: -0.15, D: -0.30]
EMOTION: sad",[-0.55 -0.15 -0.3 ],0.922875939658197,False,False,Negative_High_Moderate,Negative_Moderate_Submissive,Negative_Moderate_Submissive,1.044222198576529,1.044222198576529
My boyfriend cheated on me while I was away visiting family.,angry,"Customer :Sorry to hear about that. Did you ask him to move out of the house?
Agent :",sad,sad,angry,"REASONING: This is a personal betrayal by a specific person, causing high negative arousal and irritation rather than helpless fear; the speaker likely feels frustrated and blames the boyfriend, which fits anger more than sadness.
VAD_Estimate: [V: -0.65, A: +0.55, D: +0.20]
EMOTION: angry",[-0.65  0.55  0.2 ],0.15394804318340652,False,True,Negative_High_Moderate,Negative_Moderate_Submissive,Negative_High_Moderate,1.044222198576529,0.0
i went out with a couple friends to a local bar and we were having a great time. then my friend said he was going to step out and do some drugs and i knew my friend for years and i told him no just stay and party with us but he declined and i started yelling at him and he punched me. i felt like he chose the drugs over our friendship,angry,"Customer :so a couple weeks ago i went out partying with some friends and while we were drinking my friend went out to do drugs to feel better but since i was his bestfriend i didnt like to see him throw his life away like that and mentioned that we were already drinking he didnt need to get higher but he refused so i started yelling to chill out and he shoved me to the ground. i felt he chose the drugs over friends
Agent :",sad,sad,angry,"REASONING: The negative event centers on a specific friend who rejected his plea and then punched him, while the speaker’s behavior (yelling) signals active frustration and confrontation rather than helplessness. This points to high arousal, negative valence, and assertive/dominant control, matching anger rather than fear or sadness.
VAD_Estimate: [V: -0.55, A: +0.60, D: +0.20]
EMOTION: angry",[-0.55  0.6   0.2 ],0.06480740698407862,False,True,Negative_High_Moderate,Negative_Moderate_Submissive,Negative_High_Moderate,1.044222198576529,0.0
I lost my wallet at work today.  I am so upset I did that.,angry,"Customer :Yes, I am so upset I lost it.
Agent :",sad,sad,sad,"REASONING: Losing a wallet is an unpleasant, self-directed mistake; saying ""so upset"" conveys disappointment and regret rather than outward anger or fear. This is low-energy distress with a sense of lost control, matching sadness.
VAD_Estimate: [V: -0.55, A: -0.25, D: -0.35]
EMOTION: sad",[-0.55 -0.25 -0.35],1.0330537256115966,False,False,Negative_High_Moderate,Negative_Moderate_Submissive,Negative_Moderate_Submissive,1.044222198576529,1.044222198576529
Bought a laptop I really needed last month. The price went down by $200. Wish I would have waited.,angry,"Customer :No. It's been too long.
Agent :",sad,sad,sad,"REASONING: The speaker is expressing regret and disappointment about a past purchasing decision, with no target for blame or active irritation. This is passive, low-energy discontent rather than anger or fear.
VAD_Estimate: [V: -0.55, A: -0.30, D: -0.35]
EMOTION: sad",[-0.55 -0.3  -0.35],1.0741042779916667,False,False,Negative_High_Moderate,Negative_Moderate_Submissive,Negative_Moderate_Submissive,1.044222198576529,1.044222198576529
that dang storm last week upset me,angry,"Customer :why did it upset you?
Agent :",sad,sad,angry,"REASONING: The speaker explicitly says the storm ""upset"" them and uses ""dang"" to blame the storm, indicating irritation and frustration rather than fear or sadness. This is moderately negative with active arousal and a somewhat assertive blaming stance.
VAD_Estimate: [V: -0.55, A: +0.55, D: +0.20]
EMOTION: angry",[-0.55  0.55  0.2 ],0.07549834435270747,False,True,Negative_High_Moderate,Negative_Moderate_Submissive,Negative_High_Moderate,1.044222198576529,0.0
"I wanted to take friday off but, I'm unable too.",angry,"Customer :yes
Agent :",sad,sad,sad,"REASONING: The speaker expresses a blocked desire, leading to disappointment and resignation rather than active frustration or fear. The negative outcome is unavoidable, so valence is negative, arousal is low, and dominance is low.
VAD_Estimate: [V: -0.50, A: -0.20, D: -0.40]
EMOTION: sad",[-0.5 -0.2 -0.4],1.023083574298796,False,False,Negative_High_Moderate,Negative_Moderate_Submissive,Negative_Moderate_Submissive,1.044222198576529,1.044222198576529
"i dont know why i keep going to mcdonalds anymore , they always get my stuff bad",angry,"Customer :everytime i go to mcdonalds they always get my orders wrong , leaving me angry its my fault for always going there 
Agent :",sad,sad,angry,"REASONING: The speaker is expressing frustration and irritation with McDonald’s, blaming the restaurant for repeatedly getting their order wrong. This is active complaining with a clear target, indicating high displeasure, moderate arousal, and some assertive blame rather than helplessness or sadness.
VAD_Estimate: [V: -0.55, A: +0.50, D: +0.20]
EMOTION: angry",[-0.55  0.5   0.2 ],0.1104536101718726,False,True,Negative_High_Moderate,Negative_Moderate_Submissive,Negative_High_Moderate,1.044222198576529,0.0
My husband gets cranky when he gets woken up and takes it out on me.,angry,"Customer :My husband takes it out on me when he gets woken up and it makes me so mad.
Agent :",sad,sad,angry,"REASONING: The speaker describes being mistreated by her husband, a clear interpersonal frustration with blame directed at him, producing irritation rather than helplessness or sadness. This is moderately high-arousal displeasure with assertive complaint, fitting anger.
VAD_Estimate: [V: -0.55, A: +0.55, D: +0.20]
EMOTION: angry",[-0.55  0.55  0.2 ],0.07549834435270747,False,True,Negative_High_Moderate,Negative_Moderate_Submissive,Negative_High_Moderate,1.044222198576529,0.0
"I took this girl on a really nice date and then she said that it went well. Then, out of the blue, she dumped me and said she wasn't ready.",angry,"Customer :How did she dump you?
Agent :",sad,sad,sad,"REASONING: Unexpected romantic rejection after a positive date triggers heartbreak and dejection rather than active anger or fear, with low energy and a diminished sense of control.
VAD_Estimate: [V: -0.65, A: -0.25, D: -0.40]
EMOTION: sad",[-0.65 -0.25 -0.4 ],1.0713076122197582,False,False,Negative_High_Moderate,Negative_Moderate_Submissive,Negative_Moderate_Submissive,1.044222198576529,1.044222198576529
I need a root canal.,angry,"Customer :No I have not I feel like it is my fault and I should have brushed more
Agent :",afraid,afraid,afraid,"REASONING: Needing a root canal suggests anticipating a painful and intimidating dental procedure, with low personal control and anxious dread rather than anger or sadness.
VAD_Estimate: [V: -0.60, A: +0.55, D: -0.45]
EMOTION: afraid",[-0.6   0.55 -0.45],0.7068946173228369,False,False,Negative_High_Moderate,Negative_High_Submissive,Negative_High_Submissive,0.6923871749245504,0.6923871749245504
"My mom said I had to get rid of our family dog because she was allergic. I cried for a week it was unbearable, I resented her.",angry,"Customer :My dog's name was Cookie.
Agent :",sad,sad,angry,"REASONING: The speaker explicitly says “I resented her,” indicating anger and blame toward a specific person (their mom). The event is negative and emotionally intense, with a sense of being wronged, so valence is negative, arousal is moderately high, and dominance is slightly assertive rather than helpless.  
VAD_Estimate: [V: -0.52, A: +0.55, D: +0.22]  
EMOTION: angry",[-0.52  0.55  0.22],0.05099019513592779,False,True,Negative_High_Moderate,Negative_Moderate_Submissive,Negative_High_Moderate,1.044222198576529,0.0
I am upset the baseball game got canceled.,angry,"Customer :I am upset the baseball game got canceled.
Agent :",sad,sad,sad,"REASONING: The speaker explicitly says “upset,” indicating a negative emotional state. The canceled game likely causes disappointment and deflation rather than active anger or fear, with low control over the situation.

VAD_Estimate: [V: -0.55, A: -0.10, D: -0.30]
EMOTION: sad",[-0.55 -0.1  -0.3 ],0.8832893070789434,False,False,Negative_High_Moderate,Negative_Moderate_Submissive,Negative_Moderate_Submissive,1.044222198576529,1.044222198576529
I broke my coffee maker and now i can't make coffee,angry,"Customer :Anyplace near you where you can get a cup?
Agent :",sad,sad,angry,"REASONING: The speaker is frustrated and irritated by the self-caused inconvenience of losing their coffee routine, which is negative in valence and moderately high in arousal. This is active complaining rather than passive sadness, so the closest match is anger.
VAD_Estimate: [V: -0.52, A: +0.55, D: +0.25]
EMOTION: angry",[-0.52  0.55  0.25],0.04123105625617653,False,True,Negative_High_Moderate,Negative_Moderate_Submissive,Negative_High_Moderate,1.044222198576529,0.0
I was really upset when I found out that the Dallas Cowboys were going to let go of Dez Bryant. I think he's a really good wide receiver if only he wouldn't run his mouth.,angry,"Customer :I agree Emmett Smith is an awesome runningback.  Dez Bryant just ran his mouth too much and was too emotional.  It's a shame and he's still unemployed.  How upsetting.  Troy Aikman was a great quarterback and a great commentator.
Agent :",sad,sad,angry,"REASONING: The speaker explicitly says they were “really upset,” and the tone is one of active frustration and complaint about a specific decision, not helplessness or low-energy sadness. This fits high displeasure, moderate-high arousal, and some assertive control.
VAD_Estimate: [V: -0.55, A: +0.55, D: +0.20]
EMOTION: angry",[-0.55  0.55  0.2 ],0.07549834435270747,False,True,Negative_High_Moderate,Negative_Moderate_Submissive,Negative_High_Moderate,1.044222198576529,0.0
My mother got scammed out of hundreds of dollars.  It was some internet phishing thing.  She had no recourse.,angry,"Customer :My mom got scammed out of hundreds of dollars.
Agent :",sad,sad,angry,"REASONING: The event is clearly negative and caused by a specific outside party (internet scammers), which triggers frustration and blame rather than helpless fear. The mention of “no recourse” adds irritation over injustice but does not shift the emotion into sadness or vulnerability.

VAD_Estimate: [V: -0.60, A: +0.60, D: +0.20]
EMOTION: angry",[-0.6  0.6  0.2],0.10344080432788597,False,True,Negative_High_Moderate,Negative_Moderate_Submissive,Negative_High_Moderate,1.044222198576529,0.0
I can't believe my favorite restaurant was closed today. I was so upset.,angry,"Customer :Im sorry, I know how much that stinks, like when you really really want Chickfila and its Sunday...
Agent :",sad,sad,sad,"REASONING: The restaurant being closed is a disappointing, external circumstance with no specific person to blame, causing frustration and dejection rather than anger or fear. The phrase “so upset” reflects negative valence, low-to-moderate arousal, and a low sense of control, aligning closest with sadness.
VAD_Estimate: [V: -0.65, A: -0.25, D: -0.35]
EMOTION: sad",[-0.65 -0.25 -0.35],1.0417293314484333,False,False,Negative_High_Moderate,Negative_Moderate_Submissive,Negative_Moderate_Submissive,1.044222198576529,1.044222198576529
I lost another wallet today. I just can't keep up with those things,angry,"Customer :I have lost every single one I have ever had.
Agent :",sad,sad,angry,"REASONING: The situation involves repeated frustration and self-directed irritation about losing a wallet, not life-threatening fear or passive grief. There is negative valence, moderately high arousal from annoyance, and a slight loss of control due to repeated carelessness.
VAD_Estimate: [V: -0.55, A: +0.50, D: -0.10]
EMOTION: angry",[-0.55  0.5  -0.1 ],0.36359317925395684,False,True,Negative_High_Moderate,Negative_Moderate_Submissive,Negative_High_Moderate,1.044222198576529,0.0
"I was having a party and had my cats locked up and told them and had a note on the door to not open it, well someone did and my cat got out and ran over.",angry,"Customer :Yes, I had a party and one of my friends let him out and he was ran over.
Agent :",sad,sad,sad,"REASONING: The speaker describes a sudden, preventable harm to their pet after someone ignored explicit instructions, triggering grief and helplessness rather than assertive confrontation. The event is strongly negative, high-arousal, and dominated by vulnerability/loss of control.
VAD_Estimate: [V: -0.80, A: +0.60, D: -0.50]
EMOTION: sad",[-0.8  0.6 -0.5],0.8041765975207187,False,False,Negative_High_Moderate,Negative_Moderate_Submissive,Negative_Moderate_Submissive,1.044222198576529,1.044222198576529
I can not even think about losing any more money!,angry,"Customer :I have thought about it, but unable to 
Agent :",afraid,afraid,afraid,"REASONING: The situation involves a strongly negative focus on potential financial loss with an urgent, agitated tone (""cannot even think about...!""), indicating high arousal and a sense of helplessness/vulnerability. There is no specific person or entity to blame, so the threat feels ambiguous and dread-based rather than anger-driven.
VAD_Estimate: [V: -0.65, A: +0.60, D: -0.40]
EMOTION: afraid",[-0.65  0.6  -0.4 ],0.664981202741852,False,False,Negative_High_Moderate,Negative_High_Submissive,Negative_High_Submissive,0.6923871749245504,0.6923871749245504
"Before my birthday, my boyfriend tried to get me to pick menu items that everyone could eat--including him. This meant I picked place that served only chicken because it's the only meat my boyfriend can have due to his digestive/health issue. Of course, I got anxious and upset because the place I picked was serving healthy food--my preference--but the serving sizes were missing and I couldn't tell what ingredients were in what; this lead to us arguing.",angry,"Customer :Big fight. These kinds of things--picking out foods--make me very frustrated because I have ADHD/Aspergers. 
Agent :",afraid,afraid,afraid,"REASONING: The speaker explicitly says she felt “anxious and upset” during the event, which signals fear-based distress rather than joy or sadness. The anxiety comes from uncertainty about the food and ingredients, a situation where she feels low control and high unease, even though arguing adds frustration.
VAD_Estimate: [V: -0.60, A: +0.55, D: -0.42]
EMOTION: afraid",[-0.6   0.55 -0.42],0.6772001181334805,False,False,Negative_High_Moderate,Negative_High_Submissive,Negative_High_Submissive,0.6923871749245504,0.6923871749245504
Some sad individual could be calmed down by a sweet word,angry,"Customer :Sweet words u know can calm nerves
Agent :",sad,sad,sad,"REASONING: The explicit emotion word ""sad"" identifies the individual's emotional state; being calmed by a sweet word suggests low mood, low energy, and a vulnerable or comfort-seeking state.  
VAD_Estimate: [V: -0.63, A: -0.27, D: -0.33]  
EMOTION: sad",[-0.63 -0.27 -0.33],1.044222198576529,False,False,Negative_High_Moderate,Negative_Moderate_Submissive,Negative_Moderate_Submissive,1.044222198576529,1.044222198576529
I stubbed my toe on the side of my bed this morning. It's still hurting.,angry,"Customer :I stubbed my toe on the side of my bed this morning, it's still hurting!
Agent :",sad,sad,angry,"REASONING: Stubbing a toe is a frustrating, physically painful event with a clear external cause (the bed), leading to irritation rather than fear or sadness. The negative experience has moderate-to-high arousal and a sense of annoyance/assertive reaction toward the object.
VAD_Estimate: [V: -0.55, A: +0.55, D: +0.20]
EMOTION: angry",[-0.55  0.55  0.2 ],0.07549834435270747,False,True,Negative_High_Moderate,Negative_Moderate_Submissive,Negative_High_Moderate,1.044222198576529,0.0
Someone broke into my home right after I moved in and I felt this way after it happened.,angry,"Customer :Oh my god! Are you ok? was anyone home? Did they take anything important?
Agent :",afraid,afraid,afraid,"REASONING: A home break-in is a sudden violation of personal safety and private space, creating strongly negative feelings, high anxious arousal, and a sense of vulnerability and loss of control. This matches fear more than anger because the focus is on feeling unsafe rather than directing blame or seeking confrontation.
VAD_Estimate: [V: -0.70, A: +0.60, D: -0.40]
EMOTION: afraid",[-0.7  0.6 -0.4],0.6772739475278818,False,False,Negative_High_Moderate,Negative_High_Submissive,Negative_High_Submissive,0.6923871749245504,0.6923871749245504
"Before my birthday, my boyfriend tried to get me to pick menu items that everyone could eat--including him. This meant I picked place that served only chicken because it's the only meat my boyfriend can have due to his digestive/health issue. Of course, I got anxious and upset because the place I picked was serving healthy food--my preference--but the serving sizes were missing and I couldn't tell what ingredients were in what; this lead to us arguing.",angry,"Customer :Oh? Big fight or one of those little fights?
Agent :",afraid,afraid,afraid,"REASONING: The explicit word “anxious” anchors the emotion; unclear ingredients and missing serving sizes create uncertainty and worry, especially given the boyfriend’s health issue, leading to high arousal and low perceived control. The later arguing adds frustration but does not override the anxious/fear response.
VAD_Estimate: [V: -0.65, A: +0.58, D: -0.45]
EMOTION: afraid",[-0.65  0.58 -0.45],0.7139327699440613,False,False,Negative_High_Moderate,Negative_High_Submissive,Negative_High_Submissive,0.6923871749245504,0.6923871749245504
I steam cleaned my antique rugs last night but because they are so old they have ta horrible smell. I wish I would have just left them dirty.,angry,"Customer :Maybe the dirt adds to the whole antique feel of them. 
Agent :",sad,sad,angry,"REASONING: The situation involves frustration and regret over a self-inflicted annoyance, with active irritation rather than sadness or fear. Negative valence, moderate arousal from irritation, and some sense of control/assertiveness in complaining fit anger.
VAD_Estimate: [V: -0.55, A: +0.45, D: +0.10]
EMOTION: angry",[-0.55  0.45  0.1 ],0.2090454496036687,False,True,Negative_High_Moderate,Negative_Moderate_Submissive,Negative_High_Moderate,1.044222198576529,0.0
my chief in my company scold me for the unnecessary reason.it makes me felt bad,angry,"Customer :last day ,in my office my chief scolded me very rustic way for the unnecessary reason.it was so irrirtating
Agent :",sad,sad,angry,"REASONING: The speaker was unfairly scolded by a specific person (their chief), which triggers irritation and resentment rather than helplessness or sadness. Negative valence, moderately high arousal, and a sense of assertive blame align with anger.
VAD_Estimate: [V: -0.55, A: +0.55, D: +0.20]
EMOTION: angry",[-0.55  0.55  0.2 ],0.07549834435270747,False,True,Negative_High_Moderate,Negative_Moderate_Submissive,Negative_High_Moderate,1.044222198576529,0.0
My flight was cancelled,angry,"Customer :That is unfortunate. You must have really angry to have wasted your time.
Agent :",sad,sad,angry,"REASONING: The cancelled flight is a negative, frustrating disruption likely directed at the airline, producing irritation and active annoyance rather than helplessness or low-energy sadness. Valence is negative, arousal is moderately high, and there is some assertive frustration rather than vulnerability.

VAD_Estimate: [V: -0.55, A: +0.55, D: +0.20]
EMOTION: angry",[-0.55  0.55  0.2 ],0.07549834435270747,False,True,Negative_High_Moderate,Negative_Moderate_Submissive,Negative_High_Moderate,1.044222198576529,0.0
When I got cut from my hockey team. I worked so hard.,angry,"Customer :who cut you?
Agent :",sad,sad,sad,"REASONING: Being cut from the team after working hard is a rejection and loss that triggers disappointment, dejection, and low energy, rather than active anger or fear. The negative valence and low dominance align most closely with sadness.
VAD_Estimate: [V: -0.65, A: -0.25, D: -0.35]
EMOTION: sad",[-0.65 -0.25 -0.35],1.0417293314484333,False,False,Negative_High_Moderate,Negative_Moderate_Submissive,Negative_Moderate_Submissive,1.044222198576529,1.044222198576529
I am upset the baseball game got canceled.,angry,"Customer :I don't watch a lot of baseball but was it an important game?
Agent :",sad,sad,sad,"REASONING: The speaker explicitly says “upset,” and the canceled baseball game is a disappointing loss with no clear person to blame. This reflects negative valence, low-to-moderate arousal, and reduced control, consistent with sadness rather than anger.
VAD_Estimate: [V: -0.55, A: -0.15, D: -0.30]
EMOTION: sad",[-0.55 -0.15 -0.3 ],0.922875939658197,False,False,Negative_High_Moderate,Negative_Moderate_Submissive,Negative_Moderate_Submissive,1.044222198576529,1.044222198576529
My brother tried to fight me after class. I couldn't believe it.,angry,"Customer :He was mad he got a low mark on his test believe it or not.
Agent :",sad,sad,angry,"REASONING: The event is negative and highly arousing, as a sibling attempted a physical confrontation. The cause is a specific person (the brother), and the speaker’s disbelief reflects frustration and irritation rather than helplessness, fitting anger more than fear or sadness.
VAD_Estimate: [V: -0.55, A: +0.60, D: +0.20]
EMOTION: angry",[-0.55  0.6   0.2 ],0.06480740698407862,False,True,Negative_High_Moderate,Negative_Moderate_Submissive,Negative_High_Moderate,1.044222198576529,0.0
I had a job interview. Everything went great and I just knew the job was mine.,angry,"Customer :Great@  So you found out already that you got it or are you just confident?
Agent :",joyful,joyful,joyful,"REASONING: The situation describes a successful job interview with a strong sense of certainty and personal achievement, producing positive feelings of excitement and empowerment. High pleasure, moderately high arousal, and strong dominance/control over the outcome align most closely with joy.
VAD_Estimate: [V: +0.80, A: +0.55, D: +0.40]
EMOTION: joyful",[0.8  0.55 0.4 ],1.3191664034533324,False,False,Negative_High_Moderate,Positive_High_Dominant,Positive_High_Dominant,1.2786711852544421,1.2786711852544421
I have been without water for two days.,angry,"Customer :Oh my god! how have you been bathing?
Agent :",afraid,afraid,sad,"REASONING: The severe deprivation of water is highly unpleasant and creates helplessness, but after two days the likely state is exhaustion and despair rather than high-energy panic or anger. Valence is strongly negative, arousal is low, and dominance is low.  
VAD_Estimate: [V: -0.70, A: -0.35, D: -0.40]  
EMOTION: sad",[-0.7  -0.35 -0.4 ],1.1585335558368606,False,False,Negative_High_Moderate,Negative_High_Submissive,Negative_Moderate_Submissive,0.6923871749245504,1.044222198576529
I steam cleaned my antique rugs last night but because they are so old they have ta horrible smell. I wish I would have just left them dirty.,angry,"Customer :Oh no! Probably tons of years of dirt caked into the rug. Did you use the right cleaner?
Agent :",sad,sad,sad,"REASONING: The ruined rugs with the horrible smell create a negative, unpleasant outcome and regret, with low-to-moderate dejection rather than high-energy irritation. The speaker feels low control over the damage, wishing they could undo the action.
VAD_Estimate: [V: -0.55, A: -0.15, D: -0.30]
EMOTION: sad",[-0.55 -0.15 -0.3 ],0.922875939658197,False,False,Negative_High_Moderate,Negative_Moderate_Submissive,Negative_Moderate_Submissive,1.044222198576529,1.044222198576529
it makes me very unhappy when i let someone out in traffic and they dont acknowledge me,angry,"Customer :Do you honk your horn at them?
Agent :",sad,sad,sad,"REASONING: The explicit emotion word “unhappy” indicates sadness, not anger or fear. The event is a minor social slight that leaves the speaker feeling dejected and underappreciated, with low energy and low assertiveness rather than active irritation.

VAD_Estimate: [V: -0.60, A: -0.20, D: -0.30]
EMOTION: sad",[-0.6 -0.2 -0.3],0.966798841538404,False,False,Negative_High_Moderate,Negative_Moderate_Submissive,Negative_Moderate_Submissive,1.044222198576529,1.044222198576529
"My mom said I had to get rid of our family dog because she was allergic. I cried for a week it was unbearable, I resented her.",angry,"Customer :My mom said I had to get rid of our family dog because she was allergic. I cried for a week it was unbearable, I resented her.
Agent :",sad,sad,angry,"REASONING: The speaker expresses grief through crying, but explicitly says “I resented her,” which is an anger-related emotion directed at a specific person (her mom). Valence is negative, arousal is moderately high from distress and resentment, and dominance is slightly assertive due to blame rather than helplessness.
VAD_Estimate: [V: -0.62, A: +0.55, D: +0.20]
EMOTION: angry",[-0.62  0.55  0.2 ],0.12727922061357852,False,True,Negative_High_Moderate,Negative_Moderate_Submissive,Negative_High_Moderate,1.044222198576529,0.0
I never thought my ex and I would break up for good. I think we are really done now.,angry,"Customer :Sorry to hear that. Well yeah, maybe it's for the best
Agent :",sad,sad,sad,"REASONING: The speaker is expressing loss and finality about a relationship ending, with resignation and sorrow rather than anger or fear. This reflects low mood, low energy, and a sense of helplessness.
VAD_Estimate: [V: -0.65, A: -0.30, D: -0.35]
EMOTION: sad",[-0.65 -0.3  -0.35],1.082450922675019,False,False,Negative_High_Moderate,Negative_Moderate_Submissive,Negative_Moderate_Submissive,1.044222198576529,1.044222198576529
I was really upset when I found out that the Dallas Cowboys were going to let go of Dez Bryant. I think he's a really good wide receiver if only he wouldn't run his mouth.,angry,"Customer :So about 2 or 3 months ago I found out the Dallas Cowboys were letting Dez Bryant go and he's a free agent.  It's disappointing to me because I'm a Cowboys fan and I like him as part of the team.  Have you heard of Dez Bryant
Agent :",sad,sad,angry,"REASONING: The speaker expresses clear displeasure and frustration about a specific decision made by the Cowboys organization, with an irritated tone and active criticism rather than helpless sadness. This fits high negative valence, moderately high arousal, and some assertive control.
VAD_Estimate: [V: -0.55, A: +0.55, D: +0.20]
EMOTION: angry",[-0.55  0.55  0.2 ],0.07549834435270747,False,True,Negative_High_Moderate,Negative_Moderate_Submissive,Negative_High_Moderate,1.044222198576529,0.0
I forgot my lunch at home two days in a row.,angry,"Customer :I mean I can go buy lunch again
Agent :",sad,sad,angry,"REASONING: Forgetting lunch twice is a frustrating, mildly irritating inconvenience with self-directed annoyance. The emotion is negative with moderate arousal and slight loss of control, but it is not passive or dejected enough for sadness.
VAD_Estimate: [V: -0.45, A: +0.40, D: -0.10]
EMOTION: angry",[-0.45  0.4  -0.1 ],0.4027406113120453,False,True,Negative_High_Moderate,Negative_Moderate_Submissive,Negative_High_Moderate,1.044222198576529,0.0
when i moved into my new apartment,angry,"Customer :Why? What happened?
Agent :",joyful,joyful,joyful,"REASONING: Moving into a new apartment suggests a positive life change, likely accompanied by anticipation and satisfaction, with a sense of autonomy over one’s new space. This points toward pleasant, moderately high arousal and empowered control.
VAD_Estimate: [V: +0.70, A: +0.40, D: +0.35]
EMOTION: joyful",[0.7  0.4  0.35],1.2289019488958426,False,False,Negative_High_Moderate,Positive_High_Dominant,Positive_High_Dominant,1.2786711852544421,1.2786711852544421
I was going to see my favorite band. But the show was canceled!,angry,"Customer :I was all ready to go and see my favorite band and then the entire show was canceled.
Agent :",sad,sad,sad,"REASONING: The cancellation of a highly anticipated event causes disappointment and loss, with low energy and a sense of helplessness rather than blame or fear. This aligns with sadness: negative valence, low arousal, and low dominance.
VAD_Estimate: [V: -0.60, A: -0.30, D: -0.35]
EMOTION: sad",[-0.6  -0.3  -0.35],1.0771258050942794,False,False,Negative_High_Moderate,Negative_Moderate_Submissive,Negative_Moderate_Submissive,1.044222198576529,1.044222198576529
my rent increased,angry,"Customer :I know, it's awful! How much did your rent go up?
Agent :",sad,sad,angry,"REASONING: A rent increase is an unpleasant financial burden that typically triggers frustration and irritation at the situation or landlord, with moderately high arousal and an assertive sense of complaint rather than helplessness or passive sadness.
VAD_Estimate: [V: -0.55, A: +0.60, D: +0.20]
EMOTION: angry",[-0.55  0.6   0.2 ],0.06480740698407862,False,True,Negative_High_Moderate,Negative_Moderate_Submissive,Negative_High_Moderate,1.044222198576529,0.0
A friend of mine misunderstood I was saying,angry,"Customer :And that resulted to an agruement 
Agent :",sad,sad,angry,"REASONING: The situation is mildly negative and frustrating because a friend misunderstood the speaker, which typically triggers irritation and a desire to correct the misunderstanding rather than sadness or fear. This gives negative valence, moderate arousal, and a somewhat assertive control.
VAD_Estimate: [V: -0.50, A: +0.45, D: +0.20]
EMOTION: angry",[-0.5   0.45  0.2 ],0.14899664425751336,False,True,Negative_High_Moderate,Negative_Moderate_Submissive,Negative_High_Moderate,1.044222198576529,0.0
I was expecting our anniversary avidly. But on the day my betterhalf had work in her native place. So she went and I was alone here. Also in mind pressure she forget to wish me.,angry,"Customer :Have you been married a long time?
Agent :",sad,sad,sad,"REASONING: The situation involves feeling neglected and disappointed on a special day, with no active confrontation or irritation toward the partner. The tone is passive and melancholic, reflecting low energy and low control rather than anger.
VAD_Estimate: [V: -0.55, A: -0.25, D: -0.35]
EMOTION: sad",[-0.55 -0.25 -0.35],1.0330537256115966,False,False,Negative_High_Moderate,Negative_Moderate_Submissive,Negative_Moderate_Submissive,1.044222198576529,1.044222198576529
my rent increased,angry,"Customer :I am so upset with how my rent continues to increase! 
Agent :",sad,sad,angry,"REASONING: The rent increase is an unwanted, frustrating event that likely triggers irritation and active complaint rather than helplessness or fear. Valence is clearly negative, arousal is moderately high from frustration, and dominance is slightly assertive because the speaker is annoyed and blaming an external cause.
VAD_Estimate: [V: -0.55, A: +0.55, D: +0.20]
EMOTION: angry",[-0.55  0.55  0.2 ],0.07549834435270747,False,True,Negative_High_Moderate,Negative_Moderate_Submissive,Negative_High_Moderate,1.044222198576529,0.0
I steam cleaned my antique rugs last night but because they are so old they have ta horrible smell. I wish I would have just left them dirty.,angry,"Customer :Have you ever tried to steam clean an antique rug?
Agent :",sad,sad,sad,"REASONING: The situation is negative because the speaker regrets their cleaning decision and is bothered by the bad smell, but the feeling is passive and resigned rather than energized or confrontational. This points to low-to-moderate arousal and reduced control due to the irreversible outcome.
VAD_Estimate: [V: -0.60, A: -0.30, D: -0.40]
EMOTION: sad",[-0.6 -0.3 -0.4],1.1057576588023255,False,False,Negative_High_Moderate,Negative_Moderate_Submissive,Negative_Moderate_Submissive,1.044222198576529,1.044222198576529
I wsa really upse when I found out my co-worker was fired,angry,"Customer :Kind of.  They maxxed out on the amount of points they had from lates and absences
Agent :",sad,sad,sad,"REASONING: The speaker explicitly says they were ""really upset"" upon hearing their co-worker was fired; this is a negative, disheartening event with no clear target for blame, so it triggers low-arousal distress and helpless empathy rather than anger.
VAD_Estimate: [V: -0.60, A: -0.20, D: -0.35]
EMOTION: sad",[-0.6  -0.2  -0.35],0.9960923651951159,False,False,Negative_High_Moderate,Negative_Moderate_Submissive,Negative_Moderate_Submissive,1.044222198576529,1.044222198576529
Asked a relative to care for our pet while we were gone and the dog ended up missing.,angry,"Customer :That he got out and he was unable to find him.  Things are known to go missing when my brother in law is around.  We should have known better.
Agent :",sad,sad,angry,"REASONING: The situation involves a specific relative whose negligence likely caused the dog to go missing, triggering frustration and blame rather than helpless fear. Valence is negative, arousal is elevated due to irritation, and dominance is moderately high because the speaker can direct anger at the relative.
VAD_Estimate: [V: -0.55, A: +0.60, D: +0.25]
EMOTION: angry",[-0.55  0.6   0.25],0.041231056256176644,False,True,Negative_High_Moderate,Negative_Moderate_Submissive,Negative_High_Moderate,1.044222198576529,0.0
I thought I would get some good sleep tonigh. Nope. My toddlers are refusing to go to bed.,angry,"Customer :oh my gosh,  kids refuse to sleep, i feel like i kind of do that as an adult too though
Agent :",sad,sad,angry,"REASONING: The speaker is frustrated and irritated because their toddlers are preventing the expected rest, a specific cause for annoyance rather than a life-threatening fear. This involves negative valence, high arousal from agitation, and assertive frustration directed at the situation.
VAD_Estimate: [V: -0.55, A: +0.60, D: +0.20]
EMOTION: angry",[-0.55  0.6   0.2 ],0.06480740698407862,False,True,Negative_High_Moderate,Negative_Moderate_Submissive,Negative_High_Moderate,1.044222198576529,0.0
When I got cut from my hockey team. I worked so hard.,angry,"Customer :That sucks. What was the reason?
Agent :",sad,sad,sad,"REASONING: The speaker describes being rejected from their hockey team after significant effort, which is a loss of an opportunity and likely causes disappointment, dejection, and low energy rather than active blame or confrontation. Valence is negative, arousal is low, and dominance is low due to feeling helpless about the outcome.
VAD_Estimate: [V: -0.65, A: -0.25, D: -0.35]
EMOTION: sad",[-0.65 -0.25 -0.35],1.0417293314484333,False,False,Negative_High_Moderate,Negative_Moderate_Submissive,Negative_Moderate_Submissive,1.044222198576529,1.044222198576529
I came home from vacation to find my home had been broken into. They stole my grandmothers broach.,angry,"Customer :No they didn't. They stole my grandmother's broach. That is not replaceable.
Agent :",sad,sad,angry,"REASONING: The speaker discovers a violation and can blame specific perpetrators, driving frustration and indignation rather than fear or passive grief. Valence is strongly negative, arousal is elevated, and the speaker has some assertive focus on the wrong done to them.
VAD_Estimate: [V: -0.55, A: +0.55, D: +0.10]
EMOTION: angry",[-0.55  0.55  0.1 ],0.16031219541881397,False,True,Negative_High_Moderate,Negative_Moderate_Submissive,Negative_High_Moderate,1.044222198576529,0.0
my chief in my company scold me for the unnecessary reason.it makes me felt bad,angry,"Customer :my assistant took some files in a wrong table.that was a simple mistake and he scolded me for this.
Agent :",sad,sad,angry,"REASONING: The situation involves a specific person—the chief—unfairly scolding the speaker, which triggers irritation and frustration with a desire to blame the chief. This matches anger more than fear or sadness due to the clear interpersonal cause and active displeasure.  
VAD_Estimate: [V: -0.60, A: +0.55, D: +0.10]  
EMOTION: angry",[-0.6   0.55  0.1 ],0.17944358444926356,False,True,Negative_High_Moderate,Negative_Moderate_Submissive,Negative_High_Moderate,1.044222198576529,0.0
I spilled soda on my laptop.,angry,"Customer :Oh I can put a whole laptop in rice?
Agent :",sad,sad,angry,"REASONING: Spilling soda on a laptop is an unpleasant, sudden event that typically triggers frustration and irritation. The reaction is active annoyance rather than helplessness or sadness, so it aligns with anger.
VAD_Estimate: [V: -0.55, A: +0.55, D: +0.20]
EMOTION: angry",[-0.55  0.55  0.2 ],0.07549834435270747,False,True,Negative_High_Moderate,Negative_Moderate_Submissive,Negative_High_Moderate,1.044222198576529,0.0
when my girlfriend cheated,angry,"Customer :yes a long time ago she did
Agent :",sad,sad,angry,"REASONING: Finding out a romantic partner cheated involves a specific person causing betrayal, prompting active frustration and blame rather than vague threat or passive grief. This maps to high displeasure, high arousal, and moderate assertive control.
VAD_Estimate: [V: -0.65, A: +0.60, D: +0.25]
EMOTION: angry",[-0.65  0.6   0.25],0.14035668847618202,False,True,Negative_High_Moderate,Negative_Moderate_Submissive,Negative_High_Moderate,1.044222198576529,0.0
i was upset when i saw a big dent in my car door,angry,"Customer :im gonna seek revenge for my door!
Agent :",sad,sad,angry,"REASONING: Discovering damage to one’s car is unpleasant and frustrating, producing irritation and active annoyance rather than helplessness or dejection. This maps to negative valence, moderately high arousal, and assertive control.
VAD_Estimate: [V: -0.55, A: +0.55, D: +0.25]
EMOTION: angry",[-0.55  0.55  0.25],0.056568542494923775,False,True,Negative_High_Moderate,Negative_Moderate_Submissive,Negative_High_Moderate,1.044222198576529,0.0
I steam cleaned my antique rugs last night but because they are so old they have ta horrible smell. I wish I would have just left them dirty.,angry,"Customer :LOL, yeah! so true.
Agent :",sad,sad,sad,"REASONING: The situation involves a disappointing, self-caused outcome with regret and resignation rather than outward blame or high-energy frustration. The negative experience is paired with low arousal and a sense of limited control, matching sadness more than anger.
VAD_Estimate: [V: -0.55, A: -0.25, D: -0.35]
EMOTION: sad",[-0.55 -0.25 -0.35],1.0330537256115966,False,False,Negative_High_Moderate,Negative_Moderate_Submissive,Negative_Moderate_Submissive,1.044222198576529,1.044222198576529
I was upset when my dog ran away,angry,"Customer :Did you find him?
Agent :",sad,sad,sad,"REASONING: The explicit word “upset” signals clear negative affect, and the context is an uncontrollable loss (dog running away) rather than a blameworthy act or physical threat. This creates unpleasantness, low energy, and helplessness, closest to sadness.

VAD_Estimate: [V: -0.60, A: -0.20, D: -0.40]
EMOTION: sad",[-0.6 -0.2 -0.4],1.0269858811103492,False,False,Negative_High_Moderate,Negative_Moderate_Submissive,Negative_Moderate_Submissive,1.044222198576529,1.044222198576529
I was going to visit my grandmother today!,joyful,"Customer :It was the day of the week i finally get to see my favorite grandmother.
Agent :",sad,sad,sad,"REASONING: The phrase “was going to” signals a planned visit that is no longer happening, creating disappointment or regret rather than excitement. The emotional tone is negative and subdued, with a sense of lost opportunity or helplessness, matching sadness more than anger or fear.
VAD_Estimate: [V: -0.55, A: -0.20, D: -0.40]
EMOTION: sad",[-0.55 -0.2  -0.4 ],1.6555965692160637,False,False,Positive_High_Dominant,Negative_Moderate_Submissive,Negative_Moderate_Submissive,1.7195929750961416,1.7195929750961416
"I was speeding, because I was worried about my mom.",joyful,"Customer :I was speeding, because I was worried about my mom.
Agent :",afraid,afraid,afraid,"REASONING: The speaker is driving urgently due to concern for their mom’s well-being, indicating anxious worry and helplessness rather than anger or joy. This is high arousal, negative valence, and low control over the situation.
VAD_Estimate: [V: -0.65, A: +0.60, D: -0.40]
EMOTION: afraid",[-0.65  0.6  -0.4 ],1.601561737804697,False,False,Positive_High_Dominant,Negative_High_Submissive,Negative_High_Submissive,1.607109205996904,1.607109205996904
My dad's cancer is getting worse day by day. I fear that i am counting his last days!!,joyful,"Customer :My dad's cancer is getting worse day by day.
Agent :",afraid,afraid,afraid,"REASONING: The speaker explicitly says ""I fear,"" and the situation involves anticipating a parent's death, which creates helplessness and dread rather than anger or joy. This aligns with high negative valence, high arousal, and low dominance/vulnerability.
VAD_Estimate: [V: -0.70, A: +0.55, D: -0.45]
EMOTION: afraid",[-0.7   0.55 -0.45],1.6662832892398578,False,False,Positive_High_Dominant,Negative_High_Submissive,Negative_High_Submissive,1.607109205996904,1.607109205996904
I stop taking people serious after i realize that my wife of 5 years had a baby without telling me,joyful,"Customer :It's alright, I think it's good to do proper background check and make sure one is 100% sure before jumping into dealings with people these days 
Agent :",angry,angry,angry,"REASONING: The speaker discovers a major betrayal by his wife, which triggers intense displeasure, high arousal, and a blaming stance toward a specific person, fitting anger rather than sadness or fear.  
VAD_Estimate: [V: -0.70, A: +0.60, D: +0.20]  
EMOTION: angry",[-0.7  0.6  0.2],1.472582765076381,False,False,Positive_High_Dominant,Negative_High_Moderate,Negative_High_Moderate,1.2786711852544421,1.2786711852544421
I'm working on being happier on a day to day basis.,joyful,"Customer :I'm trying to overcome some depressive episodes that I've been having.
Agent :",sad,sad,joyful,"REASONING: The speaker explicitly uses the emotion word “happier,” which anchors the label to the joy/happiness family. The forward-looking effort suggests positive valence, moderate activation, and a sense of personal agency/control.
VAD_Estimate: [V: +0.80, A: +0.50, D: +0.40]
EMOTION: joyful",[0.8 0.5 0.4],0.06708203932499375,False,True,Positive_High_Dominant,Negative_Moderate_Submissive,Positive_High_Dominant,1.7195929750961416,0.0
My dad's cancer is getting worse day by day. I fear that i am counting his last days!!,joyful,"Customer :Blood cancer. am afraid i will loose him
Agent :",afraid,afraid,afraid,"REASONING: The explicit word “fear” signals dread and helplessness about losing a parent; the situation is intensely negative, high-arousal with anxiety, and low control over the outcome.
VAD_Estimate: [V: -0.65, A: +0.65, D: -0.45]
EMOTION: afraid",[-0.65  0.65 -0.45],1.6300306745579975,False,False,Positive_High_Dominant,Negative_High_Submissive,Negative_High_Submissive,1.607109205996904,1.607109205996904
"I was speeding, because I was worried about my mom.",joyful,"Customer :The cop actually let me off!
Agent :",afraid,afraid,afraid,"REASONING: The speaker explicitly says they were “worried,” which signals fear/anxiety about their mom’s well-being. This state involves negative valence, heightened arousal, and a low sense of control over the situation.
VAD_Estimate: [V: -0.65, A: +0.60, D: -0.40]
EMOTION: afraid",[-0.65  0.6  -0.4 ],1.601561737804697,False,False,Positive_High_Dominant,Negative_High_Submissive,Negative_High_Submissive,1.607109205996904,1.607109205996904
I stop taking people serious after i realize that my wife of 5 years had a baby without telling me,joyful,"Customer :Oh my god that's crazy, I'm sorry to hear that.
Agent :",angry,angry,angry,"REASONING: The speaker discovers a profound betrayal by a specific person—his wife hid a pregnancy and child from him—which triggers shock, resentment, and active frustration rather than helplessness. High displeasure, high arousal, and assertive blame toward the wife point to anger.
VAD_Estimate: [V: -0.60, A: +0.60, D: +0.30]
EMOTION: angry",[-0.6  0.6  0.3],1.3661991070118584,False,False,Positive_High_Dominant,Negative_High_Moderate,Negative_High_Moderate,1.2786711852544421,1.2786711852544421
I could ask for a better wife!,joyful,"Customer :My wife is my support, she is everything I need.
Agent :",angry,angry,joyful,"REASONING: The statement expresses deep appreciation and satisfaction with one’s spouse, indicating strong positive feelings, warmth, and gratitude. This reflects high pleasure, moderate-to-high arousal, and a confident sense of fulfillment rather than sadness, anger, or fear.
VAD_Estimate: [V: +0.80, A: +0.45, D: +0.40]
EMOTION: joyful",[0.8  0.45 0.4 ],0.0707106781186548,False,True,Positive_High_Dominant,Negative_High_Moderate,Positive_High_Dominant,1.2786711852544421,0.0
"I told my mom that I didin't want to be in compsci anymore, because I was really miserable. She said that I should do what makes me happy.",joyful,"Customer :I told my mom that I didin't want to be in compsci anymore, because I was really miserable. She said that I should do what makes me happy.
Agent :",sad,sad,sad,"REASONING: The speaker explicitly says they were “really miserable,” indicating a negative, low-energy, dejected emotional state during the conversation. The mother’s supportive reply does not override the felt misery, so the closest match is sadness.
VAD_Estimate: [V: -0.65, A: -0.25, D: -0.35]
EMOTION: sad",[-0.65 -0.25 -0.35],1.7352233285660956,False,False,Positive_High_Dominant,Negative_Moderate_Submissive,Negative_Moderate_Submissive,1.7195929750961416,1.7195929750961416
I was going to visit my grandmother today!,joyful,"Customer :I am so happy for you!
Agent :",sad,sad,sad,"REASONING: The phrase “was going to” implies a planned visit that did not happen, creating disappointment and longing rather than joy or anger. The negative event is passive and melancholy, with low energy and little sense of control.
VAD_Estimate: [V: -0.55, A: -0.20, D: -0.35]
EMOTION: sad",[-0.55 -0.2  -0.35],1.6335544068074377,False,False,Positive_High_Dominant,Negative_Moderate_Submissive,Negative_Moderate_Submissive,1.7195929750961416,1.7195929750961416
I could ask for a better wife!,joyful,"Customer :yes she does, I really could not live a day without her.
Agent :",angry,angry,angry,"REASONING: The speaker implies dissatisfaction with their wife, expressing irritation/complaint about a specific person rather than helplessness or sadness. The negative valence and frustrated, assertive tone align most closely with anger.
VAD_Estimate: [V: -0.55, A: +0.55, D: +0.25]
EMOTION: angry",[-0.55  0.55  0.25],1.3156747318391426,False,False,Positive_High_Dominant,Negative_High_Moderate,Negative_High_Moderate,1.2786711852544421,1.2786711852544421
I'm working on being happier on a day to day basis.,joyful,"Customer :Yeah, but that's the trouble. I've talked too much about it.
Agent :",sad,sad,joyful,"REASONING: The speaker is actively trying to improve their emotional well-being, which reflects a positive outlook, moderate motivation, and a sense of agency/control rather than distress. The explicit emotion word “happier” anchors the emotion as positive, despite it being a goal rather than a current intense state.

VAD_Estimate: [V: +0.45, A: +0.35, D: +0.40]
EMOTION: joyful",[0.45 0.35 0.4 ],0.3398529093593286,False,True,Positive_High_Dominant,Negative_Moderate_Submissive,Positive_High_Dominant,1.7195929750961416,0.0
My dad's cancer is getting worse day by day. I fear that i am counting his last days!!,joyful,"Customer :What kind of cancer?
Agent :",afraid,afraid,afraid,"REASONING: The explicit emotion word “fear” indicates the speaker’s dominant felt emotion is afraid. The worsening cancer creates high distress and helplessness, with high arousal and low control over the situation.
VAD_Estimate: [V: -0.65, A: +0.60, D: -0.45]
EMOTION: afraid",[-0.65  0.6  -0.45],1.625576820700886,False,False,Positive_High_Dominant,Negative_High_Submissive,Negative_High_Submissive,1.607109205996904,1.607109205996904
"I was speeding, because I was worried about my mom.",joyful,"Customer :I understand! Did you get in trouble?
Agent :",afraid,afraid,afraid,"REASONING: The speaker explicitly says ""worried,"" which signals anxiety and fear about their mom's wellbeing; speeding reflects high arousal and urgency, with a sense of helplessness about the situation rather than anger or joy.
VAD_Estimate: [V: -0.65, A: +0.60, D: -0.45]
EMOTION: afraid",[-0.65  0.6  -0.45],1.625576820700886,False,False,Positive_High_Dominant,Negative_High_Submissive,Negative_High_Submissive,1.607109205996904,1.607109205996904
I stop taking people serious after i realize that my wife of 5 years had a baby without telling me,joyful,"Customer :I stop taking people serious after i realize that my wife of 5 years had a baby without telling me
Agent :",angry,angry,angry,"REASONING: The situation involves a profound betrayal by a specific person—the wife—triggering shock, resentment, and blame rather than helplessness or grief. This points to high negative arousal with assertive frustration, matching anger.
VAD_Estimate: [V: -0.65, A: +0.55, D: +0.20]
EMOTION: angry",[-0.65  0.55  0.2 ],1.419683063222211,False,False,Positive_High_Dominant,Negative_High_Moderate,Negative_High_Moderate,1.2786711852544421,1.2786711852544421
My dog pooped on the rug today. I was so distraught.,sad,"Customer :Yeah, she doesn't do it often, but she ruined the rug. I was so sad.
Agent :",angry,angry,afraid,"REASONING: The word “distraught” explicitly signals intense negative distress with high agitation and a sense of being overwhelmed/vulnerable, not assertive anger or low-energy sadness. This aligns closest to the afraid prototype.
VAD_Estimate: [V: -0.65, A: +0.55, D: -0.40]
EMOTION: afraid",[-0.65  0.55 -0.4 ],0.8232253640407347,False,False,Negative_Moderate_Submissive,Negative_High_Moderate,Negative_High_Submissive,1.044222198576529,0.8757853618324527
A hungry man is an angry man,sad,"Customer :A man has to be hardworking in order not to be angry
Agent :",angry,angry,angry,"REASONING: The statement explicitly labels the emotional state as “angry,” with hunger causing irritation and frustration, matching high displeasure, high arousal, and assertive control.
VAD_Estimate: [V: -0.51, A: +0.59, D: +0.25]
EMOTION: angry",[-0.51  0.59  0.25],1.044222198576529,False,False,Negative_Moderate_Submissive,Negative_High_Moderate,Negative_High_Moderate,1.044222198576529,1.044222198576529
"I am trying to sell my house for 89k dollars, I have been in a bad financial situation, my nephew knows it, and now he is trying to buy my house just for 75k, trying to take advance of my situation",sad,"Customer :I know, right? My own nephew trying to do this with me
Agent :",angry,angry,angry,"REASONING: The speaker is being unfairly exploited by a specific person (their nephew) during a vulnerable financial situation, which triggers active irritation, resentment, and blame rather than helplessness or grief. This is high-arousal displeasure with assertive frustration, matching anger.
VAD_Estimate: [V: -0.65, A: +0.55, D: +0.20]
EMOTION: angry",[-0.65  0.55  0.2 ],0.976575649911465,False,False,Negative_Moderate_Submissive,Negative_High_Moderate,Negative_High_Moderate,1.044222198576529,1.044222198576529
"I went to Whataburger a few days ago and they messed up my order, they put onions on my burger and the taste of onions make me feel sick.",sad,"Customer :Yeah they always mess mine up too. I was really looking forward to it, but onions make me feel sick, ruined my meal. 
Agent :",angry,angry,angry,"REASONING: The speaker is blaming a specific restaurant for a mistake that caused physical discomfort, reflecting irritation and frustration rather than helplessness or sadness. This is active displeasure with a clear target, fitting anger.
VAD_Estimate: [V: -0.55, A: +0.55, D: +0.20]
EMOTION: angry",[-0.55  0.55  0.2 ],0.979642792042079,False,False,Negative_Moderate_Submissive,Negative_High_Moderate,Negative_High_Moderate,1.044222198576529,1.044222198576529
"I am trying to sell my house for 89k dollars, I have been in a bad financial situation, my nephew knows it, and now he is trying to buy my house just for 75k, trying to take advance of my situation",sad,"Customer :That's just terrible. Some people really are ungrateful.
Agent :",angry,angry,angry,"REASONING: The nephew is deliberately taking advantage of the speaker’s financial hardship with a lowball offer, creating clear irritation and frustration toward a specific person. This is an interpersonal betrayal with active blame, so it aligns with high displeasure, high arousal, and assertive/angry control rather than fear or sadness.
VAD_Estimate: [V: -0.55, A: +0.60, D: +0.25]
EMOTION: angry",[-0.55  0.6   0.25],1.048665819029113,False,False,Negative_Moderate_Submissive,Negative_High_Moderate,Negative_High_Moderate,1.044222198576529,1.044222198576529
I have been watching dramas all week. They are so heart warming.,sad,"Customer :I bet.  Its probably cheaper than therapy though!
Agent :",joyful,joyful,joyful,"REASONING: The speaker describes the dramas as “heart warming,” indicating pleasant, tender enjoyment rather than intense excitement or distress. This yields positive valence, moderate calm arousal, and a mild sense of contentment/control.
VAD_Estimate: [V: +0.70, A: +0.30, D: +0.20]
EMOTION: joyful",[0.7 0.3 0.2],1.5410061648157025,False,False,Negative_Moderate_Submissive,Positive_High_Dominant,Positive_High_Dominant,1.7195929750961416,1.7195929750961416
I was unable to help my friend who's in need. But I tried my level best to help her to solve the issue. She understand and get the issue solved through our another colleague.,sad,"Customer :She probably understood.
Agent :",joyful,joyful,joyful,"REASONING: The speaker was initially unable to help, but they made their best effort and the friend understood, with the issue ultimately being solved. This creates a positive, satisfying outcome rather than distress or anger, with moderate pleasant excitement and a sense of contribution/control.

VAD_Estimate: [V: +0.70, A: +0.25, D: +0.30]
EMOTION: joyful",[0.7  0.25 0.3 ],1.5608331108738052,False,False,Negative_Moderate_Submissive,Positive_High_Dominant,Positive_High_Dominant,1.7195929750961416,1.7195929750961416
My car fuel gauge is not working. It left me on the side of the road without gas in the middle of nowhere !,sad,"Customer :My car fuel gauge is not working. It left me on the side of the road without gas in the middle of nowhere !
Agent :",angry,angry,afraid,"REASONING: Being stranded without gas in an isolated area is an uncontrollable, ambiguous threat that triggers vulnerability and worry rather than blaming a specific person; negative valence, high arousal, low dominance.
VAD_Estimate: [V: -0.65, A: +0.55, D: -0.50]
EMOTION: afraid",[-0.65  0.55 -0.5 ],0.8376753547765388,False,False,Negative_Moderate_Submissive,Negative_High_Moderate,Negative_High_Submissive,1.044222198576529,0.8757853618324527
"so sorry apple has hit the trillion dollar value today, i think they are an evil company who bring out the same product year in and year out and call it groundbreaking",sad,"Customer :I feel the same! I hate apple products. I refuse to use them
Agent :",angry,angry,angry,"REASONING: The speaker uses sarcastic, accusatory language toward Apple (“evil company,” “call it groundbreaking”), showing irritation and assertive criticism rather than fear or sadness. This reflects negative valence, moderately high arousal, and dominant/assertive control.

VAD_Estimate: [V: -0.55, A: +0.55, D: +0.30]
EMOTION: angry",[-0.55  0.55  0.3 ],1.037159582706538,False,False,Negative_Moderate_Submissive,Negative_High_Moderate,Negative_High_Moderate,1.044222198576529,1.044222198576529
"My mom has arthritis in her neck, and the pain seems to be traveling down now.",sad,"Customer :I am sorry to hear that.. is there any physical therapy that can help her? 
Agent :",afraid,afraid,afraid,"REASONING: The speaker is describing a worrying decline in their mother's health, with pain spreading further, which creates concern, helplessness, and uncertainty rather than anger or joy. This is a negative, moderately arousing, low-dominance state consistent with fear/worry.
VAD_Estimate: [V: -0.65, A: +0.50, D: -0.40]
EMOTION: afraid",[-0.65  0.5  -0.4 ],0.7734339015067803,False,False,Negative_Moderate_Submissive,Negative_High_Submissive,Negative_High_Submissive,0.8757853618324527,0.8757853618324527
I accidentally made a mistake with my bank account a while account. I managed to try to withdraw too much money and I got hit with a $25 overdraft fee. It was quite frustrating and annoying!,sad,"Customer :That's a bummer. Did you at least go get it resolved at the bank?
Agent :",angry,angry,angry,"REASONING: The speaker explicitly describes the experience as frustrating and annoying, indicating irritation and displeasure about the overdraft fee. This is a negative event with moderate arousal and some assertive frustration, matching the anger prototype.
VAD_Estimate: [V: -0.55, A: +0.55, D: +0.20]
EMOTION: angry",[-0.55  0.55  0.2 ],0.979642792042079,False,False,Negative_Moderate_Submissive,Negative_High_Moderate,Negative_High_Moderate,1.044222198576529,1.044222198576529
"I was upset when I found out my job does not pay for you to take a lunch break, that ruined my day",sad,"Customer :Oh, most jobs don't unfortunately
Agent :",angry,angry,angry,"REASONING: The speaker explicitly expresses being ""upset"" about an unfair job policy, which reflects active irritation and frustration rather than passive sadness or fear. The event triggers negative feelings with moderate-to-high arousal and some sense of assertive complaint, aligning with anger.
VAD_Estimate: [V: -0.55, A: +0.55, D: +0.20]
EMOTION: angry",[-0.55  0.55  0.2 ],0.979642792042079,False,False,Negative_Moderate_Submissive,Negative_High_Moderate,Negative_High_Moderate,1.044222198576529,1.044222198576529
"my grandmother has major back surgery next week, im not looking forward to it",sad,"Customer :my grandma has major back surgery next week, i feel so bad for her
Agent :",afraid,afraid,afraid,"REASONING: The speaker is anticipating a serious surgery for their grandmother and says they are “not looking forward to it,” which reflects worry and dread rather than anger, joy, or sadness. This involves negative valence, anxious/heightened arousal, and low control over the situation.

VAD_Estimate: [V: -0.60, A: +0.55, D: -0.35]

EMOTION: afraid",[-0.6   0.55 -0.35],0.8207923001588161,False,False,Negative_Moderate_Submissive,Negative_High_Submissive,Negative_High_Submissive,0.8757853618324527,0.8757853618324527
My daughter is graduating middle school this year. I have always been stressed about her going to high school,sad,"Customer :I hear you.  I have a 8 year old daughter and it feels like she was born yesterday.  
Agent :",afraid,afraid,afraid,"REASONING: The speaker explicitly mentions being stressed about their daughter going to high school, which reflects ongoing worry and anxiety about a future situation rather than anger or sadness. This involves negative valence, high arousal, and low perceived control.
VAD_Estimate: [V: -0.60, A: +0.60, D: -0.35]
EMOTION: afraid",[-0.6   0.6  -0.35],0.8707468059085832,False,False,Negative_Moderate_Submissive,Negative_High_Submissive,Negative_High_Submissive,0.8757853618324527,0.8757853618324527
i was not happy when i couldnt get out of work on time,sad,"Customer :too much work to leave
Agent :",angry,angry,angry,"REASONING: The speaker expresses irritation and frustration about being delayed at work, which is an active, negative response rather than passive sadness or fear. The situation involves moderate arousal and a sense of annoyance with enough assertiveness to be anger-like.
VAD_Estimate: [V: -0.55, A: +0.50, D: +0.20]
EMOTION: angry",[-0.55  0.5   0.2 ],0.9381897462667134,False,False,Negative_Moderate_Submissive,Negative_High_Moderate,Negative_High_Moderate,1.044222198576529,1.044222198576529
i was not happy when i was told i had to go into work on saturday,sad,"Customer :yea you got that right
Agent :",angry,angry,angry,"REASONING: The speaker is expressing annoyance and frustration about being required to work on Saturday, which is a negative, externally imposed inconvenience. This feels like active irritation rather than sadness or fear, with moderate arousal and a somewhat assertive/blaming stance.
VAD_Estimate: [V: -0.55, A: +0.45, D: +0.20]
EMOTION: angry",[-0.55  0.45  0.2 ],0.8976079322287654,False,False,Negative_Moderate_Submissive,Negative_High_Moderate,Negative_High_Moderate,1.044222198576529,1.044222198576529
I do not want my vacation to end. I would like to stay here forever,sad,"Customer :I am in Bali, I would like to stay here forever, I will shed some tears for sure.
Agent :",joyful,joyful,sad,"REASONING: The speaker is experiencing reluctance and longing because the vacation is ending, with a wistful desire to prolong the positive experience. This creates a mildly negative mood with low arousal and low sense of control over the ending, matching sadness rather than anger, fear, or joy.
VAD_Estimate: [V: -0.35, A: -0.30, D: -0.30]
EMOTION: sad",[-0.35 -0.3  -0.3 ],0.2831960451701259,False,True,Negative_Moderate_Submissive,Positive_High_Dominant,Negative_Moderate_Submissive,1.7195929750961416,0.0
I found out yesterday that my dad had a stroke last month.  No one even told me until now!,sad,"Customer :He's fine, almost fully recovered thanks to some quick thinking doctors.  But I'm upset that no one told me until just now.
Agent :",angry,angry,angry,"REASONING: The situation involves distressing news (dad’s stroke) compounded by active frustration and blame toward those who kept it secret, producing high negative arousal and an assertive sense of grievance rather than passive grief.
VAD_Estimate: [V: -0.65, A: +0.60, D: +0.20]
EMOTION: angry",[-0.65  0.6   0.2 ],1.018920997918877,False,False,Negative_Moderate_Submissive,Negative_High_Moderate,Negative_High_Moderate,1.044222198576529,1.044222198576529
"My mom has arthritis in her neck, and the pain seems to be traveling down now.",sad,"Customer :The doctor just recommended exercise. I'm not sure if they were just busy to do anymore for her or if exercise is the best.
Agent :",afraid,afraid,afraid,"REASONING: The speaker is worried about their mother’s worsening pain, which creates negative valence, moderate-to-high arousal from anxiety, and low dominance because the situation feels uncontrollable. There is no clear target to blame, so the dominant emotion is fear/worry rather than anger or sadness.
VAD_Estimate: [V: -0.60, A: +0.50, D: -0.45]
EMOTION: afraid",[-0.6   0.5  -0.45],0.7798717843338095,False,False,Negative_Moderate_Submissive,Negative_High_Submissive,Negative_High_Submissive,0.8757853618324527,0.8757853618324527
My boyfriend broke up with me and stile my rent money. I am going to be evicted.,sad,"Customer :My boyfriend went crazy. He stole my rent money
Agent :",angry,angry,angry,"REASONING: The speaker is harmed by a specific person—the boyfriend stole rent money and caused the breakup—so the reaction is blame and irritation rather than ambiguous threat. The situation is strongly unpleasant and energizing, with the speaker asserting blame despite the stressful consequence of eviction.
VAD_Estimate: [V: -0.60, A: +0.60, D: +0.20]
EMOTION: angry",[-0.6  0.6  0.2],1.0191663259743229,False,False,Negative_Moderate_Submissive,Negative_High_Moderate,Negative_High_Moderate,1.044222198576529,1.044222198576529
I just ordered food and it came and it's totally the wrong order.  Now I have to wait another hour for it!,sad,"Customer :Very! and they refused to give me a discount.  Last time I'll order from there again.
Agent :",angry,angry,angry,"REASONING: The wrong order causes clear irritation and frustration directed at the restaurant, with active complaining and impatience about the delay. This reflects negative valence, moderately high arousal, and assertive annoyance rather than helplessness.
VAD_Estimate: [V: -0.55, A: +0.60, D: +0.20]
EMOTION: angry",[-0.55  0.6   0.2 ],1.0218610473053564,False,False,Negative_Moderate_Submissive,Negative_High_Moderate,Negative_High_Moderate,1.044222198576529,1.044222198576529
I just ordered food and it came and it's totally the wrong order.  Now I have to wait another hour for it!,sad,"Customer :I just ordered food and it came and it's totally the wrong order. Now I have to wait another hour for it!
Agent :",angry,angry,angry,"REASONING: The situation involves a frustrating, avoidable mistake by the restaurant, creating active irritation and blame rather than helplessness or sadness. Valence is negative, arousal is moderately high, and dominance reflects assertive annoyance.
VAD_Estimate: [V: -0.55, A: +0.60, D: +0.25]
EMOTION: angry",[-0.55  0.6   0.25],1.048665819029113,False,False,Negative_Moderate_Submissive,Negative_High_Moderate,Negative_High_Moderate,1.044222198576529,1.044222198576529
I think my friend stole some money from me. I don't know what to do.,sad,"Customer :Ugh, that's terrible.  I hope you found the money!
Agent :",angry,angry,afraid,"REASONING: The situation is clearly negative, with suspected betrayal and financial loss creating anxiety and uncertainty rather than open frustration; “I don’t know what to do” signals helplessness and low control, so valence is negative, arousal is moderately high, and dominance is low. This best matches the afraid prototype.
VAD_Estimate: [V: -0.62, A: +0.55, D: -0.45]
EMOTION: afraid",[-0.62  0.55 -0.45],0.8287943049997388,False,False,Negative_Moderate_Submissive,Negative_High_Moderate,Negative_High_Submissive,1.044222198576529,0.8757853618324527
im not about that I have to give my spot to someone else,sad,"Customer :only two people can fit into the remaining spot in the car and there was this woman that said she needed to go to the hospital ASAP and since there were no taxis I had to let her
Agent :",angry,angry,angry,"REASONING: The speaker is actively resisting an unwanted demand, expressing irritation and assertiveness about being forced to give up their spot. This reflects negative valence, moderate-to-high arousal, and a sense of control/assertion rather than helplessness → anger.
VAD_Estimate: [V: -0.55, A: +0.60, D: +0.30]
EMOTION: angry",[-0.55  0.6   0.3 ],1.0771258050942796,False,False,Negative_Moderate_Submissive,Negative_High_Moderate,Negative_High_Moderate,1.044222198576529,1.044222198576529
I got into an argument with my husband last night.,sad,"Customer :He woke this morning not saying anything, but I know its got to be on his mind.  Mostly we just keep to ourselves until one of us speaks about something off the conversation then we slowly ease back into being the same.  Im feeling a little better.  I know he doesnt mean the things he says.
Agent :",angry,angry,angry,"REASONING: The situation describes interpersonal conflict, which typically involves frustration, irritation, and active confrontation. This is negative in valence, high in arousal, and moderately assertive due to engaging in an argument.
VAD_Estimate: [V: -0.55, A: +0.60, D: +0.25]
EMOTION: angry",[-0.55  0.6   0.25],1.048665819029113,False,False,Negative_Moderate_Submissive,Negative_High_Moderate,Negative_High_Moderate,1.044222198576529,1.044222198576529
I found out yesterday that my dad had a stroke last month.  No one even told me until now!,sad,"Customer :Oh my! I hope is ok!
Agent :",angry,angry,angry,"REASONING: The speaker is upset and frustrated about being left out of important news regarding their dad's stroke, with clear irritation directed at those who withheld the information. This active complaint signals high arousal and some assertive blame, aligning more with anger than passive sadness.
VAD_Estimate: [V: -0.65, A: +0.60, D: +0.20]
EMOTION: angry",[-0.65  0.6   0.2 ],1.018920997918877,False,False,Negative_Moderate_Submissive,Negative_High_Moderate,Negative_High_Moderate,1.044222198576529,1.044222198576529
"I went to Whataburger a few days ago and they messed up my order, they put onions on my burger and the taste of onions make me feel sick.",sad,"Customer :Doesn't surprise me, they do that to me every single time I go. I'm picky though so my order is always complicated.
Agent :",angry,angry,angry,"REASONING: The situation is clearly negative because the restaurant made an order mistake and the onions caused physical disgust/discomfort. There is a specific external cause (the employees) and active irritation/frustration rather than helplessness, so high displeasure and moderately high arousal with assertive blame fit anger.
VAD_Estimate: [V: -0.65, A: +0.60, D: +0.25]
EMOTION: angry",[-0.65  0.6   0.25],1.0458011283222064,False,False,Negative_Moderate_Submissive,Negative_High_Moderate,Negative_High_Moderate,1.044222198576529,1.044222198576529
I am upset that I have been used for so long. After you get out of a situation you realize how bad it was.,sad,"Customer :By someone I cared about. After you get out of a situation you realize how bad it was.
Agent :",angry,angry,angry,"REASONING: The speaker explicitly reports being upset about being taken advantage of, which points to frustration and resentment toward others rather than sadness or fear. The emotion is negative and somewhat activating, with a sense of indignation and blame.

VAD_Estimate: [V: -0.55, A: +0.55, D: +0.20]
EMOTION: angry",[-0.55  0.55  0.2 ],0.979642792042079,False,False,Negative_Moderate_Submissive,Negative_High_Moderate,Negative_High_Moderate,1.044222198576529,1.044222198576529
My little boy is starting Kindergarten in a few days,sad,"Customer :That's a definite plus. You'll be able to have a little ""me"" time, which is also important.
Agent :",joyful,joyful,joyful,"REASONING: A child starting kindergarten is a positive developmental milestone, evoking pride, warmth, and pleasant anticipation rather than fear or sadness. Valence is positive, arousal is moderately elevated, and the parent retains a sense of involvement/control.
VAD_Estimate: [V: +0.65, A: +0.35, D: +0.25]
EMOTION: joyful",[0.65 0.35 0.25],1.5359687496821022,False,False,Negative_Moderate_Submissive,Positive_High_Dominant,Positive_High_Dominant,1.7195929750961416,1.7195929750961416
I cant belive my friend is getting married. He fiance is terrible,sad,"Customer :My friend is getting married
Agent :",angry,angry,angry,"REASONING: The speaker is expressing strong disapproval and frustration about their friend’s choice of partner, which is negatively valenced with active irritation and assertive judgment rather than sadness or fear.  
VAD_Estimate: [V: -0.60, A: +0.50, D: +0.25]  
EMOTION: angry",[-0.6   0.5   0.25],0.9644687656943589,False,False,Negative_Moderate_Submissive,Negative_High_Moderate,Negative_High_Moderate,1.044222198576529,1.044222198576529
I purchased a robot. And the robot got broken after using it for just one week.,sad,"Customer :Hello, have you ever used a robot before?
Agent :",angry,angry,angry,"REASONING: The robot breaking after just one week is a frustrating, irritating event that prompts complaint, with moderate-to-high arousal and a sense of assertive annoyance rather than helplessness or dejection.
VAD_Estimate: [V: -0.55, A: +0.55, D: +0.20]
EMOTION: angry",[-0.55  0.55  0.2 ],0.979642792042079,False,False,Negative_Moderate_Submissive,Negative_High_Moderate,Negative_High_Moderate,1.044222198576529,1.044222198576529
"i missed my period, took a pregnancy test, and it's positive. I am not doing okay",sad,"Customer :a month and a half I would say..
Agent :",afraid,afraid,afraid,"REASONING: The speaker is facing a sudden, life-changing situation and explicitly says they are not okay. This suggests strong negative distress, anxiety, and a sense of being overwhelmed or out of control, with no clear target to blame.  
VAD_Estimate: [V: -0.68, A: +0.55, D: -0.48]  
EMOTION: afraid",[-0.68  0.55 -0.48],0.8351047838445186,False,False,Negative_Moderate_Submissive,Negative_High_Submissive,Negative_High_Submissive,0.8757853618324527,0.8757853618324527
I finished my favorite show a few days ago. I was really angry but happy at the same time,sad,"Customer :I finished my favorite show a few days ago. I was really angry but happy at the same time
Agent :",angry,angry,angry,"REASONING: The speaker explicitly reports mixed emotions, but “really angry” is the stronger, emphasized emotion; anger brings negative valence, high arousal, and assertive control, though the simultaneous happiness softens the negativity.
VAD_Estimate: [V: -0.35, A: +0.60, D: +0.30]
EMOTION: angry",[-0.35  0.6   0.3 ],1.110045044131093,False,False,Negative_Moderate_Submissive,Negative_High_Moderate,Negative_High_Moderate,1.044222198576529,1.044222198576529
I purchased a robot. And the robot got broken after using it for just one week.,sad,"Customer :What kind of robot is it? What does it do?
Agent :",angry,angry,angry,"REASONING: The situation describes frustration over a faulty product, which triggers irritation and a sense of being wronged rather than helpless sadness. This suggests negative valence, moderate-to-high arousal, and some assertive control from blaming the defect.
VAD_Estimate: [V: -0.55, A: +0.50, D: +0.20]
EMOTION: angry",[-0.55  0.5   0.2 ],0.9381897462667134,False,False,Negative_Moderate_Submissive,Negative_High_Moderate,Negative_High_Moderate,1.044222198576529,1.044222198576529
i was not happy when i couldnt get out of work on time,sad,"Customer :i was not happy when i couldnt get out of work on time
Agent :",angry,angry,angry,"REASONING: The speaker expresses displeasure and frustration about being delayed from leaving work; the negativity is paired with irritation and mild agitation rather than helpless fear or passive sadness. This points toward anger.
VAD_Estimate: [V: -0.55, A: +0.55, D: +0.10]
EMOTION: angry",[-0.55  0.55  0.1 ],0.9293546147730694,False,False,Negative_Moderate_Submissive,Negative_High_Moderate,Negative_High_Moderate,1.044222198576529,1.044222198576529
it upset me when i saw my food was taken out of the fridge at work today,sad,"Customer :Oh no! Did you end up finding out who did it?
Agent :",angry,angry,angry,"REASONING: The situation involves a personal boundary violation at work, causing irritation and frustration rather than fear or passive sadness. The speaker feels targeted but not genuinely threatened, so valence is negative, arousal is moderately high, and dominance reflects mild assertiveness.
VAD_Estimate: [V: -0.55, A: +0.55, D: +0.20]
EMOTION: angry",[-0.55  0.55  0.2 ],0.979642792042079,False,False,Negative_Moderate_Submissive,Negative_High_Moderate,Negative_High_Moderate,1.044222198576529,1.044222198576529
I cried when I heard Top Gun 2 was being made.,sad,"Customer :No, sadness. I know it won't be good and will ruin the first movie.
Agent :",joyful,joyful,joyful,"REASONING: Crying upon hearing about a highly anticipated sequel suggests overwhelming positive excitement and happy tears, not sadness or fear. The event is pleasurable and energizing, with a moderate sense of eager anticipation.
VAD_Estimate: [V: +0.70, A: +0.55, D: +0.20]
EMOTION: joyful",[0.7  0.55 0.2 ],1.6499090884045702,False,False,Negative_Moderate_Submissive,Positive_High_Dominant,Positive_High_Dominant,1.7195929750961416,1.7195929750961416
Gotta admit it hurt a lot to find out that my ex had moved on so quickly.  But looking back it probably wasn't meant to be...and now I'm living my best life really,sad,"Customer :I'm the best I've ever been actually...fully self-employed, eating well, in the company of great friends...it's like life's starting to cut me some slack
Agent :",joyful,joyful,sad,"REASONING: The event itself—discovering the ex had moved on—was painful, not exhilarating; reflection and current happiness do not change the emotion felt at that moment. This is low-energy, negatively valenced, and relatively passive, fitting sadness rather than anger or fear.  
VAD_Estimate: [V: -0.55, A: -0.20, D: -0.40]  
EMOTION: sad",[-0.55 -0.2  -0.4 ],0.12727922061357855,False,True,Negative_Moderate_Submissive,Positive_High_Dominant,Negative_Moderate_Submissive,1.7195929750961416,0.0
I am feeling this way because my son is turning 2 soon.,sad,"Customer :We are going to have a small get together with family!
Agent :",joyful,joyful,joyful,"REASONING: A child’s second birthday is a positive developmental milestone, evoking warmth, pride, and happiness rather than distress or fear. The feeling is pleasant, moderately activating, and empowering.
VAD_Estimate: [V: +0.75, A: +0.45, D: +0.35]
EMOTION: joyful",[0.75 0.45 0.35],1.698587648606924,False,False,Negative_Moderate_Submissive,Positive_High_Dominant,Positive_High_Dominant,1.7195929750961416,1.7195929750961416
Someone ran over my dog and then ran away,sad,"Customer :Did you contact the police?
Agent :",angry,angry,angry,"REASONING: The event involves a clear external cause—the hit-and-run driver—and the speaker is likely to feel frustrated, blaming, and confrontational about the injustice, indicating anger rather than passive sadness or fear.
VAD_Estimate: [V: -0.55, A: +0.60, D: +0.20]
EMOTION: angry",[-0.55  0.6   0.2 ],1.0218610473053564,False,False,Negative_Moderate_Submissive,Negative_High_Moderate,Negative_High_Moderate,1.044222198576529,1.044222198576529
My girlfriend left me for my best friend,sad,"Customer :It made me feel horrible, I was sad about it
Agent :",angry,angry,angry,"REASONING: The situation describes a clear interpersonal betrayal with identifiable agents (girlfriend and best friend), which triggers active irritation and blame rather than passive helplessness. Negative valence, high arousal from frustration, and moderate assertive control point to anger.
VAD_Estimate: [V: -0.65, A: +0.60, D: +0.25]
EMOTION: angry",[-0.65  0.6   0.25],1.0458011283222064,False,False,Negative_Moderate_Submissive,Negative_High_Moderate,Negative_High_Moderate,1.044222198576529,1.044222198576529
My dog got out and I haven't found her yet. I hope she's ok,sad,"Customer :I'm not sure. She's probably around the neighborhood somewhere, but I haven't found her yet. I hope she's ok
Agent :",afraid,afraid,afraid,"REASONING: The speaker is experiencing anxious uncertainty about the dog’s safety, with worry and helplessness rather than anger or sadness. Negative valence, elevated arousal, and low control over the situation point to fear.
VAD_Estimate: [V: -0.60, A: +0.55, D: -0.40]
EMOTION: afraid",[-0.6   0.55 -0.4 ],0.8235289915965316,False,False,Negative_Moderate_Submissive,Negative_High_Submissive,Negative_High_Submissive,0.8757853618324527,0.8757853618324527
Someone ran over my dog and then ran away,sad,"Customer :Yes, and my dog was very hurt
Agent :",angry,angry,angry,"REASONING: The event is strongly negative and involves a clear human cause — a hit-and-run driver — which triggers outrage and a desire to blame. The high arousal comes from the injustice and frustration, with moderate dominance reflecting assertive anger rather than helpless fear or passive grief.  
VAD_Estimate: [V: -0.60, A: +0.65, D: +0.20]  
EMOTION: angry",[-0.6   0.65  0.2 ],1.0621675950620977,False,False,Negative_Moderate_Submissive,Negative_High_Moderate,Negative_High_Moderate,1.044222198576529,1.044222198576529
I got into an argument with my husband last night.,sad,"Customer :i hope everything will go back to normal asap and i hope he will apologize for making you feel small
Agent :",angry,angry,angry,"REASONING: The situation describes a conflict with a specific person, which typically involves active frustration, irritation, and assertive confrontation. This suggests negative valence, high arousal, and moderate dominance, aligning with anger rather than sadness or fear.
VAD_Estimate: [V: -0.55, A: +0.60, D: +0.25]
EMOTION: angry",[-0.55  0.6   0.25],1.048665819029113,False,False,Negative_Moderate_Submissive,Negative_High_Moderate,Negative_High_Moderate,1.044222198576529,1.044222198576529
Some angry mob came to the mull yesterday,sad,"Customer :What stuff? 
Agent :",afraid,afraid,afraid,"REASONING: An angry mob arriving is an unpredictable and potentially dangerous situation, creating high arousal and strong feelings of vulnerability with no sense of control. This aligns with fear rather than anger, sadness, or joy.
VAD_Estimate: [V: -0.70, A: +0.60, D: -0.45]
EMOTION: afraid",[-0.7   0.6  -0.45],0.8810221336606703,False,False,Negative_Moderate_Submissive,Negative_High_Submissive,Negative_High_Submissive,0.8757853618324527,0.8757853618324527
My wife got sick about two weeks ago and it was something serious.,sad,"Customer :Oh no! I am sorry to hear that. Is she feeling any better?
Agent :",afraid,afraid,afraid,"REASONING: A serious illness in a loved one is an uncontrollable and threatening event, creating worry, helplessness, and high emotional distress rather than anger or sadness. This aligns with high displeasure, high arousal, and low dominance.
VAD_Estimate: [V: -0.65, A: +0.55, D: -0.45]
EMOTION: afraid",[-0.65  0.55 -0.45],0.8289752710425082,False,False,Negative_Moderate_Submissive,Negative_High_Submissive,Negative_High_Submissive,0.8757853618324527,0.8757853618324527
I think my friend stole some money from me. I don't know what to do.,sad,"Customer :That sounds really nice.  Did you have fun?
Agent :",angry,angry,sad,"REASONING: The situation involves suspected betrayal by a friend, creating negative feelings of hurt and helplessness. There is low-to-moderate arousal and low dominance due to uncertainty about what to do, which aligns more with sad than angry.
VAD_Estimate: [V: -0.65, A: -0.25, D: -0.40]
EMOTION: sad",[-0.65 -0.25 -0.4 ],0.07549834435270751,False,True,Negative_Moderate_Submissive,Negative_High_Moderate,Negative_Moderate_Submissive,1.044222198576529,0.0
when i found out that my daughter had a bad reaction to her shot. it was scary,sad,"Customer :Oh no! Is everything okay now?
Agent :",afraid,afraid,afraid,"REASONING: The speaker explicitly describes the situation as ""scary,"" indicating fear and vulnerability during the event, with high arousal and low dominance consistent with the afraid prototype.
VAD_Estimate: [V: -0.64, A: +0.60, D: -0.43]
EMOTION: afraid",[-0.64  0.6  -0.43],0.8757853618324527,False,False,Negative_Moderate_Submissive,Negative_High_Submissive,Negative_High_Submissive,0.8757853618324527,0.8757853618324527
I'm upset that my husband is lazy,sad,"Customer :Could there be a reason that he is?
Agent :",angry,angry,angry,"REASONING: The speaker explicitly expresses ""upset"" and blames a specific person (""my husband"") for a frustrating behavior (""lazy""), indicating active irritation and blame rather than helplessness or sadness. This aligns with high negative valence, moderate-high arousal, and assertive control.

VAD_Estimate: [V: -0.55, A: +0.50, D: +0.20]
EMOTION: angry",[-0.55  0.5   0.2 ],0.9381897462667134,False,False,Negative_Moderate_Submissive,Negative_High_Moderate,Negative_High_Moderate,1.044222198576529,1.044222198576529
I have been watching dramas all week. They are so heart warming.,sad,"Customer :I used to not like dramas because they were too emotional
Agent :",joyful,joyful,joyful,"REASONING: The situation describes a positive, pleasant reaction to heart-warming dramas, indicating high pleasure, moderate emotional engagement, and a sense of comfort rather than distress. This aligns with the joyful prototype.
VAD_Estimate: [V: +0.75, A: +0.40, D: +0.30]
EMOTION: joyful",[0.75 0.4  0.3 ],1.6583726963502505,False,False,Negative_Moderate_Submissive,Positive_High_Dominant,Positive_High_Dominant,1.7195929750961416,1.7195929750961416
im not about that I have to give my spot to someone else,sad,"Customer :im not about that I have to give my spot to someone else 
Agent :",angry,angry,angry,"REASONING: The speaker is actively resisting an unfair demand, expressing frustration and irritation rather than helplessness or fear. This is negative in valence, moderately high in arousal, and assertive in dominance, matching anger.
VAD_Estimate: [V: -0.55, A: +0.60, D: +0.25]
EMOTION: angry",[-0.55  0.6   0.25],1.048665819029113,False,False,Negative_Moderate_Submissive,Negative_High_Moderate,Negative_High_Moderate,1.044222198576529,1.044222198576529
My little boy is starting Kindergarten in a few days,sad,"Customer :That's great, on both counts. You must be so proud of them both.
Agent :",joyful,joyful,joyful,"REASONING: This is a positive life milestone for the parent, evoking pride, warmth, and eager anticipation rather than fear or sadness. Valence is positive, arousal is moderately elevated from excitement, and dominance is somewhat positive due to a sense of proud control.

VAD_Estimate: [V: +0.70, A: +0.40, D: +0.30]
EMOTION: joyful",[0.7 0.4 0.3],1.617003401356967,False,False,Negative_Moderate_Submissive,Positive_High_Dominant,Positive_High_Dominant,1.7195929750961416,1.7195929750961416
"My dog passed away this morning. He was 13 years old, a golden lab. I'm just happy he's not in pain anymore.",sad,"Customer :Sorry to hear that, will you get another dog?
Agent :",joyful,joyful,joyful,"REASONING: The speaker explicitly says they are “happy” their dog is no longer in pain, so the explicit emotion label controls despite the loss. This reflects relief and positive acceptance, with moderate arousal and a sense of peace/control.

VAD_Estimate: [V: +0.70, A: +0.30, D: +0.30]
EMOTION: joyful",[0.7 0.3 0.3],1.578195171707226,False,False,Negative_Moderate_Submissive,Positive_High_Dominant,Positive_High_Dominant,1.7195929750961416,1.7195929750961416
Recently my refrigerator broke.  I had to throw away all of my food and spend $1400 on a new one.,sad,"Customer :That is such a stressful thing to come home to!
Agent :",angry,angry,angry,"REASONING: The broken refrigerator caused a frustrating financial loss and inconvenience, with irritation directed at the situation rather than sadness or fear. This active frustration suggests negative valence, moderate-to-high arousal, and some assertive control.
VAD_Estimate: [V: -0.55, A: +0.50, D: +0.20]
EMOTION: angry",[-0.55  0.5   0.2 ],0.9381897462667134,False,False,Negative_Moderate_Submissive,Negative_High_Moderate,Negative_High_Moderate,1.044222198576529,1.044222198576529
My daughter is graduating middle school this year. I have always been stressed about her going to high school,sad,"Customer :Oh man, I feel for you.  Kids grow up so fast.  Do you feel prepared for it?
Agent :",afraid,afraid,afraid,"REASONING: The speaker explicitly describes feeling “stressed” about her daughter entering high school, which reflects ongoing worry and anxiety about an uncertain future event. This is high arousal, negative valence, and low perceived control, matching fear/anxiety rather than anger or joy.
VAD_Estimate: [V: -0.60, A: +0.60, D: -0.40]
EMOTION: afraid",[-0.6  0.6 -0.4],0.8733269719870101,False,False,Negative_Moderate_Submissive,Negative_High_Submissive,Negative_High_Submissive,0.8757853618324527,0.8757853618324527
it upset me when i saw my food was taken out of the fridge at work today,sad,"Customer :it upset me when i saw my food was taken out of the fridge at work today
Agent :",angry,angry,angry,"REASONING: The speaker explicitly says they were upset, but the situation involves irritation and frustration over someone taking their food, which is a blameworthy act by another person. This fits an anger profile: negative valence, moderate-high arousal, and somewhat assertive control.
VAD_Estimate: [V: -0.55, A: +0.55, D: +0.25]
EMOTION: angry",[-0.55  0.55  0.25],1.0075713374247999,False,False,Negative_Moderate_Submissive,Negative_High_Moderate,Negative_High_Moderate,1.044222198576529,1.044222198576529
I feel bad I don't always get to go through bad things and full get healed. I have someone who was around me during the worst times of my life who took that away from me and made the focus be on them..which disrupted my process of grief and healing/,sad,"Customer :Well I hate going through anything bad..but I never get to go through the process of it and get healed because I have someone who was around me during the worst times of my life who took that away from me and made the focus be on them..which disrupted my process of grief and healing
Agent :",angry,angry,angry,"REASONING: The speaker expresses frustration and blame toward a specific person who disrupted their grief and healing, which reflects active irritation and resentment rather than passive sadness or fear. Valence is clearly negative, arousal is moderately high due to the complaining tone, and dominance is slightly assertive because the speaker is identifying a wrong done to them.

VAD_Estimate: [V: -0.55, A: +0.55, D: +0.20]
EMOTION: angry",[-0.55  0.55  0.2 ],0.979642792042079,False,False,Negative_Moderate_Submissive,Negative_High_Moderate,Negative_High_Moderate,1.044222198576529,1.044222198576529
"so sorry apple has hit the trillion dollar value today, i think they are an evil company who bring out the same product year in and year out and call it groundbreaking",sad,"Customer :and everything the release they claim tis groundbreaking wile other phones had the same features for eyars
Agent :",angry,angry,angry,"REASONING: The speaker expresses irritation and contempt toward Apple, blaming the company for repetitive products and misleading marketing. This is a clear negative appraisal with active frustration and assertive criticism, not fear, sadness, or joy.
VAD_Estimate: [V: -0.50, A: +0.55, D: +0.30]
EMOTION: angry",[-0.5   0.55  0.3 ],1.0422091920531118,False,False,Negative_Moderate_Submissive,Negative_High_Moderate,Negative_High_Moderate,1.044222198576529,1.044222198576529
I cant belive my friend is getting married. He fiance is terrible,sad,"Customer :That's great! Are you going to be in the wedding?
Agent :",angry,angry,angry,"REASONING: The speaker is disapproving and irritated about the friend’s choice, with a critical and assertive tone rather than fear or sadness. This points to negative valence, heightened arousal, and moderate dominance.
VAD_Estimate: [V: -0.55, A: +0.60, D: +0.25]
EMOTION: angry",[-0.55  0.6   0.25],1.048665819029113,False,False,Negative_Moderate_Submissive,Negative_High_Moderate,Negative_High_Moderate,1.044222198576529,1.044222198576529
I finished my favorite show a few days ago. I was really angry but happy at the same time,sad,"Customer :I finished Daredevil, I loved that show, Im just glad that the Marvel shows are connected
Agent :",angry,angry,angry,"REASONING: The speaker explicitly reports mixed feelings, but “really angry” is the emphasized primary emotion, with high displeasure, high arousal, and assertive frustration; the happiness is secondary, so the closest benchmark profile is anger.
VAD_Estimate: [V: -0.30, A: +0.55, D: +0.30]
EMOTION: angry",[-0.3   0.55  0.3 ],1.0854492157627644,False,False,Negative_Moderate_Submissive,Negative_High_Moderate,Negative_High_Moderate,1.044222198576529,1.044222198576529
when i found out that my daughter had a bad reaction to her shot. it was scary,sad,"Customer :The other day my daughter got her 4th DTAP vaccine and she had a bad reaction to it. 
Agent :",afraid,afraid,afraid,"REASONING: The explicit word ""scary"" indicates fear during the event; discovering a daughter’s bad reaction to a shot involves high unpleasantness, high arousal, and low control/vulnerability.
VAD_Estimate: [V: -0.64, A: +0.60, D: -0.43]
EMOTION: afraid",[-0.64  0.6  -0.43],0.8757853618324527,False,False,Negative_Moderate_Submissive,Negative_High_Submissive,Negative_High_Submissive,0.8757853618324527,0.8757853618324527
I can never figure out why my wife is so grumpy.,sad,"Customer :I can never figure out why my wife is so grumpy.
Agent :",angry,angry,angry,"REASONING: The speaker is expressing frustration and irritation about their wife’s ongoing grumpiness, with a complaining tone rather than fear or sadness. This points to negative valence, moderate-to-high arousal, and some assertive irritation.
VAD_Estimate: [V: -0.55, A: +0.50, D: +0.20]
EMOTION: angry",[-0.55  0.5   0.2 ],0.9381897462667134,False,False,Negative_Moderate_Submissive,Negative_High_Moderate,Negative_High_Moderate,1.044222198576529,1.044222198576529
Recently my refrigerator broke.  I had to throw away all of my food and spend $1400 on a new one.,sad,"Customer :Yes. Not only did I have to pay $1400 for a new one, I had to throw away all my food. 
Agent :",angry,angry,angry,"REASONING: The situation involves a costly, inconvenient loss of food and money, which triggers frustration and irritation rather than helplessness or fear. The active annoyance and sense of being wronged by the malfunction point to anger, with negative valence, moderately high arousal, and some assertive control in criticizing the situation.
VAD_Estimate: [V: -0.55, A: +0.55, D: +0.20]
EMOTION: angry",[-0.55  0.55  0.2 ],0.979642792042079,False,False,Negative_Moderate_Submissive,Negative_High_Moderate,Negative_High_Moderate,1.044222198576529,1.044222198576529
I dropped a bowl of mashed potatoes and it smashed all over the floor,sad,"Customer :that's good. what are you having for dinner?
Agent :",angry,angry,angry,"REASONING: The dropped bowl creates an unpleasant, messy situation that likely triggers immediate frustration and irritation, not fear or sadness. The sudden accident produces moderate-to-high arousal, and the speaker retains enough control to respond with annoyance rather than helplessness.
VAD_Estimate: [V: -0.55, A: +0.55, D: +0.25]
EMOTION: angry",[-0.55  0.55  0.25],1.0075713374247999,False,False,Negative_Moderate_Submissive,Negative_High_Moderate,Negative_High_Moderate,1.044222198576529,1.044222198576529
I just preordered Black Ops 4. I can't play until October though,sad,"Customer :October? I thought most Call of Duty games come out in November?
Agent :",joyful,joyful,sad,"REASONING: The excitement of preordering is dampened by the long wait to play, creating disappointment and resignation rather than active anger or fear. This is a mildly unpleasant, low-energy, low-control feeling aligned with sadness.
VAD_Estimate: [V: -0.50, A: -0.25, D: -0.30]
EMOTION: sad",[-0.5  -0.25 -0.3 ],0.13490737563232044,False,True,Negative_Moderate_Submissive,Positive_High_Dominant,Negative_Moderate_Submissive,1.7195929750961416,0.0
"I am trying to sell my house for 89k dollars, I have been in a bad financial situation, my nephew knows it, and now he is trying to buy my house just for 75k, trying to take advance of my situation",sad,"Customer :I'm sorry you're having to go through that, I hope you're able to sell the home for a better price.
Agent :",angry,angry,angry,"REASONING: The speaker is being financially exploited by a family member who knows their vulnerability, which triggers active irritation, resentment, and a sense of being wronged rather than helpless fear or sadness. This is negative, high-arousal frustration with assertive blame toward the nephew.
VAD_Estimate: [V: -0.65, A: +0.60, D: +0.20]
EMOTION: angry",[-0.65  0.6   0.2 ],1.018920997918877,False,False,Negative_Moderate_Submissive,Negative_High_Moderate,Negative_High_Moderate,1.044222198576529,1.044222198576529
Someone ran over my dog and then ran away,sad,"Customer :Thats terrible. Some people are scumbags.
Agent :",angry,angry,angry,"REASONING: A specific person caused harm to the speaker's dog and fled, triggering blame, outrage, and frustration rather than passive grief or fear. This is a negative, high-arousal, moderately assertive reaction directed at the driver.
VAD_Estimate: [V: -0.55, A: +0.60, D: +0.20]
EMOTION: angry",[-0.55  0.6   0.2 ],1.0218610473053564,False,False,Negative_Moderate_Submissive,Negative_High_Moderate,Negative_High_Moderate,1.044222198576529,1.044222198576529
I used to be miserable when no one would text me and I'd spend the weekend solo at my parents' house...now I've got to turn off my phone just to get away from it all,sad,"Customer :I used to be miserable when no one would hit me up and I'd spend the weekend solo at my parents' house...now I turn off my phone just to keep from getting distracted
Agent :",joyful,joyful,sad,"REASONING: The speaker explicitly recalls being “miserable” when isolated and alone, which signals dejection and loneliness rather than frustration or fear. This is negative in valence, low energy/passive, and low in control, matching sadness.

VAD_Estimate: [V: -0.65, A: -0.25, D: -0.35]

EMOTION: sad",[-0.65 -0.25 -0.35],0.034641016151377546,False,True,Negative_Moderate_Submissive,Positive_High_Dominant,Negative_Moderate_Submissive,1.7195929750961416,0.0
My car fuel gauge is not working. It left me on the side of the road without gas in the middle of nowhere !,sad,"Customer :Yes, I played the radio, until someone I knew passed by to stop to inquire. Good thing I live in a small town where everyone knows me 
Agent :",angry,angry,afraid,"REASONING: Being stranded without gas in an isolated area is highly unpleasant and unsettling; the situation feels urgent yet uncontrollable, with no clear remedy and a sense of helplessness. This points to negative valence, high arousal, and low dominance.
VAD_Estimate: [V: -0.70, A: +0.55, D: -0.45]
EMOTION: afraid",[-0.7   0.55 -0.45],0.83168503653727,False,False,Negative_Moderate_Submissive,Negative_High_Moderate,Negative_High_Submissive,1.044222198576529,0.8757853618324527
My favorite tea cup was broken. It makes me worry a lot.,sad,"Customer :Yeah, everything is fine. But my favorite tea cup was broken.
Agent :",afraid,afraid,afraid,"REASONING: The speaker explicitly says the broken cup “makes me worry a lot,” indicating anxiety and unease rather than sadness or anger. This suggests negative valence, elevated arousal from worry, and low dominance due to feeling unsettled.
VAD_Estimate: [V: -0.55, A: +0.55, D: -0.35]
EMOTION: afraid",[-0.55  0.55 -0.35],0.8241359111214606,False,False,Negative_Moderate_Submissive,Negative_High_Submissive,Negative_High_Submissive,0.8757853618324527,0.8757853618324527
My 10 year old cat is starting to get sick a lot. I'm worried about her.,sad,"Customer :Nope, she's been very healthy. She's just getting old.
Agent :",afraid,afraid,afraid,"REASONING: The speaker explicitly says “worried,” which signals fear/anxiety about the cat’s health. The situation is unpleasant, mentally activating, and feels uncontrollable, aligning with vulnerable concern rather than anger or sadness.

VAD_Estimate: [V: -0.60, A: +0.60, D: -0.43]

EMOTION: afraid",[-0.6   0.6  -0.43],0.8762419757121888,False,False,Negative_Moderate_Submissive,Negative_High_Submissive,Negative_High_Submissive,0.8757853618324527,0.8757853618324527
"I went to Whataburger a few days ago and they messed up my order, they put onions on my burger and the taste of onions make me feel sick.",sad,"Customer :Man I went to Whataburger and they messed up my order
Agent :",angry,angry,angry,"REASONING: The speaker is upset by a specific, blameworthy mistake made by Whataburger, causing irritation and frustration rather than sadness or fear. This fits high displeasure, moderate-high arousal, and assertive blame.
VAD_Estimate: [V: -0.51, A: +0.59, D: +0.25]
EMOTION: angry",[-0.51  0.59  0.25],1.044222198576529,False,False,Negative_Moderate_Submissive,Negative_High_Moderate,Negative_High_Moderate,1.044222198576529,1.044222198576529
"my grandmother has major back surgery next week, im not looking forward to it",sad,"Customer :oh no. is she alright?
Agent :",afraid,afraid,afraid,"REASONING: The speaker is dreading their grandmother’s upcoming major surgery, indicating worry and apprehension about a future, uncertain health threat. This evokes negative valence, heightened anxious arousal, and low control over the outcome.
VAD_Estimate: [V: -0.65, A: +0.55, D: -0.40]
EMOTION: afraid",[-0.65  0.55 -0.4 ],0.8232253640407347,False,False,Negative_Moderate_Submissive,Negative_High_Submissive,Negative_High_Submissive,0.8757853618324527,0.8757853618324527
I do not want my vacation to end. I would like to stay here forever,sad,"Customer :I do not want my vacation to end.
Agent :",joyful,joyful,sad,"REASONING: The speaker’s focus is on the unpleasant prospect of the vacation ending, producing wistfulness and reluctance rather than joy or excitement. This is a low-arousal, slightly negative state with a sense of helplessness over the inevitable end.

VAD_Estimate: [V: -0.45, A: -0.30, D: -0.35]
EMOTION: sad",[-0.45 -0.3  -0.35],0.18357559750685817,False,True,Negative_Moderate_Submissive,Positive_High_Dominant,Negative_Moderate_Submissive,1.7195929750961416,0.0
I think my friend stole some money from me. I don't know what to do.,sad,"Customer :I had a few friends over for drinks the other night
Agent :",angry,angry,sad,"REASONING: The situation involves suspected betrayal and loss, producing negative valence. The speaker’s uncertainty and helplessness (“I don’t know what to do”) indicate low dominance and relatively low arousal, not the high-energy assertiveness of anger or high-arousal vulnerability of fear.

VAD_Estimate: [V: -0.60, A: -0.30, D: -0.40]

EMOTION: sad",[-0.6 -0.3 -0.4],0.0818535277187245,False,True,Negative_Moderate_Submissive,Negative_High_Moderate,Negative_Moderate_Submissive,1.044222198576529,0.0
I purchased a robot. And the robot got broken after using it for just one week.,sad,"Customer :No I have not? I think it might be fun though. Have you?
Agent :",angry,angry,angry,"REASONING: The robot breaking after just one week is a frustrating and disappointing negative event, with irritation directed at the product's poor quality. This involves active annoyance rather than helplessness or sadness, fitting an anger profile.
VAD_Estimate: [V: -0.55, A: +0.55, D: +0.20]
EMOTION: angry",[-0.55  0.55  0.2 ],0.979642792042079,False,False,Negative_Moderate_Submissive,Negative_High_Moderate,Negative_High_Moderate,1.044222198576529,1.044222198576529
Some angry mob came to the mull yesterday,sad,"Customer :Gold,chains and other stuff
Agent :",angry,angry,afraid,"REASONING: An angry mob arriving is an unpredictable, potentially dangerous situation with no clear personal recourse, triggering threat-related apprehension rather than anger or joy. This is high negative arousal with low control, matching fear.
VAD_Estimate: [V: -0.70, A: +0.60, D: -0.45]
EMOTION: afraid",[-0.7   0.6  -0.45],0.8810221336606703,False,False,Negative_Moderate_Submissive,Negative_High_Moderate,Negative_High_Submissive,1.044222198576529,0.8757853618324527
I was watching a TV show and the couple were getting married. It was so sweet that it made me cry.,sad,"Customer :I was watching a TV show and the couple were getting married. It was so sweet that it made me cry.
Agent :",joyful,joyful,joyful,"REASONING: The situation is positive and heartwarming; crying from sweetness indicates emotional engagement and pleasure, with moderate arousal and a sense of warmth rather than vulnerability.
VAD_Estimate: [V: +0.75, A: +0.45, D: +0.30]
EMOTION: joyful",[0.75 0.45 0.3 ],1.6791962362987833,False,False,Negative_Moderate_Submissive,Positive_High_Dominant,Positive_High_Dominant,1.7195929750961416,1.7195929750961416
I was unable to help my friend who's in need. But I tried my level best to help her to solve the issue. She understand and get the issue solved through our another colleague.,sad,"Customer :I hope she did.
Agent :",joyful,joyful,joyful,"REASONING: The situation ends with the friend's issue resolved and mutual understanding, creating a positive, relieved emotional tone despite the initial inability to help directly. Valence is clearly positive, arousal is moderate (active effort but not intense excitement), and dominance is slightly positive because the speaker contributed and the outcome was collaborative.

VAD_Estimate: [V: +0.55, A: +0.30, D: +0.15]
EMOTION: joyful",[0.55 0.3  0.15],1.395600229292042,False,False,Negative_Moderate_Submissive,Positive_High_Dominant,Positive_High_Dominant,1.7195929750961416,1.7195929750961416
Some angry mob came to the mull yesterday,sad,"Customer :They stole some stuff
Agent :",angry,angry,afraid,"REASONING: An angry mob approaching is an unpredictable, threatening situation with potential danger, triggering fear and vulnerability rather than anger or joy. Negative valence, high arousal, and low dominance fit the afraid prototype.
VAD_Estimate: [V: -0.65, A: +0.60, D: -0.45]
EMOTION: afraid",[-0.65  0.6  -0.45],0.8784645695758025,False,False,Negative_Moderate_Submissive,Negative_High_Moderate,Negative_High_Submissive,1.044222198576529,0.8757853618324527
I got into an argument with my husband last night.,sad,"Customer :I hate to let people into my personal life but I got into an argument with my husband last night.  It was aweful.  I felt so small.
Agent :",angry,angry,angry,"REASONING: The situation describes a conflict with a specific person (her husband), which typically involves frustration, irritation, and assertive confrontation. This points to high negative valence, high arousal, and moderately high dominance.
VAD_Estimate: [V: -0.55, A: +0.60, D: +0.25]
EMOTION: angry",[-0.55  0.6   0.25],1.048665819029113,False,False,Negative_Moderate_Submissive,Negative_High_Moderate,Negative_High_Moderate,1.044222198576529,1.044222198576529
i was not payed on time,sad,"Customer :yeah but some dont care about that
Agent :",angry,angry,angry,"REASONING: Not being paid on time is a frustrating, unfair event that typically triggers irritation and a desire to complain or seek accountability, with moderate-high arousal and assertive control rather than helplessness.
VAD_Estimate: [V: -0.55, A: +0.55, D: +0.20]
EMOTION: angry",[-0.55  0.55  0.2 ],0.979642792042079,False,False,Negative_Moderate_Submissive,Negative_High_Moderate,Negative_High_Moderate,1.044222198576529,1.044222198576529
my son has to have my phone and the ipad at the same time. he is only three. I think he is addicted,sad,"Customer :That's not good! Take them away, start early
Agent :",afraid,afraid,afraid,"REASONING: The situation is negative but not intensely unpleasant; the parent is concerned and worried about their young child’s screen dependence, with a sense of helplessness rather than anger or sadness. This aligns with moderate negative valence, moderate arousal, and low dominance.

VAD_Estimate: [V: -0.55, A: +0.45, D: -0.40]

EMOTION: afraid",[-0.55  0.45 -0.4 ],0.7278049189171505,False,False,Negative_Moderate_Submissive,Negative_High_Submissive,Negative_High_Submissive,0.8757853618324527,0.8757853618324527
My daughter is graduating middle school this year. I have always been stressed about her going to high school,sad,"Customer :My daughter will be in high school next year
Agent :",afraid,afraid,afraid,"REASONING: The speaker explicitly says they have ""always been stressed"" about their daughter going to high school, indicating ongoing worry and apprehension. This negative, high-arousal, low-control state aligns with anxiety/fear rather than joy or sadness.
VAD_Estimate: [V: -0.55, A: +0.55, D: -0.40]
EMOTION: afraid",[-0.55  0.55 -0.4 ],0.8268615361715649,False,False,Negative_Moderate_Submissive,Negative_High_Submissive,Negative_High_Submissive,0.8757853618324527,0.8757853618324527
"I am trying to sell my house for 89k dollars, I have been in a bad financial situation, my nephew knows it, and now he is trying to buy my house just for 75k, trying to take advance of my situation",sad,"Customer :I am trying to sell my house for 89k dollars, I have been in a bad financial situation, my nephew knows it, and now he is trying to buy my house just for 75k, trying to take advance of my situation
Agent :",angry,angry,angry,"REASONING: The speaker is being exploited by a specific person, their nephew, who is knowingly taking advantage of their financial hardship, causing frustration and active irritation rather than fear or sadness. This is a clear interpersonal betrayal with blame directed at someone, matching the high-arousal, moderately assertive profile of anger.
VAD_Estimate: [V: -0.65, A: +0.55, D: +0.25]
EMOTION: angry",[-0.65  0.55  0.25],1.0045894683899488,False,False,Negative_Moderate_Submissive,Negative_High_Moderate,Negative_High_Moderate,1.044222198576529,1.044222198576529
"I was upset when I found out my job does not pay for you to take a lunch break, that ruined my day",sad,"Customer :Ours does if you are full time, but I have been working full time hours recently but not getting that perk...
Agent :",angry,angry,angry,"REASONING: The situation involves frustration and irritation toward an unfair workplace policy, which is an active complaint with blame directed at the employer rather than helplessness or sadness. This indicates negative valence, moderately high arousal, and assertive control.
VAD_Estimate: [V: -0.58, A: +0.55, D: +0.20]
EMOTION: angry",[-0.58  0.55  0.2 ],0.9776502442080195,False,False,Negative_Moderate_Submissive,Negative_High_Moderate,Negative_High_Moderate,1.044222198576529,1.044222198576529
I finished my favorite show a few days ago. I was really angry but happy at the same time,sad,"Customer :I have never heard of it, I did watch the movie though. It would have been cool if they got Jennifer garner and Ben Afleck in it
Agent :",angry,angry,angry,"REASONING: The explicit emotion word “angry” is the strongest stated feeling, intensified by “really,” though “happy” adds a mixed positive component. Overall arousal is high and the speaker has some assertive control, so the VAD profile is closest to anger.
VAD_Estimate: [V: -0.10, A: +0.55, D: +0.20]
EMOTION: angry",[-0.1   0.55  0.2 ],1.1109455432198287,False,False,Negative_Moderate_Submissive,Negative_High_Moderate,Negative_High_Moderate,1.044222198576529,1.044222198576529
"i missed my period, took a pregnancy test, and it's positive. I am not doing okay",sad,"Customer :How far along do you think you are?
Agent :",afraid,afraid,afraid,"REASONING: The pregnancy test result is an unexpected, life-altering event, and the speaker explicitly says they are “not doing okay,” indicating distress rather than joy. This triggers high arousal and a sense of helplessness/vulnerability, with no clear agent to blame, consistent with fear.

VAD_Estimate: [V: -0.65, A: +0.60, D: -0.45]
EMOTION: afraid",[-0.65  0.6  -0.45],0.8784645695758025,False,False,Negative_Moderate_Submissive,Negative_High_Submissive,Negative_High_Submissive,0.8757853618324527,0.8757853618324527
My dog got out and I haven't found her yet. I hope she's ok,sad,"Customer :where did it go?
Agent :",afraid,afraid,afraid,"REASONING: The situation involves uncertainty and concern for the dog's safety, with the speaker feeling helpless and worried rather than angry or joyful. This produces negative valence, moderately high arousal, and low dominance, aligning with fear/anxiety.
VAD_Estimate: [V: -0.55, A: +0.50, D: -0.40]
EMOTION: afraid",[-0.55  0.5  -0.4 ],0.777303029712351,False,False,Negative_Moderate_Submissive,Negative_High_Submissive,Negative_High_Submissive,0.8757853618324527,0.8757853618324527
"My dog passed away this morning. He was 13 years old, a golden lab. I'm just happy he's not in pain anymore.",sad,"Customer :Not right now. I think I will wait a while until I am ready.
Agent :",joyful,joyful,joyful,"REASONING: The speaker explicitly uses the emotion word “happy,” so that label takes priority despite the sad context. The relief that the dog is no longer suffering brings positive valence, moderate arousal, and a sense of acceptance/control.
VAD_Estimate: [V: +0.70, A: +0.40, D: +0.35]
EMOTION: joyful",[0.7  0.4  0.35],1.6371316379570704,False,False,Negative_Moderate_Submissive,Positive_High_Dominant,Positive_High_Dominant,1.7195929750961416,1.7195929750961416
I have been watching dramas all week. They are so heart warming.,sad,"Customer :Well I have watched likt 10 this week. They can really move you
Agent :",joyful,joyful,joyful,"REASONING: The situation describes positive feelings from watching heartwarming dramas, indicating pleasant emotions, moderate calm-arousal, and a gentle sense of warmth rather than high excitement or vulnerability.
VAD_Estimate: [V: +0.70, A: +0.30, D: +0.20]
EMOTION: joyful",[0.7 0.3 0.2],1.5410061648157025,False,False,Negative_Moderate_Submissive,Positive_High_Dominant,Positive_High_Dominant,1.7195929750961416,1.7195929750961416
I cant belive my friend is getting married. He fiance is terrible,sad,"Customer :That's too bad. When is the wedding?
Agent :",angry,angry,angry,"REASONING: The speaker expresses frustration and disapproval toward their friend’s fiancée, indicating active irritation rather than sadness or fear. This is a negative interpersonal judgment with moderate energy and some assertive control.
VAD_Estimate: [V: -0.55, A: +0.45, D: +0.20]
EMOTION: angry",[-0.55  0.45  0.2 ],0.8976079322287654,False,False,Negative_Moderate_Submissive,Negative_High_Moderate,Negative_High_Moderate,1.044222198576529,1.044222198576529
my son has to have my phone and the ipad at the same time. he is only three. I think he is addicted,sad,"Customer :No you don't have too. Little kids can just play with toys and not on video games. It's not good for them really.
Agent :",afraid,afraid,afraid,"REASONING: The parent is worried and somewhat helpless about their young child’s compulsive device use, producing negative valence, moderate arousal from concern, and low dominance due to feeling unable to control the situation.
VAD_Estimate: [V: -0.55, A: +0.45, D: -0.35]
EMOTION: afraid",[-0.55  0.45 -0.35],0.7247068372797375,False,False,Negative_Moderate_Submissive,Negative_High_Submissive,Negative_High_Submissive,0.8757853618324527,0.8757853618324527
I lost my lucky pen. I worried for it.,sad,"Customer :I lost my lucky pen.
Agent :",afraid,afraid,afraid,"REASONING: The speaker explicitly states they ""worried"" after losing a valued object, indicating anxiety and concern over the loss. This is a negative experience with moderately high arousal and a sense of vulnerability/lack of control, matching fear more than anger or sadness.
VAD_Estimate: [V: -0.55, A: +0.45, D: -0.35]
EMOTION: afraid",[-0.55  0.45 -0.35],0.7247068372797375,False,False,Negative_Moderate_Submissive,Negative_High_Submissive,Negative_High_Submissive,0.8757853618324527,0.8757853618324527
I am feeling this way because my son is turning 2 soon.,sad,"Customer :My son will be turning two in a few months.
Agent :",joyful,joyful,joyful,"REASONING: The upcoming birthday of a young child is a positive family milestone, evoking warmth, pride, and excitement. Valence is clearly positive, arousal is moderate, and dominance reflects a sense of control and joy.
VAD_Estimate: [V: +0.75, A: +0.45, D: +0.30]
EMOTION: joyful",[0.75 0.45 0.3 ],1.6791962362987833,False,False,Negative_Moderate_Submissive,Positive_High_Dominant,Positive_High_Dominant,1.7195929750961416,1.7195929750961416
I had to take my dog to the vet today.,sad,"Customer :He has been really sick for a while now, but unfortunately he didn't get to come home with me today.  
Agent :",afraid,afraid,afraid,"REASONING: The situation suggests worry or concern about the dog’s health, with an uncertain outcome and limited control. There is no clear target for blame, so it aligns with anxious fear rather than anger or sadness.
VAD_Estimate: [V: -0.55, A: +0.45, D: -0.40]
EMOTION: afraid",[-0.55  0.45 -0.4 ],0.7278049189171505,False,False,Negative_Moderate_Submissive,Negative_High_Submissive,Negative_High_Submissive,0.8757853618324527,0.8757853618324527
"I was upset when I found out my job does not pay for you to take a lunch break, that ruined my day",sad,"Customer :I was upset when I found out my job does not pay for you to take a lunch break, that ruined my day
Agent :",angry,angry,angry,"REASONING: The explicit word “upset” indicates negative affect; the trigger is a specific workplace policy, which causes active irritation/frustration rather than helplessness or sadness. This aligns with high displeasure, moderately high arousal, and some assertive frustration.
VAD_Estimate: [V: -0.55, A: +0.55, D: +0.20]
EMOTION: angry",[-0.55  0.55  0.2 ],0.979642792042079,False,False,Negative_Moderate_Submissive,Negative_High_Moderate,Negative_High_Moderate,1.044222198576529,1.044222198576529
"My daughter started kindergarten today.  I know we aren't supposed to cry, but I could not help it.",sad,"Customer :She did, and I know we aren't supposed to cry when they walk down that hall toward the classroom all by themselves, but I could not help it.
Agent :",joyful,joyful,joyful,"REASONING: The situation is a positive life milestone—the daughter starting kindergarten—and the tears appear to come from pride, love, and being emotionally moved rather than from grief or threat. Valence is positive, arousal is moderately elevated due to crying, and dominance is slightly lowered by being overwhelmed but not vulnerable or helpless.  
VAD_Estimate: [V: +0.70, A: +0.40, D: +0.20]  
EMOTION: joyful",[0.7 0.4 0.2],1.5807276805319759,False,False,Negative_Moderate_Submissive,Positive_High_Dominant,Positive_High_Dominant,1.7195929750961416,1.7195929750961416
"It's been a long week already and it's only Tuesday! Trying to heal through trauma and dreaming of it, really is unpleasant!",sad,"Customer :It has been long
Agent :",afraid,afraid,sad,"REASONING: The speaker expresses exhaustion and distress from a long, draining week and the difficult, unpleasant process of healing from trauma. This reflects low energy, discouragement, and vulnerability rather than high-arousal anger or fear.
VAD_Estimate: [V: -0.65, A: -0.30, D: -0.35]
EMOTION: sad",[-0.65 -0.3  -0.35],0.041231056256176575,False,True,Negative_Moderate_Submissive,Negative_High_Submissive,Negative_Moderate_Submissive,0.8757853618324527,0.0
when i see young people asking for help on fb or donations instead of working,sad,"Customer :just get a job , does it even matter grow up and contribute 
Agent :",angry,angry,angry,"REASONING: The speaker is criticizing and blaming young people for not working and instead asking for donations, indicating irritation and frustration rather than fear or sadness. This active judgment and sense of moral superiority reflect high arousal and assertive control → anger.
VAD_Estimate: [V: -0.55, A: +0.60, D: +0.30]
EMOTION: angry",[-0.55  0.6   0.3 ],1.0771258050942796,False,False,Negative_Moderate_Submissive,Negative_High_Moderate,Negative_High_Moderate,1.044222198576529,1.044222198576529
I have been watching dramas all week. They are so heart warming.,sad,"Customer :I like being emotional
Agent :",joyful,joyful,joyful,"REASONING: Watching heart-warming dramas produces a pleasant, uplifting emotional experience, with mild-to-moderate activation and a sense of gentle positivity rather than high intensity or vulnerability. This aligns with positive valence, moderate arousal, and moderate control, closest to joy.
VAD_Estimate: [V: +0.70, A: +0.25, D: +0.20]
EMOTION: joyful",[0.7  0.25 0.2 ],1.5232202729743325,False,False,Negative_Moderate_Submissive,Positive_High_Dominant,Positive_High_Dominant,1.7195929750961416,1.7195929750961416
I got locked out of my house today and couldn't shower despite being really sweaty.,sad,"Customer :I got locked out of my house today and couldn't shower despite being really sweaty.
Agent :",angry,angry,angry,"REASONING: Being locked out and unable to shower is a frustrating, inconvenient situation that prompts active irritation rather than sadness or fear. Valence is negative, arousal is moderately elevated from annoyance, and dominance is slightly lowered due to being stuck, but the tone is complaint-driven frustration.
VAD_Estimate: [V: -0.55, A: +0.50, D: +0.15]
EMOTION: angry",[-0.55  0.5   0.15],0.9108786966440701,False,False,Negative_Moderate_Submissive,Negative_High_Moderate,Negative_High_Moderate,1.044222198576529,1.044222198576529
I finished my favorite show a few days ago. I was really angry but happy at the same time,sad,"Customer :I get that! What show is it?
Agent :",angry,angry,angry,"REASONING: The speaker explicitly says they felt “really angry,” and the intensity of “really” makes anger the strongest explicit emotion, even though they also mention happiness. The mixed state keeps arousal high and dominance assertive, with valence tipping negative due to the anger component.

VAD_Estimate: [V: -0.25, A: +0.60, D: +0.30]
EMOTION: angry",[-0.25  0.6   0.3 ],1.1393857994551275,False,False,Negative_Moderate_Submissive,Negative_High_Moderate,Negative_High_Moderate,1.044222198576529,1.044222198576529
"My daughter started kindergarten today.  I know we aren't supposed to cry, but I could not help it.",sad,"Customer :My daughter started kindergarten today.
Agent :",joyful,joyful,joyful,"REASONING: The situation is a positive life milestone—a child starting kindergarten—and the parent’s tears reflect overwhelming pride and joy rather than distress. Valence is positive, arousal is heightened by the emotional moment, and dominance is moderately positive due to feelings of love and pride.
VAD_Estimate: [V: +0.70, A: +0.55, D: +0.30]
EMOTION: joyful",[0.7  0.55 0.3 ],1.684695818241382,False,False,Negative_Moderate_Submissive,Positive_High_Dominant,Positive_High_Dominant,1.7195929750961416,1.7195929750961416
i was not happy when i was told i had to go into work on saturday,sad,"Customer :i was not happy when i was told that i had to go into work on saturday
Agent :",angry,angry,angry,"REASONING: The speaker explicitly says they were “not happy” about an externally imposed demand, indicating irritation and frustration rather than joy, sadness, or fear. Being told to work on Saturday is likely to provoke active annoyance directed at the cause, fitting anger.
VAD_Estimate: [V: -0.55, A: +0.55, D: +0.20]
EMOTION: angry",[-0.55  0.55  0.2 ],0.979642792042079,False,False,Negative_Moderate_Submissive,Negative_High_Moderate,Negative_High_Moderate,1.044222198576529,1.044222198576529
my son has to have my phone and the ipad at the same time. he is only three. I think he is addicted,sad,"Customer :i think my son is addicted to screens and he is three
Agent :",afraid,afraid,afraid,"REASONING: The speaker expresses concern about their three-year-old’s compulsive screen use, suggesting worry and helplessness rather than active anger or sadness. This creates a negatively valenced, moderately aroused, and low-control emotional state.
VAD_Estimate: [V: -0.65, A: +0.55, D: -0.40]
EMOTION: afraid",[-0.65  0.55 -0.4 ],0.8232253640407347,False,False,Negative_Moderate_Submissive,Negative_High_Submissive,Negative_High_Submissive,0.8757853618324527,0.8757853618324527
when i see young people asking for help on fb or donations instead of working,sad,"Customer :Yeah, i feel some are just picky on what job they want to have
Agent :",angry,angry,angry,"REASONING: The speaker is irritated and judgmental toward a specific group, blaming them for not working and perceiving them as taking an easier path; this active frustration and outward blame indicates anger.  
VAD_Estimate: [V: -0.55, A: +0.60, D: +0.30]  
EMOTION: angry",[-0.55  0.6   0.3 ],1.0771258050942796,False,False,Negative_Moderate_Submissive,Negative_High_Moderate,Negative_High_Moderate,1.044222198576529,1.044222198576529
My boyfriend broke up with me and stile my rent money. I am going to be evicted.,sad,"Customer :I hope you called the cops on him.
Agent :",angry,angry,angry,"REASONING: The situation involves a specific person (the boyfriend) causing clear harm by stealing rent money and breaking up, which triggers irritation, blame, and active frustration rather than passive grief or ambiguous threat. Valence is strongly negative, arousal is elevated, and dominance is moderately assertive due to blame-oriented anger.
VAD_Estimate: [V: -0.60, A: +0.60, D: +0.20]
EMOTION: angry",[-0.6  0.6  0.2],1.0191663259743229,False,False,Negative_Moderate_Submissive,Negative_High_Moderate,Negative_High_Moderate,1.044222198576529,1.044222198576529
My 10 year old cat is starting to get sick a lot. I'm worried about her.,sad,"Customer :My 10 year old cat is starting to get sick a lot. I'm worried about her.
Agent :",afraid,afraid,afraid,"REASONING: The speaker explicitly says “worried,” which signals fear-related apprehension about their cat’s health. This involves negative valence, heightened arousal, and low control over the situation.
VAD_Estimate: [V: -0.60, A: +0.55, D: -0.45]
EMOTION: afraid",[-0.6   0.55 -0.45],0.8292767933567176,False,False,Negative_Moderate_Submissive,Negative_High_Submissive,Negative_High_Submissive,0.8757853618324527,0.8757853618324527
im not about that I have to give my spot to someone else,sad,"Customer :You have to give your spot to someone else? What do you mean exactly?
Agent :",angry,angry,angry,"REASONING: The speaker is facing an unwanted imposition—being forced to give up their spot—which triggers frustration and assertive resistance rather than helplessness. This is negative, high-arousal irritation with moderate control, consistent with anger.
VAD_Estimate: [V: -0.55, A: +0.60, D: +0.25]
EMOTION: angry",[-0.55  0.6   0.25],1.048665819029113,False,False,Negative_Moderate_Submissive,Negative_High_Moderate,Negative_High_Moderate,1.044222198576529,1.044222198576529
My dog got very sick the other day and had to go to the vet. He is my best friend.,sad,"Customer :He did, but my dog is my best friend and he had to stay a few nights away from home so I was upset.
Agent :",afraid,afraid,afraid,"REASONING: The situation involves a beloved pet becoming seriously ill, which creates concern and helplessness rather than anger or happiness. During the event, the speaker likely felt anxious and fearful about the dog’s health, with negative valence, high arousal, and low control.
VAD_Estimate: [V: -0.70, A: +0.60, D: -0.45]
EMOTION: afraid",[-0.7   0.6  -0.45],0.8810221336606703,False,False,Negative_Moderate_Submissive,Negative_High_Submissive,Negative_High_Submissive,0.8757853618324527,0.8757853618324527
I was watching a TV show and the couple were getting married. It was so sweet that it made me cry.,sad,"Customer :It was big. But it made me feel down because I haven't had one yet.
Agent :",joyful,joyful,joyful,"REASONING: The event is heartwarming and pleasant, with tears of happiness rather than sadness; moderate-to-high emotional engagement and positive connection → high pleasure, elevated arousal, moderate empowerment.
VAD_Estimate: [V: +0.75, A: +0.45, D: +0.30]
EMOTION: joyful",[0.75 0.45 0.3 ],1.6791962362987833,False,False,Negative_Moderate_Submissive,Positive_High_Dominant,Positive_High_Dominant,1.7195929750961416,1.7195929750961416
"My mom has arthritis in her neck, and the pain seems to be traveling down now.",sad,"Customer :My mom has arthritis in her neck, and the pain seems to be traveling down now.
Agent :",afraid,afraid,afraid,"REASONING: The speaker is worried about their mother’s worsening pain, which feels like an uncontrollable health threat rather than something to blame or fight. This negative situation involves anxious concern and low control, so valence is negative, arousal is moderately elevated, and dominance is low.
VAD_Estimate: [V: -0.60, A: +0.55, D: -0.40]
EMOTION: afraid",[-0.6   0.55 -0.4 ],0.8235289915965316,False,False,Negative_Moderate_Submissive,Negative_High_Submissive,Negative_High_Submissive,0.8757853618324527,0.8757853618324527
I am upset that I have been used for so long. After you get out of a situation you realize how bad it was.,sad,"Customer :by whom?
Agent :",angry,angry,angry,"REASONING: The speaker expresses active irritation and resentment about being exploited, with a clear sense of having been wronged by others. This is negative with moderate arousal and a slight sense of assertive blame, not helpless fear or passive sadness.  
VAD_Estimate: [V: -0.55, A: +0.50, D: +0.10]  
EMOTION: angry",[-0.55  0.5   0.1 ],0.8855506761332183,False,False,Negative_Moderate_Submissive,Negative_High_Moderate,Negative_High_Moderate,1.044222198576529,1.044222198576529
I was watching a TV show and the couple were getting married. It was so sweet that it made me cry.,sad,"Customer :Awe I love weddings! Were they having a big wedding or a small one?
Agent :",joyful,joyful,joyful,"REASONING: The situation is heartwarming and sweet, evoking positive tears rather than distress. Valence is clearly positive, arousal is moderately elevated from emotional intensity, and dominance is mildly positive due to uplifting feelings.
VAD_Estimate: [V: +0.70, A: +0.40, D: +0.30]
EMOTION: joyful",[0.7 0.4 0.3],1.617003401356967,False,False,Negative_Moderate_Submissive,Positive_High_Dominant,Positive_High_Dominant,1.7195929750961416,1.7195929750961416
I lost my lucky pen. I worried for it.,sad,"Customer :I lost it yesterday. But having it for 3 years.
Agent :",afraid,afraid,afraid,"REASONING: The explicit emotion word “worried” signals anxiety and unease about losing something valuable, with negative feelings and reduced sense of control.
VAD_Estimate: [V: -0.60, A: +0.55, D: -0.40]
EMOTION: afraid",[-0.6   0.55 -0.4 ],0.8235289915965316,False,False,Negative_Moderate_Submissive,Negative_High_Submissive,Negative_High_Submissive,0.8757853618324527,0.8757853618324527
I got into an argument with my husband last night.,sad,"Customer :i'm sorry to hear that. i hate when my wife and i argue. are you feeling any better? did you have a chance to talk to your husband after that?
Agent :",angry,angry,angry,"REASONING: The situation describes a conflict with a specific person, which typically involves active irritation, frustration, and assertive energy, making anger the dominant emotion. Valence is negative, arousal is high, and dominance is moderate because the speaker is engaged in confronting the issue rather than being helpless.
VAD_Estimate: [V: -0.55, A: +0.60, D: +0.25]
EMOTION: angry",[-0.55  0.6   0.25],1.048665819029113,False,False,Negative_Moderate_Submissive,Negative_High_Moderate,Negative_High_Moderate,1.044222198576529,1.044222198576529
"My daughter started kindergarten today.  I know we aren't supposed to cry, but I could not help it.",sad,"Customer :Oh wow! That is great. Did she have a good day?
Agent :",joyful,joyful,joyful,"REASONING: The event is a positive milestone, and the uncontrollable tears likely reflect overwhelming pride and love rather than sadness. This gives high pleasure, elevated arousal, and a moderate sense of emotional empowerment.
VAD_Estimate: [V: +0.70, A: +0.55, D: +0.20]
EMOTION: joyful",[0.7  0.55 0.2 ],1.6499090884045702,False,False,Negative_Moderate_Submissive,Positive_High_Dominant,Positive_High_Dominant,1.7195929750961416,1.7195929750961416
I cried when I heard Top Gun 2 was being made.,sad,"Customer :Really? Why? Out of happiness?
Agent :",joyful,joyful,joyful,"REASONING: The tears are in response to exciting news about a beloved movie sequel, indicating overwhelming happiness rather than sadness. Valence is positive, arousal is elevated due to emotional intensity, and dominance reflects a sense of eager anticipation.
VAD_Estimate: [V: +0.70, A: +0.50, D: +0.25]
EMOTION: joyful",[0.7  0.5  0.25],1.6426198586404586,False,False,Negative_Moderate_Submissive,Positive_High_Dominant,Positive_High_Dominant,1.7195929750961416,1.7195929750961416
My cat got ran over by someone. He sped off like it didn't matter.,sad,"Customer :She got ran over by some rude driver, she passed away.
Agent :",angry,angry,angry,"REASONING: The speaker describes a deliberate, careless act by a specific person who caused harm and fled, which triggers active frustration and blame rather than passive grief. This is high negative valence, high arousal, and assertive anger.
VAD_Estimate: [V: -0.65, A: +0.65, D: +0.25]
EMOTION: angry",[-0.65  0.65  0.25],1.0877499712709717,False,False,Negative_Moderate_Submissive,Negative_High_Moderate,Negative_High_Moderate,1.044222198576529,1.044222198576529
My boyfriend broke up with me and stile my rent money. I am going to be evicted.,sad,"Customer :i did. I am going to move before I am evicted. I don't want him to know where I live
Agent :",angry,angry,angry,"REASONING: The situation involves a clear interpersonal betrayal and financial harm caused by a specific person, which triggers active frustration and blame rather than helplessness or grief. This points to high negative valence, moderate-to-high arousal, and assertive irritation → anger.
VAD_Estimate: [V: -0.65, A: +0.55, D: +0.20]
EMOTION: angry",[-0.65  0.55  0.2 ],0.976575649911465,False,False,Negative_Moderate_Submissive,Negative_High_Moderate,Negative_High_Moderate,1.044222198576529,1.044222198576529
"I am trying to sell my house for 89k dollars, I have been in a bad financial situation, my nephew knows it, and now he is trying to buy my house just for 75k, trying to take advance of my situation",sad,"Customer :Wow, that's terrible. Why would he do that to you?
Agent :",angry,angry,angry,"REASONING: The speaker is being taken advantage of by a specific person (their nephew) during a financially vulnerable time, which causes active frustration and blame rather than helplessness or sadness. This matches anger: high displeasure, high arousal, and assertive irritation.
VAD_Estimate: [V: -0.65, A: +0.60, D: +0.30]
EMOTION: angry",[-0.65  0.6   0.3 ],1.074337004854622,False,False,Negative_Moderate_Submissive,Negative_High_Moderate,Negative_High_Moderate,1.044222198576529,1.044222198576529
I got locked out of my house today and couldn't shower despite being really sweaty.,sad,"Customer :Sorry to hear that.Are you still locked out?
Agent :",angry,angry,angry,"REASONING: The situation is unpleasant and frustrating, with active irritation from being locked out and unable to shower, rather than sadness or fear. This aligns with negative valence, moderately high arousal, and some assertive frustration.
VAD_Estimate: [V: -0.50, A: +0.50, D: +0.20]
EMOTION: angry",[-0.5  0.5  0.2],0.9437690395430441,False,False,Negative_Moderate_Submissive,Negative_High_Moderate,Negative_High_Moderate,1.044222198576529,1.044222198576529
I found out my niece may be autistic.,sad,"Customer :She's currently going to appointments and things. So they'll find out more soon. 
Agent :",afraid,afraid,afraid,"REASONING: The situation involves uncertainty about a loved one’s well-being, which typically triggers worry or anxiety rather than anger or joy. The negative impact is paired with heightened arousal and a reduced sense of control, matching the afraid prototype.
VAD_Estimate: [V: -0.55, A: +0.55, D: -0.45]
EMOTION: afraid",[-0.55  0.55 -0.45],0.8325863318599459,False,False,Negative_Moderate_Submissive,Negative_High_Submissive,Negative_High_Submissive,0.8757853618324527,0.8757853618324527
Gotta admit it hurt a lot to find out that my ex had moved on so quickly.  But looking back it probably wasn't meant to be...and now I'm living my best life really,sad,"Customer :At first it hurt a lot to find out that my ex had moved on so quickly. But looking back it probably wasn't meant to be...and now I'm living my best life
Agent :",joyful,joyful,sad,"REASONING: The phrase “it hurt a lot” explicitly describes emotional pain during the discovery that the ex moved on, and the later positive reflection does not change the feeling at that moment. This points to sadness: negative valence, low-to-moderate arousal, and a lowered sense of control.  
VAD_Estimate: [V: -0.65, A: -0.15, D: -0.35]  
EMOTION: sad",[-0.65 -0.15 -0.35],0.12328828005937956,False,True,Negative_Moderate_Submissive,Positive_High_Dominant,Negative_Moderate_Submissive,1.7195929750961416,0.0
My wife got sick about two weeks ago and it was something serious.,sad,"Customer :About two weeks ago my wife got sick with Tonsilitis.
Agent :",afraid,afraid,afraid,"REASONING: The situation involves a serious, uncontrollable threat to a loved one’s health, which triggers high distress and helplessness rather than anger or joy. This aligns with high negative valence, elevated arousal, and low dominance.
VAD_Estimate: [V: -0.65, A: +0.55, D: -0.45]
EMOTION: afraid",[-0.65  0.55 -0.45],0.8289752710425082,False,False,Negative_Moderate_Submissive,Negative_High_Submissive,Negative_High_Submissive,0.8757853618324527,0.8757853618324527
My boyfriend broke up with me and stile my rent money. I am going to be evicted.,sad,"Customer :Good because he's no good for you. You deserve better.
Agent :",angry,angry,angry,"REASONING: The situation involves a clear betrayal by a specific person—the boyfriend stole rent money and the speaker faces eviction—creating active frustration, resentment, and blame rather than helpless fear or passive sadness. High negative valence, high arousal from irritation, and moderate assertive control point to anger.
VAD_Estimate: [V: -0.65, A: +0.70, D: +0.20]
EMOTION: angry",[-0.65  0.7   0.2 ],1.1055315463612967,False,False,Negative_Moderate_Submissive,Negative_High_Moderate,Negative_High_Moderate,1.044222198576529,1.044222198576529
Someone ran over my dog and then ran away,sad,"Customer :Someone ran over my dog the other day and then ran away
Agent :",angry,angry,angry,"REASONING: The situation involves a blameworthy driver causing harm and fleeing, which triggers frustration, outrage, and a desire to assign blame rather than passive grief or fear. Valence is strongly negative, arousal is high due to anger, and dominance is moderately assertive because the speaker is focused on the wrongdoer.
VAD_Estimate: [V: -0.65, A: +0.60, D: +0.25]
EMOTION: angry",[-0.65  0.6   0.25],1.0458011283222064,False,False,Negative_Moderate_Submissive,Negative_High_Moderate,Negative_High_Moderate,1.044222198576529,1.044222198576529
i was not happy when i was told i had to go into work on saturday,sad,"Customer :I don't blame you. Work is a drag
Agent :",angry,angry,angry,"REASONING: Being told to work on Saturday is an unpleasant imposition that triggers irritation and frustration, not grief or fear. The tone is actively annoyed rather than passive, so it aligns with anger despite mild control limitations.
VAD_Estimate: [V: -0.55, A: +0.45, D: +0.15]
EMOTION: angry",[-0.55  0.45  0.15],0.8690224392960172,False,False,Negative_Moderate_Submissive,Negative_High_Moderate,Negative_High_Moderate,1.044222198576529,1.044222198576529
My 10 year old cat is starting to get sick a lot. I'm worried about her.,sad,"Customer :Has she had a history of illness?
Agent :",afraid,afraid,afraid,"REASONING: The speaker explicitly says they are “worried” about their cat’s declining health, which signals anxiety and concern. This involves negative valence, moderate-to-high arousal, and low dominance due to helplessness about the cat’s condition.
VAD_Estimate: [V: -0.60, A: +0.55, D: -0.40]
EMOTION: afraid",[-0.6   0.55 -0.4 ],0.8235289915965316,False,False,Negative_Moderate_Submissive,Negative_High_Submissive,Negative_High_Submissive,0.8757853618324527,0.8757853618324527
I was unable to help my friend who's in need. But I tried my level best to help her to solve the issue. She understand and get the issue solved through our another colleague.,sad,"Customer :My friend who never say no to me. Such a great companion she is! She asked me for a help. At the time I was out of town, so I was unable to do a favor 
Agent :",joyful,joyful,joyful,"REASONING: No explicit emotion word is used. The event ends positively—the friend understood and the issue was resolved—so valence is positive. The speaker was actively involved, but the overall feeling is calm relief/satisfaction rather than intense excitement, yielding moderate arousal and mild-to-moderate dominance.
VAD_Estimate: [V: +0.55, A: +0.25, D: +0.20]
EMOTION: joyful",[0.55 0.25 0.2 ],1.3941664176130482,False,False,Negative_Moderate_Submissive,Positive_High_Dominant,Positive_High_Dominant,1.7195929750961416,1.7195929750961416
i wasnt happy when i had to go into work on saturday,sad,"Customer :yea it isnt :(
Agent :",angry,angry,angry,"REASONING: The phrase “wasn’t happy” rules out joy, and the unwanted obligation to work on Saturday creates irritation and frustration rather than sadness or fear. This fits a negative, moderately aroused, assertive feeling state.
VAD_Estimate: [V: -0.55, A: +0.45, D: +0.20]
EMOTION: angry",[-0.55  0.45  0.2 ],0.8976079322287654,False,False,Negative_Moderate_Submissive,Negative_High_Moderate,Negative_High_Moderate,1.044222198576529,1.044222198576529
"I am trying to sell my house for 89k dollars, I have been in a bad financial situation, my nephew knows it, and now he is trying to buy my house just for 75k, trying to take advance of my situation",sad,"Customer :me too, and do you know what makes me mad?  When I had a good job, I helped them a lot, and now they are trying to do this to me
Agent :",angry,angry,angry,"REASONING: The speaker is being exploited by a known family member during a financial hardship, which creates clear frustration and resentment toward a specific person. This is active irritation with assertive blame rather than helpless fear or passive sadness.
VAD_Estimate: [V: -0.65, A: +0.60, D: +0.25]
EMOTION: angry",[-0.65  0.6   0.25],1.0458011283222064,False,False,Negative_Moderate_Submissive,Negative_High_Moderate,Negative_High_Moderate,1.044222198576529,1.044222198576529
Gotta admit it hurt a lot to find out that my ex had moved on so quickly.  But looking back it probably wasn't meant to be...and now I'm living my best life really,sad,"Customer :I am sorry it didn't work out. But happy to hear you are happy now.
Agent :",joyful,joyful,sad,"REASONING: The core event is discovering an ex moved on quickly, which caused emotional hurt and heartbreak; the later positive reflection is about the present and does not change the emotion felt at that time.  
VAD_Estimate: [V: -0.65, A: -0.25, D: -0.35]  
EMOTION: sad",[-0.65 -0.25 -0.35],0.034641016151377546,False,True,Negative_Moderate_Submissive,Positive_High_Dominant,Negative_Moderate_Submissive,1.7195929750961416,0.0
when i found out that my daughter had a bad reaction to her shot. it was scary,sad,"Customer :Yes thankfully, but I couldnt even sleep last night. I was so worried. ugh
Agent :",afraid,afraid,afraid,"REASONING: The speaker explicitly says the experience was “scary,” indicating fear during the event. The situation involves concern for a child’s health, producing high negative arousal and a sense of helplessness/vulnerability rather than anger or joy.
VAD_Estimate: [V: -0.64, A: +0.60, D: -0.43]
EMOTION: afraid",[-0.64  0.6  -0.43],0.8757853618324527,False,False,Negative_Moderate_Submissive,Negative_High_Submissive,Negative_High_Submissive,0.8757853618324527,0.8757853618324527
My dog got very sick the other day and had to go to the vet. He is my best friend.,sad,"Customer :Did the vet fix the dog?
Agent :",afraid,afraid,afraid,"REASONING: The dog’s serious illness is a distressing, uncontrollable threat to something deeply valued, creating worry and helplessness rather than anger or joy. Valence is strongly negative, arousal is elevated due to anxiety, and dominance is low because the outcome is uncertain.
VAD_Estimate: [V: -0.60, A: +0.55, D: -0.35]
EMOTION: afraid",[-0.6   0.55 -0.35],0.8207923001588161,False,False,Negative_Moderate_Submissive,Negative_High_Submissive,Negative_High_Submissive,0.8757853618324527,0.8757853618324527
"so sorry apple has hit the trillion dollar value today, i think they are an evil company who bring out the same product year in and year out and call it groundbreaking",sad,"Customer :apple is an evil company, they just become a trillion dollar company today. i feel they betray their customer base by releasing the same phone every year
Agent :",angry,angry,angry,"REASONING: The speaker is criticizing Apple with sarcastic “sorry” and accusing the company of being evil and repetitive, showing irritation and blame toward a specific entity. This reflects negative valence, moderate-to-high arousal, and assertive control rather than vulnerability or sadness.
VAD_Estimate: [V: -0.55, A: +0.55, D: +0.30]
EMOTION: angry",[-0.55  0.55  0.3 ],1.037159582706538,False,False,Negative_Moderate_Submissive,Negative_High_Moderate,Negative_High_Moderate,1.044222198576529,1.044222198576529
I cant belive my friend is getting married. He fiance is terrible,sad,"Customer :Her fiance is terrible. I dont know if i will
Agent :",angry,angry,angry,"REASONING: The speaker is actively criticizing a specific person (the fiance) and feels frustrated on behalf of their friend, showing irritation and assertive disapproval rather than helplessness or sadness.
VAD_Estimate: [V: -0.55, A: +0.55, D: +0.30]
EMOTION: angry",[-0.55  0.55  0.3 ],1.037159582706538,False,False,Negative_Moderate_Submissive,Negative_High_Moderate,Negative_High_Moderate,1.044222198576529,1.044222198576529
My favorite tea cup was broken. It makes me worry a lot.,sad,"Customer :I worried a lot yesterday.
Agent :",afraid,afraid,afraid,"REASONING: The speaker explicitly says the broken cup ""makes me worry a lot,"" which is an explicit emotion word indicating anxiety and apprehension rather than anger, sadness, or joy. This aligns with negative valence, elevated arousal, and low dominance/control.
VAD_Estimate: [V: -0.60, A: +0.55, D: -0.40]
EMOTION: afraid",[-0.6   0.55 -0.4 ],0.8235289915965316,False,False,Negative_Moderate_Submissive,Negative_High_Submissive,Negative_High_Submissive,0.8757853618324527,0.8757853618324527
My daughter is graduating middle school this year. I have always been stressed about her going to high school,sad,"Customer :I don't. She is a young woman now and its too much for me lol
Agent :",afraid,afraid,afraid,"REASONING: The speaker explicitly describes feeling “stressed” about their daughter’s transition to high school, indicating worry and anxiety rather than joy, anger, or sadness. This is a negative, high-arousal state with a sense of uncertainty and limited control over the future, matching the fear prototype.
VAD_Estimate: [V: -0.60, A: +0.55, D: -0.35]
EMOTION: afraid",[-0.6   0.55 -0.35],0.8207923001588161,False,False,Negative_Moderate_Submissive,Negative_High_Submissive,Negative_High_Submissive,0.8757853618324527,0.8757853618324527
I accidentally made a mistake with my bank account a while account. I managed to try to withdraw too much money and I got hit with a $25 overdraft fee. It was quite frustrating and annoying!,sad,"Customer :I accidentally made a mistake with my bank account a while ago. I managed to try to withdraw too much and I got hit with a $25 overdraft fee. It was really frustrating and annoying.
Agent :",angry,angry,angry,"REASONING: The speaker explicitly describes the experience as “frustrating and annoying,” indicating irritation and anger rather than sadness or fear. This involves negative valence, moderately high arousal, and a somewhat assertive sense of control.
VAD_Estimate: [V: -0.55, A: +0.60, D: +0.25]
EMOTION: angry",[-0.55  0.6   0.25],1.048665819029113,False,False,Negative_Moderate_Submissive,Negative_High_Moderate,Negative_High_Moderate,1.044222198576529,1.044222198576529
I'm upset that my husband is lazy,sad,"Customer :I don't know it. But I want to change him and his behaviours
Agent :",angry,angry,angry,"REASONING: The speaker explicitly says “upset” and blames a specific person (“my husband”) for a trait/behavior, indicating active irritation and frustration rather than fear, sadness, or joy. This maps to high displeasure, moderate-high arousal, and assertive control.
VAD_Estimate: [V: -0.60, A: +0.55, D: +0.25]
EMOTION: angry",[-0.6   0.55  0.25],1.0048382954485762,False,False,Negative_Moderate_Submissive,Negative_High_Moderate,Negative_High_Moderate,1.044222198576529,1.044222198576529
I am upset that I have been used for so long. After you get out of a situation you realize how bad it was.,sad,"Customer :I am upset that I have been used for so long. 
Agent :",angry,angry,angry,"REASONING: The explicit emotion word ""upset"" signals active displeasure, and being ""used"" by someone implies blame, frustration, and resentment, which aligns with anger rather than sadness or fear. The negative valence is moderate, arousal is moderately high, and there is some assertive control in recognizing the wrong done.
VAD_Estimate: [V: -0.55, A: +0.50, D: +0.20]
EMOTION: angry",[-0.55  0.5   0.2 ],0.9381897462667134,False,False,Negative_Moderate_Submissive,Negative_High_Moderate,Negative_High_Moderate,1.044222198576529,1.044222198576529
I cried when I heard Top Gun 2 was being made.,sad,"Customer :I cried when I heard Top Gun 2 was being made.
Agent :",joyful,joyful,joyful,"REASONING: Hearing about a beloved film’s sequel being made is a positive, exciting event; crying here likely reflects joyful anticipation rather than sadness. High pleasure, moderate-to-high arousal, and a sense of hopeful excitement.
VAD_Estimate: [V: +0.70, A: +0.50, D: +0.25]
EMOTION: joyful",[0.7  0.5  0.25],1.6426198586404586,False,False,Negative_Moderate_Submissive,Positive_High_Dominant,Positive_High_Dominant,1.7195929750961416,1.7195929750961416
when i see young people asking for help on fb or donations instead of working,sad,"Customer :it always makes me a little angry or a little down , when i see young people begging for money on facebook groups ... like dude get a job 
Agent :",angry,angry,angry,"REASONING: The speaker expresses irritation and disapproval toward young people asking for donations instead of working, implying blame and frustration rather than fear or sadness. This is a negative, activating judgment with assertive control.
VAD_Estimate: [V: -0.55, A: +0.60, D: +0.25]
EMOTION: angry",[-0.55  0.6   0.25],1.048665819029113,False,False,Negative_Moderate_Submissive,Negative_High_Moderate,Negative_High_Moderate,1.044222198576529,1.044222198576529
I lost my lucky pen. I worried for it.,sad,"Customer :thats a bummer! How long ago did you lose it? 
Agent :",afraid,afraid,afraid,"REASONING: The explicit word “worried” signals anxiety and apprehension about the lost pen, which is a negative, high-arousal state with reduced control. This aligns most closely with the afraid prototype.
VAD_Estimate: [V: -0.55, A: +0.50, D: -0.40]
EMOTION: afraid",[-0.55  0.5  -0.4 ],0.777303029712351,False,False,Negative_Moderate_Submissive,Negative_High_Submissive,Negative_High_Submissive,0.8757853618324527,0.8757853618324527
I found out yesterday that my dad had a stroke last month.  No one even told me until now!,sad,"Customer :I found out yesterday that my dad had a stroke last month!
Agent :",angry,angry,angry,"REASONING: The situation involves discovering a serious family health crisis late, with frustration directed at others for keeping it secret. This creates negative valence, moderately high arousal from irritation, and a sense of assertive blame rather than helplessness.
VAD_Estimate: [V: -0.60, A: +0.55, D: +0.20]
EMOTION: angry",[-0.6   0.55  0.2 ],0.976831612920057,False,False,Negative_Moderate_Submissive,Negative_High_Moderate,Negative_High_Moderate,1.044222198576529,1.044222198576529
I just ordered food and it came and it's totally the wrong order.  Now I have to wait another hour for it!,sad,"Customer :Oh i can relate, that happened to me with UberEats a couple days ago. Its so frustrating!
Agent :",angry,angry,angry,"REASONING: Negative event caused by a specific person/entity (the restaurant), with active frustration and irritation about having to wait longer, so anger fits over sadness or fear.
VAD_Estimate: [V: -0.60, A: +0.60, D: +0.20]
EMOTION: angry",[-0.6  0.6  0.2],1.0191663259743229,False,False,Negative_Moderate_Submissive,Negative_High_Moderate,Negative_High_Moderate,1.044222198576529,1.044222198576529
