Situation,emotion,empathetic_dialogues,baseline_prediction,baseline_raw_output,theory_prediction,theory_raw_output,theory_estimated_vec,theory_true_vad_error,baseline_correct,theory_correct
"I used to be terrified of approaching attractive women, let alone get their numbers...but I found out the easiest way to overcome that irrational fear is to level with them like a friend, instead of a prize to be won / objectified.",afraid,"Customer :Back then I was a big chicken and couldn't approach women, let alone get numbers.  But I discovered that the easiest way to overcome that irrational fear is to level with them like a friend, instead of seeing them as a prize to be won / objectified.
Agent :",joyful,joyful,afraid,"REASONING: The explicit phrase ""used to be terrified"" anchors the emotion to the past experience, which was unpleasant, highly arousing, and marked by vulnerability. Later coping insight does not override the emotion felt during the described event.
VAD_Estimate: [V: -0.64, A: +0.60, D: -0.43]
EMOTION: afraid",[-0.64  0.6  -0.43],0.0,False,True
"My car broke down yesterday and they say it might be the transmission. If so, I'd need a new car and that's hard to do right now",afraid,"Customer :Oh no! Sorry to hear that. How are you planning to get it fixed?
Agent :",sad,sad,afraid,"REASONING: The car breakdown and possible transmission failure create an unpleasant, stressful situation with no clear person to blame. The uncertainty about needing a new car and financial difficulty triggers worry and vulnerability, with high arousal and low control.
VAD_Estimate: [V: -0.55, A: +0.50, D: -0.40]
EMOTION: afraid",[-0.55  0.5  -0.4 ],0.13784048752090217,False,True
I am sitting in my house right now. The power just went out because of this big storm!,afraid,"Customer :I am in a storm right now.
Agent :",surprised,surprised,afraid,"REASONING: The sudden power outage during a big storm creates an environmental, uncontrollable threat, producing negative valence, heightened arousal, and a vulnerable sense of low control.
VAD_Estimate: [V: -0.60, A: +0.60, D: -0.45]
EMOTION: afraid",[-0.6   0.6  -0.45],0.044721359549995836,False,True
I kept hearing odd sounds all night... it turned out to be a racoon in the attic,afraid,"Customer :That would scare the heck out of me! How did you find out what it was?
Agent :",surprised,surprised,afraid,"REASONING: The unknown source of the odd sounds at night creates unease and hypervigilance, with little control over the situation, so mild negative valence, moderate-to-high arousal, and low dominance fit best.
VAD_Estimate: [V: -0.55, A: +0.55, D: -0.45]
EMOTION: afraid",[-0.55  0.55 -0.45],0.1048808848170151,False,True
my friend was speeding down the road because he wanted to show off the new car he had just bought,afraid,"Customer :Sounds like it was worth the ticket, what kind of caR? 
Agent :",joyful,joyful,afraid,"REASONING: The friend’s reckless speeding creates an unpredictable and potentially dangerous situation, making the speaker feel tense, helpless, and on high alert rather than excited or angry.
VAD_Estimate: [V: -0.65, A: +0.60, D: -0.45]
EMOTION: afraid",[-0.65  0.6  -0.45],0.022360679774997918,False,True
I think my boyfriend is cheating on me,afraid,"Customer :ormation
Agent :",sad,sad,afraid,"REASONING: The speaker expresses uncertain suspicion of betrayal, which creates anxious, negative arousal and a sense of vulnerability from lack of control over the relationship. This aligns more with fear/anxiety than with active anger or resignation.

VAD_Estimate: [V: -0.60, A: +0.45, D: -0.40]

EMOTION: afraid",[-0.6   0.45 -0.4 ],0.15811388300841894,False,True
Once I studied really hard for a physics quiz and then I tried to set an alarm to wake up for it. Instead I slept through it and thought I was gonna get a zero on the quiz.,afraid,"Customer :Yeah I lied to the professor and he let me do it later that day.
Agent :",sad,sad,afraid,"REASONING: Sleeping through an important quiz creates sudden anxiety and dread about the consequence (getting a zero). The situation feels uncontrollable and self-caused, with no external target for blame, producing high-arousal negative affect and low dominance.
VAD_Estimate: [V: -0.65, A: +0.60, D: -0.45]
EMOTION: afraid",[-0.65  0.6  -0.45],0.022360679774997918,False,True
I got new neighbors and I don't think they are too nice. I don't want to speak to them,afraid,"Customer :I don't think my new neighbors are nice people
Agent :",disgusted,disgusted,afraid,"REASONING: The speaker negatively judges the neighbors and actively avoids interacting with them, suggesting unease and withdrawal rather than anger or sadness. This is mildly negative, moderately arousing, and reflects low dominance/vulnerability.
VAD_Estimate: [V: -0.40, A: +0.20, D: -0.35]
EMOTION: afraid",[-0.4   0.2  -0.35],0.47328638264796924,False,True
I think my boyfriend is cheating on me,afraid,"Customer :That's terrible. Have you confronted him about it?
Agent :",sad,sad,afraid,"REASONING: The situation involves suspicion of betrayal, creating anxious uncertainty rather than confirmed blame. Valence is negative, arousal is elevated due to worry, and dominance is low because the speaker feels vulnerable and lacks control over the outcome.  
VAD_Estimate: [V: -0.65, A: +0.58, D: -0.45]  
EMOTION: afraid",[-0.65  0.58 -0.45],0.030000000000000027,False,True
"I finally got over my fear of heights! But before that, I had never been so scared in my life. I went sky-diving.",afraid,"Customer :I finally got over my fear of heights! But before that, I had never been so scared in my life. I went sky-diving so I had to jump off a plane!
Agent :",joyful,joyful,afraid,"REASONING: The speaker explicitly says they were “scared” during the sky-diving event, so the emotion felt then is fear, regardless of later relief. High displeasure, high arousal, and low control/vulnerability match the afraid prototype.
VAD_Estimate: [V: -0.64, A: +0.60, D: -0.43]
EMOTION: afraid",[-0.64  0.6  -0.43],0.0,False,True
I was so scared but I went skydiving! It was a great experience and I'm so glad I was able to overcome my fears.,afraid,"Customer :Oh wow! Are you afraid of heights at all?
Agent :",joyful,joyful,afraid,"REASONING: The speaker explicitly says they were “scared” during the skydiving event; the later positive reflection does not override the emotion felt at the time. Fear involves negative valence, high arousal, and low perceived control.
VAD_Estimate: [V: -0.64, A: +0.60, D: -0.43]
EMOTION: afraid",[-0.64  0.6  -0.43],0.0,False,True
I lost the money pouch for the deposit at my job the other day.,afraid,"Customer :There was nothing I could do.  I told my boss and he kicked it up to the regional bosses.  I am suspended and just have to wait to see if I can keep my job :(
Agent :",sad,sad,afraid,"REASONING: Losing a deposit money pouch at work is a negative, high-stakes event with potential blame and consequences. The speaker likely felt sudden anxiety and helplessness rather than anger or sadness, aligning with high negative valence, high arousal, and low dominance.
VAD_Estimate: [V: -0.65, A: +0.60, D: -0.45]
EMOTION: afraid",[-0.65  0.6  -0.45],0.022360679774997918,False,True
All the lights in my neighborhood has gone out except my home. People are looking at my home weird now.,afraid,"Customer :All the lights in my neighborhood has gone out except my home. People are looking at my home weird now.
Agent :",surprised,surprised,afraid,"REASONING: The situation is eerie and socially uncomfortable, with no clear cause or threat to blame; being singled out and watched by neighbors creates vulnerability and unease. This yields negative valence, moderately high arousal, and low dominance/control.
VAD_Estimate: [V: -0.55, A: +0.55, D: -0.40]
EMOTION: afraid",[-0.55  0.55 -0.4 ],0.10723805294763601,False,True
"My house burned down and I had to rescue my family, It was a chilly night.",afraid,"Customer :What a scary night that was.
Agent :",sad,sad,afraid,"REASONING: A house fire is an uncontrollable, life-threatening environmental danger requiring urgent escape and rescue; the situation triggers intense distress and vulnerability rather than blame or joy.
VAD_Estimate: [V: -0.75, A: +0.70, D: -0.45]
EMOTION: afraid",[-0.75  0.7  -0.45],0.15,False,True
When my house burned down in middle school. It was in the middle of the night.,afraid,"Customer :It was so terrifying to see my house burn.
Agent :",sad,sad,afraid,"REASONING: The event is a sudden, life-threatening nighttime fire, evoking immediate helplessness and terror rather than reflective grief. High displeasure, high arousal, and very low dominance align with fear.
VAD_Estimate: [V: -0.80, A: +0.70, D: -0.60]
EMOTION: afraid",[-0.8  0.7 -0.6],0.2539685019840059,False,True
I was at a scary maze and one of the people there actually scared me! It was super funny afterwords,afraid,"Customer :I do not like scary! I try to stay away from scary movies, too!
Agent :",joyful,joyful,afraid,"REASONING: The speaker explicitly says they were “scared” during the maze, and the funniness afterward is a later reflection, not the emotion felt in the moment. The event triggered unpleasant surprise, high arousal, and vulnerability.  
VAD_Estimate: [V: -0.64, A: +0.60, D: -0.43]  
EMOTION: afraid",[-0.64  0.6  -0.43],0.0,False,True
I am so scary that my manager doesn't keep his promise for my promotion.,afraid,"Customer :I am sure he will!
Agent :",sad,sad,afraid,"REASONING: The phrase “so scary” likely indicates feeling scared/anxious about the manager not keeping the promotion promise. This is a high-arousal, negative, low-control state of worry rather than anger or sadness.
VAD_Estimate: [V: -0.55, A: +0.55, D: -0.40]
EMOTION: afraid",[-0.55  0.55 -0.4 ],0.10723805294763601,False,True
I don't think I'm going to do so well this semester.,afraid,"Customer :Why and what did happen?
Agent :",sad,sad,afraid,"REASONING: The speaker is anticipating a negative academic outcome with worry and uncertainty, reflecting a lack of control rather than anger or sadness. This is a future-oriented anxious/dread response.
VAD_Estimate: [V: -0.55, A: +0.50, D: -0.40]
EMOTION: afraid",[-0.55  0.5  -0.4 ],0.13784048752090217,False,True
"I used to be afraid of the dark but now I am not so much, I had a nightlight for a long time",afraid,"Customer :I suppose so, it is the fact that we do not know what is in it
Agent :",joyful,joyful,afraid,"REASONING: The text explicitly describes a past emotion of being afraid of the dark, so the emotion during that past experience is fear, not relief. High displeasure, high arousal, and low control align with the afraid prototype.
VAD_Estimate: [V: -0.64, A: +0.60, D: -0.43]
EMOTION: afraid",[-0.64  0.6  -0.43],0.0,False,True
Riding coasters this weekend,afraid,"Customer :Why? What happened?
Agent :",joyful,joyful,afraid,"REASONING: The statement mentions an inherently intimidating activity (roller coasters) without any positive excitement words, so the dominant feeling is anxiety or dread. This corresponds to negative valence, high arousal, and low control/vulnerability.

VAD_Estimate: [V: -0.50, A: +0.60, D: -0.40]
EMOTION: afraid",[-0.5  0.6 -0.4],0.14317821063276354,False,True
I was so scared but I went skydiving! It was a great experience and I'm so glad I was able to overcome my fears.,afraid,"Customer :I'm deathly afraid of heights! I'm so glad I was able to overcome my fear because it was a great experience!
Agent :",joyful,joyful,afraid,"REASONING: The speaker explicitly describes feeling “so scared” during the skydive, and the later “glad” and “great experience” are retrospective reflections on overcoming fear, not the emotion felt at the moment. The in-the-moment state is high-arousal fear with low control/vulnerability.
VAD_Estimate: [V: -0.64, A: +0.60, D: -0.43]
EMOTION: afraid",[-0.64  0.6  -0.43],0.0,False,True
"When I was younger I was scared of almost any new experience...but since I've been mugged, kicked out of the house, lived homeless, been beaten up, won some street fights and become fully self-employed there's really nothing that scares me anymore",afraid,"Customer :As a sheltered teenager I used to be scared of almost any new experience...but since I've been mugged, kicked out of the house, lived homeless, been beaten up, won some street fights, sparred state champions in the ring and become fully self-employed there's really nothing that scares me anymore
Agent :",surprised,surprised,afraid,"REASONING: The speaker explicitly describes being “scared” during past new experiences, so the felt emotion is fear: unpleasant, high arousal, and a sense of vulnerability/lack of control. The later reflection about no longer being scared is not the emotion being judged.
VAD_Estimate: [V: -0.64, A: +0.60, D: -0.43]
EMOTION: afraid",[-0.64  0.6  -0.43],0.0,False,True
I just saw a bobcat outside my house.,afraid,"Customer :That can be a scary thing to see
Agent :",surprised,surprised,afraid,"REASONING: Seeing a bobcat outside is an unexpected potential threat, triggering alarm and a sense of vulnerability rather than joy or mere neutral surprise. The valence is negative, arousal is high, and dominance is low.
VAD_Estimate: [V: -0.55, A: +0.60, D: -0.40]
EMOTION: afraid",[-0.55  0.6  -0.4 ],0.09486832980505135,False,True
"I used to be afraid of the dark but now I am not so much, I had a nightlight for a long time",afraid,"Customer :Why aren't you anymore? 
Agent :",joyful,joyful,afraid,"REASONING: The speaker explicitly describes a past state of being afraid of the dark, so the emotion during that time was fear—high negative valence, high arousal, and low control/vulnerability. The current relief does not override the temporal anchor.

VAD_Estimate: [V: -0.64, A: +0.60, D: -0.43]
EMOTION: afraid",[-0.64  0.6  -0.43],0.0,False,True
Roller coasters next weekend,afraid,"Customer :Remember safety is the first priority of amusement parks, everything will be just fine!
Agent :",joyful,joyful,afraid,"REASONING: The upcoming roller coaster event is framed without any positive excitement words, so the dominant reaction is anxiety/dread about an intimidating activity. This yields negative valence, high arousal, and low dominance/vulnerability.
VAD_Estimate: [V: -0.60, A: +0.60, D: -0.40]
EMOTION: afraid",[-0.6  0.6 -0.4],0.05000000000000002,False,True
Going coaster riding this weekend :/,afraid,"Customer :Which amusement park?
Agent :",sad,sad,afraid,"REASONING: The emoticon "": /"" signals reluctance or dread, not excitement. Mentioning coaster riding without positive words reflects anxiety/avoidance, so high negative arousal with low control → afraid.
VAD_Estimate: [V: -0.60, A: +0.55, D: -0.40]
EMOTION: afraid",[-0.6   0.55 -0.4 ],0.07071067811865471,False,True
"I finally got over my fear of heights! But before that, I had never been so scared in my life. I went sky-diving.",afraid,"Customer :I was so scared! I almost fainted twice, and I was so pale and rigid! Looking back it was kind of funny. But I am glad I overcame the fear.
Agent :",joyful,joyful,afraid,"REASONING: The explicit emotion word “scared” refers to the speaker’s feeling during the sky-diving experience, which is intense fear and vulnerability before overcoming it. This corresponds to high negative valence, high arousal, and low dominance.
VAD_Estimate: [V: -0.64, A: +0.60, D: -0.43]
EMOTION: afraid",[-0.64  0.6  -0.43],0.0,False,True
I lost the money pouch for the deposit at my job the other day.,afraid,"Customer :Oh no! That is one of my biggest fears!  What did you do?
Agent :",sad,sad,afraid,"REASONING: Losing money entrusted at work is a negative, potentially threatening event with no clear person to blame; it would trigger anxiety, worry, and helplessness about consequences, indicating high arousal and low dominance.
VAD_Estimate: [V: -0.65, A: +0.60, D: -0.45]
EMOTION: afraid",[-0.65  0.6  -0.45],0.022360679774997918,False,True
when my hit her head,afraid,"Customer :Oh no! Is he/she okay? 
Agent :",sad,sad,afraid,"REASONING: A sudden head injury is unpleasant, alarming, and uncontrollable, producing high arousal and a sense of helplessness rather than anger or joy.  
VAD_Estimate: [V: -0.65, A: +0.60, D: -0.45]  
EMOTION: afraid",[-0.65  0.6  -0.45],0.022360679774997918,False,True
When my house burned down in the 8th grade,afraid,"Customer :I can't imagine my house on fire. That's I got home insurance!
Agent :",sad,sad,afraid,"REASONING: A house fire is an immediate, life-threatening danger with little personal control, causing intense distress, high arousal, and vulnerability during the event.
VAD_Estimate: [V: -0.70, A: +0.65, D: -0.50]
EMOTION: afraid",[-0.7   0.65 -0.5 ],0.10488088481701516,False,True
My friend hasnt been feeling well lately.,afraid,"Customer :That's too bad. What seems to be wrong with him?
Agent :",sad,sad,afraid,"REASONING: The friend’s ongoing illness creates concern and uncertainty, with negative valence, moderate anxious arousal, and low control over the situation.
VAD_Estimate: [V: -0.40, A: +0.30, D: -0.40]
EMOTION: afraid",[-0.4  0.3 -0.4],0.3853569773599539,False,True
When my house burned down in the 8th grade,afraid,"Customer :It really hurts to think about it happening, my house burning.
Agent :",sad,sad,afraid,"REASONING: A house fire is a sudden, uncontrollable, and life-threatening event, producing intense distress, high alertness, and a profound sense of vulnerability with no clear way to stop it.  
VAD_Estimate: [V: -0.75, A: +0.65, D: -0.50]  
EMOTION: afraid",[-0.75  0.65 -0.5 ],0.1396424004376894,False,True
When my house burned down in the 8th grade,afraid,"Customer :I hope you didn't lose too much.
Agent :",sad,sad,afraid,"REASONING: A house fire is a life-threatening, uncontrollable event with no clear agent to blame, triggering high-arousal panic and vulnerability rather than anger or grief.
VAD_Estimate: [V: -0.70, A: +0.60, D: -0.45]
EMOTION: afraid",[-0.7   0.6  -0.45],0.06324555320336754,False,True
Roller coasters next weekend,afraid,"Customer :What's wrong?
Agent :",joyful,joyful,afraid,"REASONING: The context of riding roller coasters is inherently intense and intimidating, with no positive excitement words like ""excited"" or ""love,"" so the dominant feeling is anxious dread. This triggers negative valence, high arousal, and low control/vulnerability.
VAD_Estimate: [V: -0.65, A: +0.60, D: -0.45]
EMOTION: afraid",[-0.65  0.6  -0.45],0.022360679774997918,False,True
when my mother in law fell on ice,afraid,"Customer :Shes older so thats was it was so scary. She did end up injuring her hip. 
Agent :",surprised,surprised,afraid,"REASONING: A sudden fall on ice is unexpected and potentially harmful, triggering alarm and concern with high arousal and low control over the situation. This aligns with fear rather than anger or sadness.
VAD_Estimate: [V: -0.65, A: +0.60, D: -0.45]
EMOTION: afraid",[-0.65  0.6  -0.45],0.022360679774997918,False,True
Riding coasters this weekend,afraid,"Customer :Good luck!
Agent :",joyful,joyful,afraid,"REASONING: The situation mentions riding roller coasters without explicit positive words like “excited” or “love,” so the dominant response is anxious anticipation/dread of an intimidating activity. This yields negative valence, high arousal, and low perceived control.

VAD_Estimate: [V: -0.64, A: +0.60, D: -0.43]
EMOTION: afraid",[-0.64  0.6  -0.43],0.0,False,True
I was at a scary maze and one of the people there actually scared me! It was super funny afterwords,afraid,"Customer :I was at a scary maze and one of the people there actually scared me! It was super funny afterwords
Agent :",joyful,joyful,afraid,"REASONING: The in-the-moment event is being startled in a scary maze, which is negative, high-arousal, and vulnerable; the “funny afterwards” is a later reflection, not the felt emotion during the event. The explicit “scared” confirms fear.
VAD_Estimate: [V: -0.64, A: +0.60, D: -0.43]
EMOTION: afraid",[-0.64  0.6  -0.43],0.0,False,True
Our home was broken into when we moved in and I felt this way.,afraid,"Customer :They never did, which made it even worse. I wanted to be able to put a face with who did it.
Agent :",angry,angry,afraid,"REASONING: A home break-in is an unexpected, invasive event with an unclear threat and no specific person to confront, causing high arousal and a sense of vulnerability.
VAD_Estimate: [V: -0.70, A: +0.65, D: -0.45]
EMOTION: afraid",[-0.7   0.65 -0.45],0.08062257748298549,False,True
Roller coaster riding next week,afraid,"Customer :We're going to the amusement park!  I've never rode a coaster before!  Kinda scary~!
Agent :",joyful,joyful,afraid,"REASONING: The situation references an upcoming roller coaster ride without any positive words like “excited” or “love,” so the dominant reaction is anxiety and dread about an intimidating activity. This yields negative valence, high arousal, and low control.
VAD_Estimate: [V: -0.64, A: +0.60, D: -0.43]
EMOTION: afraid",[-0.64  0.6  -0.43],0.0,False,True
"When I was younger I was scared of almost any new experience...but since I've been mugged, kicked out of the house, lived homeless, been beaten up, won some street fights and become fully self-employed there's really nothing that scares me anymore",afraid,"Customer :Hopefully, it'll be smooth sailing from no onwards.
Agent :",surprised,surprised,afraid,"REASONING: The speaker explicitly describes being “scared” in the past, and although they later reflect on overcoming fear, the emotion felt during that described younger period was fear: high unpleasantness, high arousal, and low control/vulnerability.
VAD_Estimate: [V: -0.64, A: +0.60, D: -0.43]
EMOTION: afraid",[-0.64  0.6  -0.43],0.0,False,True
"When I was younger I was scared of almost any new experience...but since I've been mugged, kicked out of the house, lived homeless, been beaten up, won some street fights and become fully self-employed there's really nothing that scares me anymore",afraid,"Customer :Yup and I'm only 26 :)
Agent :",joyful,joyful,afraid,"REASONING: The speaker explicitly says they “were scared” during younger experiences, so the felt emotion at that time is fear. VAD reflects high displeasure, high arousal, and low dominance/vulnerability.
VAD_Estimate: [V: -0.64, A: +0.60, D: -0.43]
EMOTION: afraid",[-0.64  0.6  -0.43],0.0,False,True
Yesterday I came across a huge snake in my back yard!,afraid,"Customer :Oh man! Was it poisonous?
Agent :",surprised,surprised,afraid,"REASONING: Encountering a huge snake is an unexpected and potentially dangerous event, triggering high-arousal alarm, strongly negative valence, and a vulnerable sense of low control.
VAD_Estimate: [V: -0.65, A: +0.62, D: -0.45]
EMOTION: afraid",[-0.65  0.62 -0.45],0.030000000000000027,False,True
"I used to be afraid of the dark but now I am not so much, I had a nightlight for a long time",afraid,"Customer : I used to be afraid of the dark but now I am not so much, I had a nightlight for a long time
Agent :",joyful,joyful,afraid,"REASONING: The speaker explicitly says ""used to be afraid,"" so by temporal anchoring and primacy of explicit emotion words, the emotion during that past experience was fear. The VAD profile reflects strong displeasure, high arousal, and vulnerability/helplessness.
VAD_Estimate: [V: -0.64, A: +0.60, D: -0.43]
EMOTION: afraid",[-0.64  0.6  -0.43],0.0,False,True
I heard a loud bang in the middle of the night.,afraid,"Customer :was it a gunshot?
Agent :",surprised,surprised,afraid,"REASONING: A sudden loud noise at night is highly arousing and unpleasant, with an ambiguous environmental source that makes the speaker vulnerable and unable to control the situation.
VAD_Estimate: [V: -0.55, A: +0.70, D: -0.45]
EMOTION: afraid",[-0.55  0.7  -0.45],0.13601470508735442,False,True
When my house burned down in the 8th grade,afraid,"Customer :I was too young to know about that, we're done for.
Agent :",sad,sad,afraid,"REASONING: A house fire is a sudden, life-threatening event that overwhelms the speaker with helplessness and the need to escape, rather than anger or passive sadness. This produces strongly negative valence, high arousal, and very low dominance.
VAD_Estimate: [V: -0.70, A: +0.65, D: -0.45]
EMOTION: afraid",[-0.7   0.65 -0.45],0.08062257748298549,False,True
They laid off 3 people at work yesterday. Still haven't mentioned it yet.,afraid,"Customer :They laid off 3 people at work yesterday. Still haven't mentioned it yet.
Agent :",surprised,surprised,afraid,"REASONING: Layoffs create an ambiguous and unresolved threat to job security, leaving the speaker in a state of anxious uncertainty rather than anger or sadness. This involves high displeasure, heightened arousal, and low control over the outcome.
VAD_Estimate: [V: -0.60, A: +0.55, D: -0.40]
EMOTION: afraid",[-0.6   0.55 -0.4 ],0.07071067811865471,False,True
"One night, I was just done reading some really scary stories and my door suddenly opened on its own. Upon closer inspection it was my cat opening it since it wasn't completely closed.",afraid,"Customer :Everyone must have at least once in their life. I checked to see what opened the door and it was just my cat pushing it open haha.
Agent :",surprised,surprised,afraid,"REASONING: The sudden self-opening door right after reading scary stories creates an ambiguous, uncontrollable threat, triggering fear and vulnerability before the cat is discovered. The experience is unpleasant and high-arousal with low dominance.
VAD_Estimate: [V: -0.65, A: +0.60, D: -0.45]
EMOTION: afraid",[-0.65  0.6  -0.45],0.022360679774997918,False,True
"I used to be afraid of the dark but now I am not so much, I had a nightlight for a long time",afraid,"Customer :Yeah I guess, it was pretty common at that age
Agent :",joyful,joyful,afraid,"REASONING: The speaker describes a past state of being afraid of the dark, so the emotion felt during that described event is fear, even though they now feel less afraid.
VAD_Estimate: [V: -0.64, A: +0.60, D: -0.43]
EMOTION: afraid",[-0.64  0.6  -0.43],0.0,False,True
i get this situation in midnight,afraid,"Customer :no real 
Agent :",sad,sad,afraid,"REASONING: The phrase is vague, but “midnight” and “this situation” suggest an unsettling, uncertain experience happening at night. With no clear agent to blame, the response leans toward heightened arousal and lowered control, matching fear.
VAD_Estimate: [V: -0.60, A: +0.55, D: -0.45]
EMOTION: afraid",[-0.6   0.55 -0.45],0.06708203932499367,False,True
I woke up the other day to REALLY loud knocking at my apartment door. I don't know who it was because I didn't answer the door.,afraid,"Customer :Well, I thought about opening it but I didn't. I don't know exactly what happened, but the police came and I heard them telling the man to go home, so maybe he was on something.
Agent :",surprised,surprised,afraid,"REASONING: The loud, unexpected knocking at the door creates a sudden, jarring disruption with an unknown potential threat. Not answering suggests apprehension and vulnerability rather than confrontation or blame, indicating high arousal and low dominance.
VAD_Estimate: [V: -0.65, A: +0.60, D: -0.45]
EMOTION: afraid",[-0.65  0.6  -0.45],0.022360679774997918,False,True
My friend hasnt been feeling well lately.,afraid,"Customer :His heart has been beating real fast lately.
Agent :",sad,sad,afraid,"REASONING: The friend’s illness triggers concern and worry rather than anger or joy. The valence is negative, arousal is moderate, and the speaker has little control over the friend’s health outcome → closest to afraid.
VAD_Estimate: [V: -0.45, A: +0.35, D: -0.35]
EMOTION: afraid",[-0.45  0.35 -0.35],0.324037034920393,False,True
I was out in the woods naked.,afraid,"Customer :I did not know exactly what to do withmyself.
Agent :",surprised,surprised,afraid,"REASONING: Being naked in the woods creates a strong sense of exposure and vulnerability, with no specific person to blame; the ambiguous environmental threat triggers anxiety and helplessness rather than anger or joy.  
VAD_Estimate: [V: -0.60, A: +0.50, D: -0.45]  
EMOTION: afraid",[-0.6   0.5  -0.45],0.10954451150103321,False,True
My friend hasn't answered me calls for 2 weeks now. I don't know what's going on.,afraid,"Customer :I asked their roommates but they don't know anything.
Agent :",sad,sad,afraid,"REASONING: The situation is negative and uncertain; being ignored without explanation creates worry and unease, with high mental arousal and low sense of control.
VAD_Estimate: [V: -0.50, A: +0.50, D: -0.40]
EMOTION: afraid",[-0.5  0.5 -0.4],0.17464249196572978,False,True
I don't think I'm going to do so well this semester.,afraid,"Customer :Oh, be positive, try your best.
Agent :",sad,sad,afraid,"REASONING: The statement expresses worry and uncertainty about future performance, which is negatively valenced, moderately arousing, and involves a low sense of control over the outcome.
VAD_Estimate: [V: -0.55, A: +0.40, D: -0.40]
EMOTION: afraid",[-0.55  0.4  -0.4 ],0.2213594362117865,False,True
"When I was younger, I went on a trip to my cousins ski home in New York. I am from Florida and didn't know any better and stuck my tongue to a frozen pole when one of my cousins dared me to. I dont recommend it.",afraid,"Customer :Oh no, that classic prank! I bet that was painful, I've only seen it on movies.
Agent :",surprised,surprised,afraid,"REASONING: The event involves sudden physical pain and helplessness from being stuck to a frozen pole, creating strongly negative valence, high arousal from panic and shock, and very low dominance due to being trapped and vulnerable.
VAD_Estimate: [V: -0.65, A: +0.60, D: -0.50]
EMOTION: afraid",[-0.65  0.6  -0.5 ],0.07071067811865477,False,True
Our home was broken in to 2 months after we purchased it.,afraid,"Customer :Im so sorry to hear that. I was watching a house for a familty member and they're safe was stolen.
Agent :",angry,angry,afraid,"REASONING: A home break-in is a highly negative, high-arousal event that undermines a person’s sense of safety and control. The passive phrasing and lack of a direct target for blame emphasize vulnerability and threat rather than assertive anger.
VAD_Estimate: [V: -0.65, A: +0.60, D: -0.45]
EMOTION: afraid",[-0.65  0.6  -0.45],0.022360679774997918,False,True
I heard a loud bang in the middle of the night.,afraid,"Customer :I heard a loud bang in the middle of last night and it woke me up.
Agent :",surprised,surprised,afraid,"REASONING: A sudden loud bang at night is ambiguous and potentially threatening, causing high arousal, negative valence, and a vulnerable sense of low control. This aligns with fear rather than simple surprise because the unknown noise signals possible danger.
VAD_Estimate: [V: -0.60, A: +0.65, D: -0.40]
EMOTION: afraid",[-0.6   0.65 -0.4 ],0.0707106781186548,False,True
All the lights in my neighborhood has gone out except my home. People are looking at my home weird now.,afraid,"Customer :Wow that's a strange thing. Any idea why that happened?
Agent :",surprised,surprised,afraid,"REASONING: The situation is eerie and socially uncomfortable: being singled out while the neighborhood is dark creates unease and vulnerability. Valence is negative, arousal is moderately high due to the strange attention, and dominance is low because the speaker feels exposed and uncertain.
VAD_Estimate: [V: -0.55, A: +0.55, D: -0.45]
EMOTION: afraid",[-0.55  0.55 -0.45],0.1048808848170151,False,True
I went to the store. When I got there the place was being robbed!,afraid,"Customer :The place done got robbed!
Agent :",surprised,surprised,afraid,"REASONING: The situation involves an unexpected, dangerous criminal event with potential threat to safety, triggering high arousal and helplessness rather than anger or excitement. Negative valence, high arousal, low dominance → fear.
VAD_Estimate: [V: -0.70, A: +0.70, D: -0.45]
EMOTION: afraid",[-0.7   0.7  -0.45],0.11832159566199227,False,True
When my house burned down in middle school. It was in the middle of the night.,afraid,"Customer :It was burned in a paint fire, tragic.
Agent :",sad,sad,afraid,"REASONING: A house fire in the middle of the night is a sudden, life-threatening environmental danger during the event, causing intense negative valence, high arousal, and a strong sense of vulnerability/helplessness rather than anger or sadness.
VAD_Estimate: [V: -0.70, A: +0.65, D: -0.45]
EMOTION: afraid",[-0.7   0.65 -0.45],0.08062257748298549,False,True
I'm going to an amusement park tomorrow. I don,afraid,"Customer :Ive never been on any but I'll try it out
Agent :",joyful,joyful,afraid,"REASONING: The speaker is anticipating an amusement park visit, but the incomplete phrase “I don...” suggests reluctance or anxiety rather than excitement. The context points to dread about an intimidating/uncertain event, with negative valence, high arousal, and low control.
VAD_Estimate: [V: -0.60, A: +0.60, D: -0.40]
EMOTION: afraid",[-0.6  0.6 -0.4],0.05000000000000002,False,True
Roller coasters next weekend,afraid,"Customer :Nothing.  I'm going to ride rollercoasters this weekend.  So scared of them.
Agent :",joyful,joyful,afraid,"REASONING: The speaker mentions an inherently thrilling but risky activity with no positive emotion words, indicating anxiety or dread about the upcoming event → negative valence, high arousal, low control.
VAD_Estimate: [V: -0.55, A: +0.60, D: -0.35]
EMOTION: afraid",[-0.55  0.6  -0.35],0.12041594578792295,False,True
Going coaster riding this weekend :/,afraid,"Customer :six flags.  I've never rode a coaster before!
Agent :",sad,sad,afraid,"REASONING: Roller coasters are thrilling but intimidating; the negative :/ emoticon and absence of positive words like ""excited"" indicate anxiety/dread rather than joy. This maps to high displeasure, high arousal, and low perceived control.
VAD_Estimate: [V: -0.60, A: +0.60, D: -0.40]
EMOTION: afraid",[-0.6  0.6 -0.4],0.05000000000000002,False,True
Going coaster riding this weekend :/,afraid,"Customer :What other rides should you take?
Agent :",sad,sad,afraid,"REASONING: The "": /"" conveys reluctance or dread about an upcoming roller coaster, an inherently intimidating activity, with no positive excitement stated. This creates negative valence, high arousal from anticipatory anxiety, and low control/vulnerability → afraid.
VAD_Estimate: [V: -0.55, A: +0.60, D: -0.40]
EMOTION: afraid",[-0.55  0.6  -0.4 ],0.09486832980505135,False,True
I kept hearing odd sounds all night... it turned out to be a racoon in the attic,afraid,"Customer :I had to call animal control
Agent :",surprised,surprised,afraid,"REASONING: Hearing unexplained sounds throughout the night creates an ambiguous, potentially threatening situation with heightened alertness and helplessness. The eventual explanation (raccoon) comes after the fear response, so the dominant feeling during the event is unease and vulnerability.
VAD_Estimate: [V: -0.55, A: +0.55, D: -0.45]
EMOTION: afraid",[-0.55  0.55 -0.45],0.1048808848170151,False,True
Once I studied really hard for a physics quiz and then I tried to set an alarm to wake up for it. Instead I slept through it and thought I was gonna get a zero on the quiz.,afraid,"Customer :One of the scariest things that happened to me was when I slept through a physics quiz that I really needed to do well on.
Agent :",sad,sad,afraid,"REASONING: The situation is clearly negative (facing a zero on a quiz despite preparation), with high arousal from waking up too late and panic, and low dominance because the mistake cannot be undone. The dominant feeling is dread/helplessness about the consequence rather than anger or sadness.
VAD_Estimate: [V: -0.65, A: +0.55, D: -0.45]
EMOTION: afraid",[-0.65  0.55 -0.45],0.05477225575051656,False,True
"I used to be afraid of the dark but now I am not so much, I had a nightlight for a long time",afraid,"Customer :Was the nightlight in your room?
Agent :",joyful,joyful,afraid,"REASONING: The speaker explicitly describes having been afraid of the dark in the past, so the emotion felt during that described period is fear. This involves high displeasure, high arousal, and low control/vulnerability.
VAD_Estimate: [V: -0.64, A: +0.60, D: -0.43]
EMOTION: afraid",[-0.64  0.6  -0.43],0.0,False,True
I was at a scary maze and one of the people there actually scared me! It was super funny afterwords,afraid,"Customer :I dont either, but I wanted to go with my friends
Agent :",joyful,joyful,afraid,"REASONING: The speaker explicitly says they were “scared” during the maze event, which anchors the felt emotion to fear at that moment. The event was startling and anxiety-provoking, so valence is negative, arousal is high, and dominance is low/vulnerable. The later “super funny” reaction is a reflection afterward, not the emotion during the event.
VAD_Estimate: [V: -0.64, A: +0.60, D: -0.43]
EMOTION: afraid",[-0.64  0.6  -0.43],0.0,False,True
Roller coaster riding next week,afraid,"Customer :oh it sounds fun. You should try it once. You will enjoy it. You will be scared for the first time, but you will be okay
Agent :",joyful,joyful,afraid,"REASONING: The situation mentions an upcoming roller coaster ride without any positive excitement words, so the dominant feeling is anticipatory anxiety/dread. Negative valence, high arousal, and low control align with fear.
VAD_Estimate: [V: -0.64, A: +0.60, D: -0.43]
EMOTION: afraid",[-0.64  0.6  -0.43],0.0,False,True
I'm going to an amusement park tomorrow. I don,afraid,"Customer :That sounds like so much fun! I think you should. I love roller coasters!
Agent :",joyful,joyful,afraid,"REASONING: The speaker mentions an amusement park but expresses no positive excitement; the incomplete “I don” suggests reluctance or worry about the event, indicating anxious anticipation with high arousal and low control.
VAD_Estimate: [V: -0.60, A: +0.55, D: -0.40]
EMOTION: afraid",[-0.6   0.55 -0.4 ],0.07071067811865471,False,True
I was so scared but I went skydiving! It was a great experience and I'm so glad I was able to overcome my fears.,afraid,"Customer :I was so terrified, but I went skydiving a few weeks ago!
Agent :",joyful,joyful,afraid,"REASONING: The speaker explicitly says “I was so scared” during the skydiving event, so the dominant felt emotion at that time is fear. The later positive reflection about overcoming fears does not override the explicit fear experienced during the event. This aligns with high displeasure, high arousal, and low/vulnerable control.

VAD_Estimate: [V: -0.64, A: +0.60, D: -0.43]
EMOTION: afraid",[-0.64  0.6  -0.43],0.0,False,True
"When I was younger, I went on a trip to my cousins ski home in New York. I am from Florida and didn't know any better and stuck my tongue to a frozen pole when one of my cousins dared me to. I dont recommend it.",afraid,"Customer :When I was younger, I went on a trip to my cousins ski home in New York. I am from Florida and didn't know any better and stuck my tongue to a frozen pole when one of my cousins dared me to. I dont recommend it.
Agent :",surprised,surprised,afraid,"REASONING: The event involves sudden physical pain and helplessness when his tongue froze to the pole, producing strongly negative valence, high arousal, and low dominance. The reaction is more panic and vulnerability than surprise or anger, so fear best fits the experience.
VAD_Estimate: [V: -0.70, A: +0.60, D: -0.45]
EMOTION: afraid",[-0.7   0.6  -0.45],0.06324555320336754,False,True
I went to the store. When I got there the place was being robbed!,afraid,"Customer :I went to the store and something bad happened.
Agent :",surprised,surprised,afraid,"REASONING: The speaker unexpectedly encounters an ongoing robbery, which is a dangerous, uncontrollable threat. This triggers high arousal and vulnerability rather than confrontation or blame, so fear is the dominant emotion.
VAD_Estimate: [V: -0.65, A: +0.62, D: -0.45]
EMOTION: afraid",[-0.65  0.62 -0.45],0.030000000000000027,False,True
I lost my wallet while out shopping. It took hours to find it.,afraid,"Customer :I was out shopping with my wife the other day, and I lost my wallet. It was so nerve racking to not know what happened to it.
Agent :",joyful,joyful,afraid,"REASONING: Losing a wallet is an unexpected negative event causing anxiety and helplessness while searching, with high arousal and low control during the experience.
VAD_Estimate: [V: -0.60, A: +0.55, D: -0.40]
EMOTION: afraid",[-0.6   0.55 -0.4 ],0.07071067811865471,False,True
I just saw a bobcat outside my house.,afraid,"Customer :I just saw a bobcat outside my house.
Agent :",surprised,surprised,afraid,"REASONING: Seeing a wild predator such as a bobcat is unexpected and signals potential danger, creating high arousal, negative valence, and a sense of vulnerability with little control.
VAD_Estimate: [V: -0.70, A: +0.65, D: -0.45]
EMOTION: afraid",[-0.7   0.65 -0.45],0.08062257748298549,False,True
Being alone in a foreign country.,afraid,"Customer :Why you don't invite a friend to come with you?
Agent :",sad,sad,afraid,"REASONING: Being alone in a foreign country creates unpleasant uncertainty and vulnerability; unfamiliar surroundings and lack of social support raise alertness while reducing control.
VAD_Estimate: [V: -0.55, A: +0.45, D: -0.45]
EMOTION: afraid",[-0.55  0.45 -0.45],0.17606816861659005,False,True
I lost my wallet while out shopping. It took hours to find it.,afraid,"Customer :I was very lucky, and an employee at the electronics store we had been to called me to tell me they had my wallet and I could come pick it up.
Agent :",joyful,joyful,afraid,"REASONING: Losing a wallet and searching for hours creates anxious, unpleasant uncertainty with high arousal and low sense of control; there is no clear person to blame, so fear/anxiety fits better than anger or sadness.
VAD_Estimate: [V: -0.55, A: +0.55, D: -0.40]
EMOTION: afraid",[-0.55  0.55 -0.4 ],0.10723805294763601,False,True
Riding coasters this weekend,afraid,"Customer :We're taking the kiddos to six flags and they're gonna make me ride coasters lol
Agent :",joyful,joyful,afraid,"REASONING: The text mentions riding coasters without any positive excitement words, so the inherent risk/intensity of the activity suggests anxiety or dread rather than joy. This produces negative valence, high arousal, and low control.
VAD_Estimate: [V: -0.64, A: +0.60, D: -0.43]
EMOTION: afraid",[-0.64  0.6  -0.43],0.0,False,True
Riding coasters this weekend,afraid,"Customer :Yeah I've never rode one before!  So scared :(
Agent :",joyful,joyful,afraid,"REASONING: The phrase references an inherently intense/risky activity without any positive emotion words like “excited” or “love,” so it signals anxiety or dread about the roller coaster. This yields negative valence, high arousal, and low control.
VAD_Estimate: [V: -0.60, A: +0.60, D: -0.40]
EMOTION: afraid",[-0.6  0.6 -0.4],0.05000000000000002,False,True
"I used to be afraid of the dark but now I am not so much, I had a nightlight for a long time",afraid,"Customer : I used to be afraid of the dark but now I am not so much, I had a nightlight for a long time
Agent :",joyful,joyful,afraid,"REASONING: The speaker explicitly says “used to be afraid,” which anchors the emotion to the past experience of fearing the dark — high displeasure, high arousal, and low control.  
VAD_Estimate: [V: -0.64, A: +0.60, D: -0.43]  
EMOTION: afraid",[-0.64  0.6  -0.43],0.0,False,True
When my house burned down in middle school. It was in the middle of the night.,afraid,"Customer :oh no. what happened?
Agent :",sad,sad,afraid,"REASONING: The situation describes a life-threatening house fire at night, with immediate danger and no clear person to blame; the dominant response would be panic and a need to escape, not sadness or anger. This maps to high displeasure, high arousal, and low control/vulnerability.
VAD_Estimate: [V: -0.70, A: +0.65, D: -0.45]
EMOTION: afraid",[-0.7   0.65 -0.45],0.08062257748298549,False,True
Once I studied really hard for a physics quiz and then I tried to set an alarm to wake up for it. Instead I slept through it and thought I was gonna get a zero on the quiz.,afraid,"Customer :oh that sucks, i guess you called in to make up a lie and make up the quiz
Agent :",sad,sad,afraid,"REASONING: The speaker realizes they slept through an important quiz, triggering negative feelings of dread and panic about the consequence. This involves high arousal, unpleasantness, and low perceived control over the outcome, fitting fear more than sadness or anger.
VAD_Estimate: [V: -0.65, A: +0.55, D: -0.40]
EMOTION: afraid",[-0.65  0.55 -0.4 ],0.05916079783099609,False,True
"When I was younger I was scared of almost any new experience...but since I've been mugged, kicked out of the house, lived homeless, been beaten up, won some street fights and become fully self-employed there's really nothing that scares me anymore",afraid,"Customer :Wow. That's pretty amazing. You have been through quite a lot in life.
Agent :",surprised,surprised,afraid,"REASONING: The speaker explicitly says they “was scared” of new experiences, and temporal anchoring requires judging the emotion during that described past experience. Fear involves high negative arousal and low dominance/vulnerability, matching the prototype for afraid.
VAD_Estimate: [V: -0.64, A: +0.60, D: -0.43]
EMOTION: afraid",[-0.64  0.6  -0.43],0.0,False,True
my friend was speeding down the road because he wanted to show off the new car he had just bought,afraid,"Customer :my friend was speeding because he wanted to show off his new car to me
Agent :",joyful,joyful,afraid,"REASONING: Dangerous speeding by a friend is a life-threatening situation with no positive excitement expressed by the speaker; it triggers high arousal, negative valence, and a sense of vulnerability/lack of control.
VAD_Estimate: [V: -0.65, A: +0.70, D: -0.45]
EMOTION: afraid",[-0.65  0.7  -0.45],0.10246950765959596,False,True
I awoke to a tapping a tthe window last night,afraid,"Customer :Who was there?
Agent :",surprised,surprised,afraid,"REASONING: Waking to an unexpected tapping at the window at night creates a sudden, ambiguous sense of threat, with heightened alertness and low perceived control. This aligns more with fear than simple surprise because the situation feels uneasy and vulnerable rather than neutral or positive.
VAD_Estimate: [V: -0.45, A: +0.60, D: -0.40]
EMOTION: afraid",[-0.45  0.6  -0.4 ],0.19235384061671346,False,True
i get this situation in midnight,afraid,"Customer :i get the horror situation in midnight
Agent :",surprised,surprised,afraid,"REASONING: The statement is vague but uses ""midnight"" and an unspecified ""situation,"" suggesting an unpleasant or uncertain event at a vulnerable time. There is no clear agent to blame, and the context implies heightened vigilance and low control, aligning with fear.
VAD_Estimate: [V: -0.64, A: +0.60, D: -0.43]
EMOTION: afraid",[-0.64  0.6  -0.43],0.0,False,True
Riding coasters this weekend,afraid,"Customer :Oh! I thought it was something bad, I hate roller coasters too!
Agent :",joyful,joyful,afraid,"REASONING: The phrase mentions an inherently thrilling but anxiety-inducing activity with no explicit positive emotion word like “excited” or “love,” so the dominant feeling is anticipatory dread. This suggests negative valence, high arousal, and low perceived control.

VAD_Estimate: [V: -0.40, A: +0.60, D: -0.35]

EMOTION: afraid",[-0.4   0.6  -0.35],0.25298221281347033,False,True
My apartment is getting infested with bugs. I'm not so sure we'll be able to get rid of them entirely...,afraid,"Customer :My apartment is getting infested with bugs. I'm not so sure we'll be able to get rid of them entirely..
Agent :",disgusted,disgusted,afraid,"REASONING: The bug infestation is an unpleasant environmental problem, with worry and helplessness about whether it can be resolved. This creates negative valence, moderate arousal from anxiety, and low dominance due to perceived lack of control.
VAD_Estimate: [V: -0.55, A: +0.45, D: -0.45]
EMOTION: afraid",[-0.55  0.45 -0.45],0.17606816861659005,False,True
Going coaster riding this weekend :/,afraid,"Customer :Yeah!  Maybe if I try one I'll like it.
Agent :",sad,sad,afraid,"REASONING: The speaker is anticipating a roller coaster trip with a “:/” expression, indicating dread or anxiety rather than excitement. This creates negative valence, high arousal, and low perceived control over the situation.
VAD_Estimate: [V: -0.64, A: +0.60, D: -0.43]
EMOTION: afraid",[-0.64  0.6  -0.43],0.0,False,True
I think my boyfriend is cheating on me,afraid,"Customer :I think my boyfriend is seeing someone else
Agent :",sad,sad,afraid,"REASONING: The situation involves suspicion and uncertainty about betrayal, producing anxious agitation and vulnerability rather than assertive blame. Valence is negative, arousal is high due to worry, and dominance is low because the outcome feels out of the speaker’s control.
VAD_Estimate: [V: -0.65, A: +0.55, D: -0.40]
EMOTION: afraid",[-0.65  0.55 -0.4 ],0.05916079783099609,False,True
Roller coaster riding next week,afraid,"Customer :Next week is going to be freaky!
Agent :",joyful,joyful,afraid,"REASONING: The situation mentions an upcoming roller coaster ride but includes no positive words like “excited” or “love,” so it reflects anxiety/dread about an intimidating activity. This yields negative valence, high arousal, and low dominance/control.
VAD_Estimate: [V: -0.64, A: +0.60, D: -0.43]
EMOTION: afraid",[-0.64  0.6  -0.43],0.0,False,True
I kept hearing odd sounds all night... it turned out to be a racoon in the attic,afraid,"Customer :I kept hearing odd sounds all night... it turned out to be a racoon in the attic
Agent :",surprised,surprised,afraid,"REASONING: Persistent, unexplained odd sounds at night create an ambiguous and slightly threatening situation; with no clear person to blame and little control over the cause, negative valence and heightened vigilance point toward fear.
VAD_Estimate: [V: -0.50, A: +0.55, D: -0.35]
EMOTION: afraid",[-0.5   0.55 -0.35],0.16881943016134132,False,True
"One night, I was just done reading some really scary stories and my door suddenly opened on its own. Upon closer inspection it was my cat opening it since it wasn't completely closed.",afraid,"Customer :One night I just got done reading some really scary stories and what made it worse is that my door opened seemingly on its own not long after!
Agent :",surprised,surprised,afraid,"REASONING: The door suddenly opening on its own after reading scary stories creates an immediate ambiguous threat, triggering high arousal and a sense of vulnerability before the harmless cause is discovered. This is best captured by fear rather than anger or sadness.
VAD_Estimate: [V: -0.65, A: +0.65, D: -0.45]
EMOTION: afraid",[-0.65  0.65 -0.45],0.05477225575051666,False,True
abilities what they can cause,afraid,"Customer :my own abilities, i am so smart, i am scared of what i may become 
Agent :",surprised,surprised,afraid,"REASONING: The fragment suggests vague unease about potential consequences rather than a clear, direct threat; this creates mildly negative valence, heightened arousal, and low perceived control. It aligns best with fear.
VAD_Estimate: [V: -0.35, A: 0.45, D: -0.40]
EMOTION: afraid",[-0.35  0.45 -0.4 ],0.32787192621510003,False,True
I lost my wallet while out shopping. It took hours to find it.,afraid,"Customer :I bet it was! Did you end up finding it or did you have to cancel all of your cards?
Agent :",joyful,joyful,afraid,"REASONING: Losing a wallet creates uncertainty and potential loss, with anxious searching rather than clear blame or anger. This produces negative valence, high arousal, and low control/vulnerability.
VAD_Estimate: [V: -0.55, A: +0.55, D: -0.35]
EMOTION: afraid",[-0.55  0.55 -0.35],0.13038404810405294,False,True
"I finally got over my fear of heights! But before that, I had never been so scared in my life. I went sky-diving.",afraid,"Customer :I would be so scared to sky dive! How nervous were you before the jump?
Agent :",joyful,joyful,afraid,"REASONING: The speaker explicitly says they had never been so scared, and the event was skydiving while still afraid of heights. Temporal anchoring points to the fear felt during the jump, not the later relief. This matches high negative valence, high arousal, and low control.
VAD_Estimate: [V: -0.64, A: +0.60, D: -0.43]
EMOTION: afraid",[-0.64  0.6  -0.43],0.0,False,True
abilities what they can cause,afraid,"Customer :i am so scared... what if ...
Agent :",surprised,surprised,afraid,"REASONING: The fragment implies concern about what one's abilities might cause, suggesting potential negative outcomes and a sense of helplessness over those consequences. This yields negative valence, moderate-to-high arousal, and low dominance/control.
VAD_Estimate: [V: -0.60, A: +0.55, D: -0.45]
EMOTION: afraid",[-0.6   0.55 -0.45],0.06708203932499367,False,True
I think my boyfriend is cheating on me,afraid,"Customer :I'm not sure what that means, but you should talk to him about it!
Agent :",sad,sad,afraid,"REASONING: The situation is negative and threatening to the relationship, with worry and insecurity rather than clear blame or confrontational energy. Arousal is elevated from anxious rumination, and dominance is low because the speaker feels uncertain and vulnerable.
VAD_Estimate: [V: -0.60, A: +0.55, D: -0.40]
EMOTION: afraid",[-0.6   0.55 -0.4 ],0.07071067811865471,False,True
Our home was broken in to 2 months after we purchased it.,afraid,"Customer :Yes I have actually. It was scary.
Agent :",angry,angry,afraid,"REASONING: A home break-in is a negative, intrusive violation that triggers high arousal and a strong loss of safety and control. With no specific offender being confronted and the event carrying an implicit threat to personal security, the dominant emotion is fear rather than anger.

VAD_Estimate: [V: -0.70, A: +0.60, D: -0.45]
EMOTION: afraid",[-0.7   0.6  -0.45],0.06324555320336754,False,True
I woke up the other day to REALLY loud knocking at my apartment door. I don't know who it was because I didn't answer the door.,afraid,"Customer :Wow that sounds scary and horrible. What was it?
Agent :",surprised,surprised,afraid,"REASONING: The loud knocking is sudden and high-arousal, with an unknown person causing ambiguity and a sense of vulnerability; the speaker avoids engaging by not answering, indicating apprehension rather than anger or joy.
VAD_Estimate: [V: -0.55, A: +0.65, D: -0.45]
EMOTION: afraid",[-0.55  0.65 -0.45],0.10488088481701516,False,True
i went out with a couple friends to a local bar and we were having a great time. then my friend said he was going to step out and do some drugs and i knew my friend for years and i told him no just stay and party with us but he declined and i started yelling at him and he punched me. i felt like he chose the drugs over our friendship,angry,"Customer :I think you have a right to be mad over that. 
Agent :",sad,sad,angry,"REASONING: The speaker’s friend is a specific cause of harm, and the speaker reacts with active confrontation and yelling, indicating high-arousal anger rather than passive sadness or fear. Physical punch adds frustration/blame, but the dominant response is irritation and betrayal directed at the friend.
VAD_Estimate: [V: -0.55, A: +0.65, D: +0.20]
EMOTION: angry",[-0.55  0.65  0.2 ],0.08774964387392127,False,True
I lost my car keys at a bar last night.,angry,"Customer :Yeah, it was super exciting.... and I wasn't calling my mom (she has an extra key) to come unlock my house at 3am either. so I 'slept' on back porch.
Agent :",sad,sad,angry,"REASONING: Losing car keys is an irritating, inconvenient setback, producing clear negative valence and active frustration/agitation rather than fear, sadness, or disgust. The reaction is best captured by annoyance/anger, with moderately high arousal and a sense of frustrated control.
VAD_Estimate: [V: -0.50, A: +0.55, D: +0.10]
EMOTION: angry",[-0.5   0.55  0.1 ],0.15556349186104043,False,True
I was waiting for a package and I watched the mailman drive by my house without delivering it.,angry,"Customer :I ordered a package and had to stay home to sign for it and the mailman drove past my house and didn't deliver it.
Agent :",sad,sad,angry,"REASONING: The situation is negative because the expected package did not arrive, and the speaker feels active irritation/frustration toward the mailman rather than sadness or fear. This aligns with moderate-high arousal and assertive annoyance.
VAD_Estimate: [V: -0.55, A: +0.55, D: +0.25]
EMOTION: angry",[-0.55  0.55  0.25],0.056568542494923775,False,True
I once caught my father kissing someone other than my mom!,angry,"Customer :I think they were just kissing though, not so bad!
Agent :",disgusted,disgusted,angry,"REASONING: The event is a clear betrayal with a specific person to blame, triggering high-arousal irritation and anger rather than fear, sadness, or simple surprise. Negative valence, high arousal, and assertive/blaming control align with anger.
VAD_Estimate: [V: -0.55, A: +0.60, D: +0.25]
EMOTION: angry",[-0.55  0.6   0.25],0.041231056256176644,False,True
My pizza got delivered and it's cold.  That makes me so upset.,angry,"Customer :I am.  It makes me so upset!
Agent :",sad,sad,angry,"REASONING: The cold pizza is a negative, irritation-provoking event with active frustration and blame toward the delivery, indicating moderate-high arousal and assertive control. The explicit word ""upset"" aligns with anger rather than sadness or fear.  
VAD_Estimate: [V: -0.55, A: +0.55, D: +0.25]  
EMOTION: angry",[-0.55  0.55  0.25],0.056568542494923775,False,True
A few weeks ago my 3 year old broke my favorite eyeshadows.,angry,"Customer :Ugh so a few weeks ago my 3 year old broke my favorite eyeshadows.
Agent :",sad,sad,angry,"REASONING: The child is the clear cause of the damage, triggering frustration and irritation rather than fear or sadness; negative valence, moderately high arousal, and a sense of assertive annoyance.
VAD_Estimate: [V: -0.55, A: +0.60, D: +0.25]
EMOTION: angry",[-0.55  0.6   0.25],0.041231056256176644,False,True
All my neighbors constantly want to get together to gossip and talk bad about the people who live across the street. I'm sick of it!,angry,"Customer :It's awful! How are people okay with being so cruel?
Agent :",disgusted,disgusted,angry,"REASONING: The speaker is expressing active frustration and irritation about a repeated social annoyance, not fear, sadness, or physical revulsion. This is high-displeasure, moderately high-arousal irritation with assertive annoyance → anger.
VAD_Estimate: [V: -0.55, A: +0.55, D: +0.20]
EMOTION: angry",[-0.55  0.55  0.2 ],0.07549834435270747,False,True
My father promised to buy me a car when I graduate from university. He never did.,angry,"Customer :I was very angry and disappointed. I was dream to have a care.
Agent :",sad,sad,angry,"REASONING: The father is a specific person who broke a clear promise, causing frustration and blame rather than passive grief or fear. This is a negative event with moderate-to-high arousal and assertive control toward the responsible party.
VAD_Estimate: [V: -0.55, A: +0.55, D: +0.25]
EMOTION: angry",[-0.55  0.55  0.25],0.056568542494923775,False,True
I lost my car keys at a bar last night.,angry,"Customer :Oh man! Are they car keys as well?
Agent :",sad,sad,angry,"REASONING: Losing car keys is a negative, frustrating event that triggers active irritation and self-blame rather than passive sadness or fear. The arousal is moderate-to-high, with a somewhat controlled, assertive frustration response.
VAD_Estimate: [V: -0.55, A: +0.50, D: +0.10]
EMOTION: angry",[-0.55  0.5   0.1 ],0.1794435844492636,False,True
I didn't like when I found out my mom threw away my old Nintendo.,angry,"Customer :Did you dig it out of the trash?
Agent :",sad,sad,angry,"REASONING: The speaker expresses clear displeasure and irritation at a specific person (mom) for causing the loss, which is active frustration rather than helpless sadness. This gives negative valence, moderately high arousal, and assertive blame-oriented control.
VAD_Estimate: [V: -0.55, A: +0.55, D: +0.20]
EMOTION: angry",[-0.55  0.55  0.2 ],0.07549834435270747,False,True
Asked a relative to care for our pet while we were gone and the dog ended up missing.,angry,"Customer :Asked a relative to care for our pet while we were gone and the dog ended up missing.
Agent :",sad,sad,angry,"REASONING: The speaker trusted a specific relative, and that person’s failure caused a highly distressing outcome. The primary reaction is frustration and blame toward the relative, not helpless fear or passive grief.
VAD_Estimate: [V: -0.65, A: +0.60, D: +0.25]
EMOTION: angry",[-0.65  0.6   0.25],0.14035668847618202,False,True
"One of our friends got a call from the school that her 11 year old wasn't at school, and it turned out to be a mistake. Glad, but upset at the false alarm.",angry,"Customer :Yeah, it really scared us for a little bit.
Agent :",joyful,joyful,angry,"REASONING: Although there is relief/gladness that the child is safe, the phrase “upset at the false alarm” foregrounds active irritation with a specific source, pointing to anger rather than joy or fear. This yields negative valence, high arousal, and assertive blame/control.

VAD_Estimate: [V: -0.50, A: +0.58, D: +0.25]
EMOTION: angry",[-0.5   0.58  0.25],0.014142135623730963,False,True
I spilled soda on my laptop.,angry,"Customer :I spilled soda on my laptop.
Agent :",sad,sad,angry,"REASONING: Spilling soda on a laptop is a negative, unexpected event that triggers immediate frustration and irritation, with moderate-to-high arousal and a sense of blame toward the accident or oneself, not fear or disgust.
VAD_Estimate: [V: -0.55, A: +0.60, D: +0.20]
EMOTION: angry",[-0.55  0.6   0.2 ],0.06480740698407862,False,True
"One of our friends got a call from the school that her 11 year old wasn't at school, and it turned out to be a mistake. Glad, but upset at the false alarm.",angry,"Customer :Yea that wouldn't of turn out great.
Agent :",joyful,joyful,angry,"REASONING: The explicit phrase “upset at the false alarm” signals irritation and blame toward a specific external cause (the school’s mistake), making anger the salient emotion; the “glad” is secondary relief that the child is safe. Negative valence, moderately high arousal, and assertive frustration align with anger.  
VAD_Estimate: [V: -0.45, A: +0.55, D: +0.20]  
EMOTION: angry",[-0.45  0.55  0.2 ],0.08774964387392117,False,True
I can't believe my friend got back with her ex. She knows he is no good.,angry,"Customer :I don't know. She knows he is no good. He will just hurt her again because she allows it. Its sad.
Agent :",disgusted,disgusted,angry,"REASONING: The speaker is frustrated and critical about their friend’s choice, blaming her for returning to a bad relationship. This is active irritation with assertive judgment rather than helplessness or sadness.
VAD_Estimate: [V: -0.55, A: +0.60, D: +0.25]
EMOTION: angry",[-0.55  0.6   0.25],0.041231056256176644,False,True
I can't believe my friend got back with her ex. She knows he is no good.,angry,"Customer :Why would she do that
Agent :",surprised,surprised,angry,"REASONING: The speaker expresses frustration and disapproval about the friend’s poor decision, with clear judgment and irritation rather than fear, sadness, or revulsion. Negative valence, moderately high arousal, and assertive blame → anger.
VAD_Estimate: [V: -0.55, A: +0.60, D: +0.30]
EMOTION: angry",[-0.55  0.6   0.3 ],0.06480740698407862,False,True
it upset me when i couldnt leave work on time,angry,"Customer :Aww, did you miss your plans?
Agent :",sad,sad,angry,"REASONING: The speaker is frustrated and irritated by being forced to stay at work, which is active annoyance at an external constraint rather than sadness or fear. This yields negative valence, elevated arousal, and a moderate/assertive sense of frustration.
VAD_Estimate: [V: -0.55, A: +0.60, D: +0.20]
EMOTION: angry",[-0.55  0.6   0.2 ],0.06480740698407862,False,True
My cat attacked me over food!,angry,"Customer :You know, I love cats but do you think it needs a mental evaluation or was it upset you were gone so long?
Agent :",afraid,afraid,angry,"REASONING: The cat’s aggression is a clear, specific cause of irritation and frustration, not a life-threatening or ambiguous threat, so the reaction is angry rather than afraid. Negative valence, moderately high arousal, and a sense of assertive annoyance fit anger.
VAD_Estimate: [V: -0.55, A: +0.60, D: +0.20]
EMOTION: angry",[-0.55  0.6   0.2 ],0.06480740698407862,False,True
I decided to grill a steak tonight for dinner.  I got distracted and it got burned.,angry,"Customer :That sounds really great and delicious! 
Agent :",sad,sad,angry,"REASONING: The burned steak is a frustrating mistake caused by distraction, producing clear irritation and active annoyance rather than sadness or fear. Valence is negative, arousal is moderately high from frustration, and dominance is slightly assertive because the reaction is irritation, not helplessness.

VAD_Estimate: [V: -0.45, A: +0.50, D: +0.20]
EMOTION: angry",[-0.45  0.5   0.2 ],0.11916375287812983,False,True
i got the wrong item,angry,"Customer :i ordered a limited editon tshirt from my favorite band and they sent the wrong size
Agent :",sad,sad,angry,"REASONING: Receiving the wrong item is frustrating and caused by an external agent, leading to irritation rather than sadness or fear. The reaction is negatively valenced, moderately high in arousal, and somewhat assertive because there is blame toward the sender.
VAD_Estimate: [V: -0.55, A: +0.55, D: +0.20]
EMOTION: angry",[-0.55  0.55  0.2 ],0.07549834435270747,False,True
I dropped my laptop and broke it.,angry,"Customer :Yikes, how much will it cost to replace?
Agent :",sad,sad,angry,"REASONING: Breaking a laptop after dropping it is a negative, frustrating mishap; the reaction is irritation and self-directed anger rather than helplessness or sadness, with moderately high arousal and a sense of responsibility/control.
VAD_Estimate: [V: -0.55, A: +0.55, D: +0.20]
EMOTION: angry",[-0.55  0.55  0.2 ],0.07549834435270747,False,True
Some left their garbage outside of the dumpster in my apartment complex. Now at night there are a bunch of raccoons outside.,angry,"Customer :You should tell someone.
Agent :",disgusted,disgusted,angry,"REASONING: The situation is unpleasant and caused by someone’s negligence, leading to frustration and irritation about the raccoon nuisance rather than fear or revulsion. This fits anger with negative valence, moderately high arousal, and assertive irritation.
VAD_Estimate: [V: -0.55, A: +0.55, D: +0.20]
EMOTION: angry",[-0.55  0.55  0.2 ],0.07549834435270747,False,True
I'm pretty upset I got a flat on the way to work today.  I was late and I'm down 200 dollars.,angry,"Customer :oh no! that is horrible and those things always seem to happen when on your way to work or somewhere important
Agent :",sad,sad,angry,"REASONING: The situation is clearly negative due to an inconvenient and costly setback, provoking irritation and frustration rather than sadness or fear. The tone is actively complaining about being late and losing money, indicating moderate-to-high arousal and a closer match to anger than to low-energy sadness.
VAD_Estimate: [V: -0.55, A: +0.50, D: +0.10]
EMOTION: angry",[-0.55  0.5   0.1 ],0.1794435844492636,False,True
I lost my car keys at a bar last night.,angry,"Customer :Yep.  and it gets worse.   Apparently sometimes people will steal keys,  then come back and steal your car after you leave, according to the bar tenders.  So I got my truck towed home.  And... no house keys.. 
Agent :",sad,sad,angry,"REASONING: Losing car keys is a negative, frustrating event that triggers irritation and active problem-solving rather than helplessness or sadness. Valence is moderately negative, arousal is moderately high, and dominance is near neutral to slightly assertive.
VAD_Estimate: [V: -0.50, A: +0.50, D: +0.15]
EMOTION: angry",[-0.5   0.5   0.15],0.1349073756323204,False,True
I took my daughter shopping for school clothes and she didn't like anything in any store. We bought nothing,angry,"Customer :Did they grow out of last years?
Agent :",sad,sad,angry,"REASONING: There is no explicit emotion word, but the repeated failed shopping trip creates irritation and frustration rather than sadness or fear. The energy is actively negative and blame-oriented, so anger fits best.
VAD_Estimate: [V: -0.55, A: +0.55, D: +0.25]
EMOTION: angry",[-0.55  0.55  0.25],0.056568542494923775,False,True
My flight was cancelled,angry,"Customer :U can't imagine! 
Agent :",sad,sad,angry,"REASONING: The flight cancellation is an unpleasant, frustrating disruption with a clear external cause (the airline), prompting active irritation rather than passive sadness or uncontrollable fear.
VAD_Estimate: [V: -0.55, A: +0.55, D: +0.20]
EMOTION: angry",[-0.55  0.55  0.2 ],0.07549834435270747,False,True
I can't believe my landlord has fixed my stove yet,angry,"Customer :That's so frustrating. Ask for a break on the rent next month!
Agent :",surprised,surprised,angry,"REASONING: The speaker is frustrated and irritated because the landlord has not completed a necessary repair, with a clear responsible party to blame. This is active annoyance rather than helpless fear or passive sadness, so it aligns with anger.
VAD_Estimate: [V: -0.55, A: +0.55, D: +0.20]
EMOTION: angry",[-0.55  0.55  0.2 ],0.07549834435270747,False,True
I decided to grill a steak tonight for dinner.  I got distracted and it got burned.,angry,"Customer :I decided to treat myself tonight and make grill a huge steak for myself tonight.
Agent :",sad,sad,angry,"REASONING: Burning the steak is a negative, frustrating outcome caused by one's own distraction, leading to irritation and active annoyance rather than passive sorrow or fear. Valence is negative, arousal is moderate, and control is slightly assertive because the person can blame the mistake on themselves.
VAD_Estimate: [V: -0.55, A: +0.45, D: +0.15]
EMOTION: angry",[-0.55  0.45  0.15],0.17663521732655693,False,True
I can't beleve I only got half of the maximum for my raise?,angry,"Customer :Well I only received half of the maximum. m not too happy
Agent :",surprised,surprised,angry,"REASONING: Receiving only half of the maximum raise is disappointing and frustrating, with active irritation and blame toward the employer. This is high-arousal displeasure with assertive complaint rather than helplessness or sadness.
VAD_Estimate: [V: -0.55, A: +0.60, D: +0.20]
EMOTION: angry",[-0.55  0.6   0.2 ],0.06480740698407862,False,True
I forgot my lunch and my wallet at home this morning.,angry,"Customer :Ah, there you go. The world isn't completely heartless. Yeah, I think the trick is to always keep that stuff with your car keys, because then you'll never forget it.
Agent :",sad,sad,angry,"REASONING: Forgetting lunch and wallet is an unpleasant, frustrating inconvenience. It involves irritation and active self-directed annoyance rather than sadness, fear, or disgust, so it aligns most closely with anger.
VAD_Estimate: [V: -0.55, A: +0.50, D: +0.20]
EMOTION: angry",[-0.55  0.5   0.2 ],0.1104536101718726,False,True
I am so upset because I lost my favorite shoe. I am late for the gym now!,angry,"Customer :I lost my favorite shoe today!
Agent :",sad,sad,angry,"REASONING: The speaker expresses active frustration and irritation about losing their shoe and being late, which reflects high displeasure and high arousal with a sense of assertive annoyance rather than helplessness or sadness.
VAD_Estimate: [V: -0.55, A: +0.60, D: +0.20]
EMOTION: angry",[-0.55  0.6   0.2 ],0.06480740698407862,False,True
I've been upset at how hard I have to work for a living.,angry,"Customer :I think I have to work too hard for what I'm paid.
Agent :",sad,sad,angry,"REASONING: The speaker expresses active frustration and irritation about a demanding situation, which indicates negative valence, moderate-to-high arousal, and a sense of assertive frustration rather than helpless sadness.
VAD_Estimate: [V: -0.55, A: +0.55, D: +0.20]
EMOTION: angry",[-0.55  0.55  0.2 ],0.07549834435270747,False,True
I just got cable installed and I can never find anything good on television. What a waste,angry,"Customer :it's not. I still can't find anything on tv
Agent :",sad,sad,angry,"REASONING: The situation expresses frustration and irritation about poor television options, which is active complaining rather than passive sadness. Valence is negative, arousal is moderate-high, and dominance is slightly assertive due to irritation.
VAD_Estimate: [V: -0.50, A: +0.55, D: +0.20]
EMOTION: angry",[-0.5   0.55  0.2 ],0.06480740698407855,False,True
I broke my coffee maker and now i can't make coffee,angry,"Customer :yes i think i will stop by wawa, i just love to make my own coffee
Agent :",sad,sad,angry,"REASONING: The broken coffee maker is a frustrating, everyday inconvenience, producing irritation and active complaint rather than sadness, fear, or disgust. The negative event has moderate-high arousal and an assertive frustration tone.
VAD_Estimate: [V: -0.50, A: +0.55, D: +0.20]
EMOTION: angry",[-0.5   0.55  0.2 ],0.06480740698407855,False,True
My car broke down,angry,"Customer :What happened to it
Agent :",sad,sad,angry,"REASONING: The car breaking down is a negative, frustrating inconvenience that triggers irritation and active problem-solving, not passive grief or fear. Valence is negative, arousal is moderately high, and dominance is slightly assertive due to frustration.
VAD_Estimate: [V: -0.55, A: +0.55, D: +0.15]
EMOTION: angry",[-0.55  0.55  0.15],0.11489125293076058,False,True
"My mom said I had to get rid of our family dog because she was allergic. I cried for a week it was unbearable, I resented her.",angry,"Customer :Oh no! I know it stinks but maybe one day you can forgive her- I hope...
Agent :",sad,sad,angry,"REASONING: The speaker explicitly says “I resented her,” which is an anger-family emotion directed at a specific person (mom). Although there is also grief from losing the dog, the explicit blame/resentment anchors the emotion as anger, with negative valence, moderately high arousal, and assertive control.
VAD_Estimate: [V: -0.55, A: +0.50, D: +0.20]
EMOTION: angry",[-0.55  0.5   0.2 ],0.1104536101718726,False,True
i got the wrong item,angry,"Customer :yes but i dont know if i should. they said they are out of my size. 
Agent :",sad,sad,angry,"REASONING: Receiving the wrong item is a negative, mildly irritating event, causing frustration and annoyance rather than sadness or fear. It has moderate-high arousal and some assertive frustration (blame toward the error), aligning with anger.
VAD_Estimate: [V: -0.55, A: +0.50, D: +0.20]
EMOTION: angry",[-0.55  0.5   0.2 ],0.1104536101718726,False,True
Why do people get so mad at each other for no reason?,angry,"Customer :Why do people get so mad at each other for no reason?
Agent :",sad,sad,angry,"REASONING: The speaker is expressing frustration and irritation toward people who fight pointlessly, which reflects negative valence, moderately high arousal, and an assertive critical stance.
VAD_Estimate: [V: -0.55, A: +0.50, D: +0.20]
EMOTION: angry",[-0.55  0.5   0.2 ],0.1104536101718726,False,True
Somebody called me fat the other day,angry,"Customer :i was so furious! I'm not even that fat! that was so mean
Agent :",sad,sad,angry,"REASONING: This is an interpersonal insult, causing negative feelings and irritation with a specific person to blame. The response involves moderately high arousal and a somewhat assertive, defensive stance rather than helplessness or dejection.

VAD_Estimate: [V: -0.60, A: +0.55, D: +0.20]
EMOTION: angry",[-0.6   0.55  0.2 ],0.11045361017187255,False,True
My neice and daughter left such a mess in the play room today. I couldn't even look at them,angry,"Customer :5 and my daughter is 4. They destroyed the playroom
Agent :",disgusted,disgusted,angry,"REASONING: The situation is clearly negative and directed at specific people who caused the mess, producing irritation and frustration rather than helplessness or revulsion. This fits anger: high displeasure, high arousal, and assertive blame.
VAD_Estimate: [V: -0.65, A: +0.60, D: +0.25]
EMOTION: angry",[-0.65  0.6   0.25],0.14035668847618202,False,True
I was really upset when I found out that the Dallas Cowboys were going to let go of Dez Bryant. I think he's a really good wide receiver if only he wouldn't run his mouth.,angry,"Customer :Yeah, I remember as a boy watching those guys. They creamed Buffalo in the Super Bowl!
Agent :",sad,sad,angry,"REASONING: The speaker is actively frustrated and complaining about a specific decision and the player’s behavior, not passively grieving. This points to negative valence, elevated arousal, and a somewhat assertive, blaming stance.
VAD_Estimate: [V: -0.55, A: +0.55, D: +0.20]
EMOTION: angry",[-0.55  0.55  0.2 ],0.07549834435270747,False,True
I just got cable installed and I can never find anything good on television. What a waste,angry,"Customer :I hate when that happens... so many channels, nothing to watch
Agent :",sad,sad,angry,"REASONING: The speaker is actively complaining and frustrated about wasting money on cable with nothing good to watch, indicating irritation rather than passive sadness. Negative valence with moderate arousal and mild assertiveness points to anger.
VAD_Estimate: [V: -0.55, A: +0.45, D: +0.10]
EMOTION: angry",[-0.55  0.45  0.1 ],0.2090454496036687,False,True
"Last, my car glass was broken,",angry,"Customer :Last week, my car glass was broken by someone
Agent :",sad,sad,angry,"REASONING: The broken car glass is a negative, frustrating property violation that likely triggers irritation and blame rather than sadness or fear. This is high-arousal displeasure with assertive frustration, matching anger.
VAD_Estimate: [V: -0.55, A: +0.60, D: +0.20]
EMOTION: angry",[-0.55  0.6   0.2 ],0.06480740698407862,False,True
I forgot my lunch and my wallet at home this morning.,angry,"Customer :Dang, heartbreaking. If I were your co-worker and you told me that, I'd lend you at least a couple bucks for the vending machines or something. Hopefully you can go home and have a nice dinner.
Agent :",sad,sad,angry,"REASONING: Forgetting lunch and wallet is a self-caused inconvenience that triggers active frustration/irritation rather than fear, disgust, sadness, or surprise. The negative valence is moderate, arousal is moderately high from annoyance, and there is some sense of control/blame, fitting an anger-like state.
VAD_Estimate: [V: -0.55, A: +0.50, D: +0.15]
EMOTION: angry",[-0.55  0.5   0.15],0.140356688476182,False,True
i was upset when i was told i couldnt go home on time,angry,"Customer :because there was still too much work left to do
Agent :",sad,sad,angry,"REASONING: Being told you cannot go home on time is a frustrating external restriction, causing active irritation and blame rather than helplessness or sadness. This maps to high negative valence, moderate-high arousal, and assertive annoyance.
VAD_Estimate: [V: -0.55, A: +0.55, D: +0.20]
EMOTION: angry",[-0.55  0.55  0.2 ],0.07549834435270747,False,True
My boss fired me for no reason.,angry,"Customer :I am sorry that happened, you will find another job
Agent :",sad,sad,angry,"REASONING: A specific person (the boss) caused an unjust, negative event, producing active frustration and irritation rather than helplessness or sadness. This fits high displeasure, high arousal, and assertive blame.
VAD_Estimate: [V: -0.60, A: +0.60, D: +0.25]
EMOTION: angry",[-0.6   0.6   0.25],0.09055385138137413,False,True
I once found out that my mother threw away my drawing.,angry,"Customer :You said that already, how long did it take you to draw this picture?
Agent :",sad,sad,angry,"REASONING: The speaker identifies their mother as the cause of destroying something valuable, which creates clear irritation and blame rather than helplessness or grief. This is an active, negative reaction with moderate-to-high arousal and a sense of confrontation.
VAD_Estimate: [V: -0.55, A: +0.55, D: +0.20]
EMOTION: angry",[-0.55  0.55  0.2 ],0.07549834435270747,False,True
I stubbed my toe on the side of my bed this morning. It's still hurting.,angry,"Customer :i hate when that happens! I stub my toes all the time i'm surprised i didn't break none of them yet
Agent :",sad,sad,angry,"REASONING: Stubbing a toe causes immediate physical pain and lingering frustration, with no real threat or fear. The reaction is irritation at an inanimate object and discomfort, giving negative valence, high arousal from pain, and moderate assertive irritation rather than helplessness.
VAD_Estimate: [V: -0.55, A: +0.55, D: +0.15]
EMOTION: angry",[-0.55  0.55  0.15],0.11489125293076058,False,True
I am so upset because I lost my favorite shoe. I am late for the gym now!,angry,"Customer :Oh no! How did that happen? 
Agent :",sad,sad,angry,"REASONING: The speaker expresses frustration and irritation over losing a favorite shoe and being late, which is an active, blaming reaction rather than passive grief → negative valence, high arousal, moderate assertive control.
VAD_Estimate: [V: -0.55, A: +0.55, D: +0.20]
EMOTION: angry",[-0.55  0.55  0.2 ],0.07549834435270747,False,True
why is it that bad things always happen to me!,angry,"Customer :Unfortunately, it happens to all of us.
Agent :",sad,sad,angry,"REASONING: The exclamation conveys frustration and irritation about repeated negative events, indicating high displeasure and moderately high arousal. The tone is complaining and self-focused rather than passively resigned, so it aligns more with anger than sadness, despite some feeling of being victimized.

VAD_Estimate: [V: -0.60, A: +0.55, D: -0.15]
EMOTION: angry",[-0.6   0.55 -0.15],0.41194659848091963,False,True
All my neighbors constantly want to get together to gossip and talk bad about the people who live across the street. I'm sick of it!,angry,"Customer :Lately, my neighbors want to sit around and gossip about the family across the street. They love to talk bad about them even though it's clear this family is struggling. I'm sick of it
Agent :",disgusted,disgusted,angry,"REASONING: The speaker is irritated and fed up with their neighbors’ repeated gossip, which is an active frustration with a clear source of annoyance rather than fear or sadness. This involves negative valence, heightened arousal from irritation, and assertive blame toward others.
VAD_Estimate: [V: -0.55, A: +0.55, D: +0.25]
EMOTION: angry",[-0.55  0.55  0.25],0.056568542494923775,False,True
My car broke down,angry,"Customer :I'm not sure, It wouldn't start the morning.   Its not the batttery or starter.
Agent :",sad,sad,angry,"REASONING: The breakdown is a negative, inconvenient event that typically causes frustration and irritation, with moderate-to-high arousal and a sense of assertive blame toward the situation rather than helplessness.
VAD_Estimate: [V: -0.55, A: +0.60, D: +0.25]
EMOTION: angry",[-0.55  0.6   0.25],0.041231056256176644,False,True
I lost my car keys at a bar last night.,angry,"Customer :Oh god! How did you get in finally, did you contact your mom?
Agent :",sad,sad,angry,"REASONING: Losing important keys is a negative and frustrating event that triggers active irritation and annoyance rather than helplessness or grief; moderate-high arousal with a sense of assertive frustration.
VAD_Estimate: [V: -0.55, A: +0.55, D: +0.20]
EMOTION: angry",[-0.55  0.55  0.2 ],0.07549834435270747,False,True
I once caught my father kissing someone other than my mom!,angry,"Customer :I walked into my living room to see my father getting very friendly with our neighbor! 
Agent :",surprised,surprised,angry,"REASONING: The situation involves a clear betrayal by a specific person—the father—triggering high displeasure, high arousal, and blame/assertive frustration rather than helplessness or physical revulsion.
VAD_Estimate: [V: -0.65, A: +0.70, D: +0.20]
EMOTION: angry",[-0.65  0.7   0.2 ],0.18493242008906927,False,True
i was upset when i saw someone left my gate open and our dog ran away,angry,"Customer :i was upset when i saw someone left my gate open and our dog ran away
Agent :",sad,sad,angry,"REASONING: The speaker is upset due to another person’s negligence, with a clear target for blame and frustration rather than helplessness or grief. This fits high displeasure, moderately high arousal, and assertive control → anger.
VAD_Estimate: [V: -0.60, A: +0.60, D: +0.25]
EMOTION: angry",[-0.6   0.6   0.25],0.09055385138137413,False,True
I've been upset at how hard I have to work for a living.,angry,"Customer :Really? Maybe you should ask your boss for a raise.
Agent :",sad,sad,angry,"REASONING: The speaker expresses active frustration and resentment about their difficult work situation, reflecting negative valence, moderate-high arousal, and some assertive irritation rather than sadness or fear.
VAD_Estimate: [V: -0.55, A: +0.45, D: +0.20]
EMOTION: angry",[-0.55  0.45  0.2 ],0.1539480431834065,False,True
that dang storm last week upset me,angry,"Customer :cause it ruined my plans
Agent :",sad,sad,angry,"REASONING: The speaker expresses irritation and frustration toward the storm, treating it as the cause of their bad mood. This is active annoyance rather than fear, sadness, or disgust, so it aligns with anger.
VAD_Estimate: [V: -0.55, A: +0.55, D: +0.20]
EMOTION: angry",[-0.55  0.55  0.2 ],0.07549834435270747,False,True
I did my best in my audition and I still didnt get the part!,angry,"Customer :I'm sorry! I'm sure something better will come along.
Agent :",sad,sad,angry,"REASONING: The situation is clearly negative due to rejection after putting in effort, with high-arousal frustration and irritation rather than passive sadness or fear. The speaker’s exclamation suggests active displeasure and blaming the outcome, aligning with anger.

VAD_Estimate: [V: -0.55, A: +0.60, D: +0.25]
EMOTION: angry",[-0.55  0.6   0.25],0.041231056256176644,False,True
My car broke down,angry,"Customer :My car broke down
Agent :",sad,sad,angry,"REASONING: The car breaking down is a negative, frustrating event that triggers active irritation and blame toward the vehicle/situation, not helplessness or low-energy sadness. Valence is negative, arousal is moderately high, and the reaction is assertive frustration rather than vulnerability.
VAD_Estimate: [V: -0.55, A: +0.60, D: +0.20]
EMOTION: angry",[-0.55  0.6   0.2 ],0.06480740698407862,False,True
I just got cable installed and I can never find anything good on television. What a waste,angry,"Customer :I just ordered cable a couple weeks ago and got it installed
Agent :",sad,sad,angry,"REASONING: The situation expresses frustration and disappointment with cable TV, with active complaining (“What a waste”) rather than passive sadness. This gives negative valence, moderate arousal, and slight assertive irritation.
VAD_Estimate: [V: -0.55, A: +0.50, D: +0.20]
EMOTION: angry",[-0.55  0.5   0.2 ],0.1104536101718726,False,True
I did my best in my audition and I still didnt get the part!,angry,"Customer :Yes, I am sure of it. I will find something eventually.
Agent :",sad,sad,angry,"REASONING: The speaker expresses frustration and irritation after a disappointing outcome, with active energy rather than passive grief. This points to anger more than sadness.
VAD_Estimate: [V: -0.55, A: +0.55, D: +0.10]
EMOTION: angry",[-0.55  0.55  0.1 ],0.16031219541881397,False,True
I broke my coffee maker and now i can't make coffee,angry,"Customer :I broke my coffee maker today and i'm so mad because i can't make coffee. I can't survive the morning without coffee
Agent :",sad,sad,angry,"REASONING: The broken coffee maker is an irritating inconvenience, creating frustration and complaint rather than grief or fear. This is active annoyance with moderate arousal and a sense of control over the situation, matching anger more than sadness.

VAD_Estimate: [V: -0.55, A: +0.45, D: +0.20]
EMOTION: angry",[-0.55  0.45  0.2 ],0.1539480431834065,False,True
it upset me when i couldnt leave work on time,angry,"Customer :yea.. had to cancel
Agent :",sad,sad,angry,"REASONING: The speaker describes being upset and frustrated by being delayed, which is a negative, moderately arousing irritation rather than fear or sadness; the frustration is directed at the frustrating situation of being unable to leave.
VAD_Estimate: [V: -0.55, A: +0.58, D: +0.15]
EMOTION: angry",[-0.55  0.58  0.15],0.1081665382639197,False,True
"I was having a party and had my cats locked up and told them and had a note on the door to not open it, well someone did and my cat got out and ran over.",angry,"Customer :I have. It's definitely awful. It's much like losing a family member.
Agent :",sad,sad,angry,"REASONING: The speaker emphasizes a clear violation of explicit instructions by a specific person, which led to a negative consequence. The tone is accusatory and frustrated rather than helpless or grief-stricken, pointing to high negative arousal and assertive blame.
VAD_Estimate: [V: -0.60, A: +0.60, D: +0.25]
EMOTION: angry",[-0.6   0.6   0.25],0.09055385138137413,False,True
My neice and daughter left such a mess in the play room today. I couldn't even look at them,angry,"Customer :My neice left such a mess over here today
Agent :",disgusted,disgusted,angry,"REASONING: The speaker is frustrated and irritated by a specific cause—the mess left by her niece and daughter—with active annoyance rather than sadness or fear. The phrase “couldn’t even look at them” reflects angry aversion toward the people responsible, not contamination-based disgust.
VAD_Estimate: [V: -0.60, A: +0.60, D: +0.25]
EMOTION: angry",[-0.6   0.6   0.25],0.09055385138137413,False,True
I dropped my laptop and broke it.,angry,"Customer :I dropped my laptop and broke it.
Agent :",sad,sad,angry,"REASONING: The event is clearly unpleasant and frustrating, with suddenness and irritation raising arousal. The reaction is active annoyance/frustration rather than passive helplessness, so it maps closest to anger.
VAD_Estimate: [V: -0.55, A: +0.50, D: +0.15]
EMOTION: angry",[-0.55  0.5   0.15],0.140356688476182,False,True
Why do people get so mad at each other for no reason?,angry,"Customer :I hope the government can give some free course  about the benefit of staying calm and healthy
Agent :",sad,sad,angry,"REASONING: The speaker uses the explicit emotion word “mad” and expresses frustration/irritation about senseless conflict, indicating negative valence, elevated arousal, and a somewhat assertive complaining tone, consistent with anger.
VAD_Estimate: [V: -0.51, A: +0.59, D: +0.25]
EMOTION: angry",[-0.51  0.59  0.25],0.0,False,True
I really do not like when I order a hamburger with no ketchup and they still put it on.,angry,"Customer :I really do not like when I order a hamburger with no ketchup and they still put it on.
Agent :",disgusted,disgusted,angry,"REASONING: This is a clear irritation/frustration with a specific responsible party (the restaurant) for ignoring an explicit request, which fits high-arousal displeasure and assertive blame rather than sadness or fear.
VAD_Estimate: [V: -0.55, A: +0.60, D: +0.25]
EMOTION: angry",[-0.55  0.6   0.25],0.041231056256176644,False,True
While driving someone backed up and almost hit me.,angry,"Customer :they were not paying attention. 
Agent :",afraid,afraid,angry,"REASONING: The near-collision is a negative, high-arousal event caused by a specific driver, making irritation and blame the dominant reaction rather than helpless fear.
VAD_Estimate: [V: -0.60, A: +0.70, D: +0.25]
EMOTION: angry",[-0.6   0.7   0.25],0.14212670403551894,False,True
I spilled whiskey all over my keyboard!,angry,"Customer :Not yet I instantly turned it upside down to rest!
Agent :",surprised,surprised,angry,"REASONING: Spilling whiskey on a keyboard is a sudden, negative event that causes frustration and irritation rather than fear, sadness, or disgust. The reaction is active annoyance with a sense of being in control of the aftermath, matching anger.
VAD_Estimate: [V: -0.50, A: +0.60, D: +0.20]
EMOTION: angry",[-0.5  0.6  0.2],0.05196152422706631,False,True
My brother was in a drunken mood.,angry,"Customer :That's not acceptable even if he is drunk.
Agent :",joyful,joyful,angry,"REASONING: The brother’s drunken mood is presented as an unpleasant, irritating situation with no clear threat, so it leads to annoyance or frustration rather than fear. This gives negative valence, elevated arousal, and moderate assertive control from blaming the brother.
VAD_Estimate: [V: -0.55, A: +0.55, D: +0.20]
EMOTION: angry",[-0.55  0.55  0.2 ],0.07549834435270747,False,True
why is it that bad things always happen to me!,angry,"Customer :why is it everytime im up in life something brings me down
Agent :",sad,sad,angry,"REASONING: The speaker’s exclamation expresses active frustration and irritation about repeated misfortune, with high negative arousal rather than passive grief. This is complaining energy, which aligns more with anger than with low-energy sadness.

VAD_Estimate: [V: -0.60, A: +0.60, D: +0.20]
EMOTION: angry",[-0.6  0.6  0.2],0.10344080432788597,False,True
"My mom said I had to get rid of our family dog because she was allergic. I cried for a week it was unbearable, I resented her.",angry,"Customer :Oh no that is so sad to hear! I have one dog and two cats, so I totally understand what you are going through...
Agent :",sad,sad,angry,"REASONING: The situation is negative, and the speaker clearly blames their mother for causing the loss, with active resentment and distress rather than helpless sadness or fear. Valence is unpleasant, arousal is moderately high from crying and resentment, and dominance is slightly assertive due to directing blame at a clear cause.
VAD_Estimate: [V: -0.55, A: +0.50, D: +0.20]
EMOTION: angry",[-0.55  0.5   0.2 ],0.1104536101718726,False,True
I am upset that my partner has put me through so much..and now going through more while he is away and trying to get treatment. In one sense I miss him..in the other..I am not sure I could ever be around him again.,angry,"Customer :Just say some prayers and be positive
Agent :",sad,sad,angry,"REASONING: The speaker feels wronged and resentful toward a specific person (“my partner has put me through so much”), which points to blame and irritation rather than helpless fear or passive grief. The mixed longing and uncertainty adds sadness, but the active upset and boundary-protective reaction make anger primary.
VAD_Estimate: [V: -0.55, A: +0.50, D: +0.20]
EMOTION: angry",[-0.55  0.5   0.2 ],0.1104536101718726,False,True
A few weeks ago my 3 year old broke my favorite eyeshadows.,angry,"Customer :Yeah, I should have probably put it in a safer spot. Oh well.
Agent :",sad,sad,angry,"REASONING: The broken favorite item is a clearly negative event that triggers frustration and irritation, with energy and assertive blame directed at the situation rather than sadness or fear.  
VAD_Estimate: [V: -0.60, A: +0.60, D: +0.25]  
EMOTION: angry",[-0.6   0.6   0.25],0.09055385138137413,False,True
Somebody called me fat the other day,angry,"Customer :so i went to the gym the other day and i was using a traidmill and somebody told me ""get off the traidmill fat ***""
Agent :",sad,sad,angry,"REASONING: Being insulted by a specific person (“somebody”) is a direct interpersonal attack, which typically triggers irritation and frustration rather than helplessness. The valence is clearly negative, arousal is moderately high, and there is enough assertive/blaming control to fit anger.
VAD_Estimate: [V: -0.55, A: +0.50, D: +0.20]
EMOTION: angry",[-0.55  0.5   0.2 ],0.1104536101718726,False,True
when my nieces play with my devices,angry,"Customer :exactly i tell my brother , he says but they are just little girls ... like yeah there little but teach them not to touch things that are not theres 
Agent :",afraid,afraid,angry,"REASONING: The situation implies unwanted interference with the speaker’s belongings, causing irritation and a desire to assert control. It has negative valence, moderate-to-high arousal, and assertive dominance consistent with anger rather than fear or sadness.
VAD_Estimate: [V: -0.55, A: +0.60, D: +0.30]
EMOTION: angry",[-0.55  0.6   0.3 ],0.06480740698407862,False,True
I decided to grill a steak tonight for dinner.  I got distracted and it got burned.,angry,"Customer :Yeah it would have been if I hadn't burned it to a crisp and turned it into a black charred piece of leather!
Agent :",sad,sad,angry,"REASONING: Burning the steak is a negative, avoidable mishap that triggers active frustration and irritation rather than helplessness or grief. The arousal is moderately high, and the speaker is mentally assigning blame to the distraction, giving assertive control.
VAD_Estimate: [V: -0.45, A: +0.55, D: +0.20]
EMOTION: angry",[-0.45  0.55  0.2 ],0.08774964387392117,False,True
Why do people get so mad at each other for no reason?,angry,"Customer :Because nobody taught them how to live right.
Agent :",sad,sad,angry,"REASONING: The speaker is frustrated and irritated by others' pointless anger, indicated by “why” and “for no reason”; this involves negative valence, heightened arousal, and an assertive complaining tone rather than helplessness or sadness.
VAD_Estimate: [V: -0.55, A: +0.55, D: +0.25]
EMOTION: angry",[-0.55  0.55  0.25],0.056568542494923775,False,True
I am so upset because I lost my favorite shoe. I am late for the gym now!,angry,"Customer :I don't know. But now I am upset because I wasn't able to make it to my favorite gym!
Agent :",sad,sad,angry,"REASONING: The negative event of losing a favorite shoe, combined with the added frustration of being late, creates active irritation and annoyance rather than passive sadness. High displeasure and activation point toward anger.
VAD_Estimate: [V: -0.60, A: +0.60, D: +0.20]
EMOTION: angry",[-0.6  0.6  0.2],0.10344080432788597,False,True
I'm a bit upset today that the man who has lived here for a couple years has this house falling down around him and isn't fixing anything. He knows how to fix things and has such talents but doesn't use them here.,angry,"Customer :Oh no no no no no! Thats no man! If you aren't going to fix it then earn money to hire someone who will!
Agent :",sad,sad,angry,"REASONING: The speaker expresses frustration and blame toward a specific person who is neglecting the house despite having the ability to fix it. This is active irritation and complaining rather than helplessness or revulsion, fitting anger.
VAD_Estimate: [V: -0.55, A: +0.50, D: +0.25]
EMOTION: angry",[-0.55  0.5   0.25],0.09848857801796103,False,True
i was upset when i saw a big dent in my car door,angry,"Customer :I would hate that
Agent :",sad,sad,angry,"REASONING: The dent is a negative, frustrating event that likely triggers irritation and active annoyance rather than passive sadness or fear. Moderate-high arousal and a sense of assertive frustration point to anger.
VAD_Estimate: [V: -0.55, A: +0.50, D: +0.20]
EMOTION: angry",[-0.55  0.5   0.2 ],0.1104536101718726,False,True
Somebody called me fat the other day,angry,"Customer :what???? That's terrible!! what a horrible person!
Agent :",sad,sad,angry,"REASONING: The statement involves a direct insult from a specific person, causing negative feelings with irritation and assertive defensiveness rather than vulnerability or disgust. This fits the blame test for anger: high displeasure, moderate-high arousal, and moderate control/assertiveness.
VAD_Estimate: [V: -0.55, A: +0.55, D: +0.25]
EMOTION: angry",[-0.55  0.55  0.25],0.056568542494923775,False,True
My light bill was super high,angry,"Customer :Yeah that sucks, I have gone through that too
Agent :",surprised,surprised,angry,"REASONING: A high utility bill is an unpleasant, irritating event that triggers frustration and annoyance rather than helplessness or fear; this active irritation points to anger.
VAD_Estimate: [V: -0.55, A: +0.60, D: +0.20]
EMOTION: angry",[-0.55  0.6   0.2 ],0.06480740698407862,False,True
"Last, my car glass was broken,",angry,"Customer :No. There was nothing to steal. Now, I need to pay to fix it. I am already having some financial issues.
Agent :",sad,sad,angry,"REASONING: The event involves damage to the speaker’s property, which is a negative and frustrating experience. There is irritation and likely blame toward whoever caused the damage, with active displeasure rather than helplessness or sadness.
VAD_Estimate: [V: -0.55, A: +0.60, D: +0.25]
EMOTION: angry",[-0.55  0.6   0.25],0.041231056256176644,False,True
I forgot my lunch and my wallet at home this morning.,angry,"Customer :Yeah, I had someone give me a little thing of ramen noodles from his desk.  I'll manage until I get home.
Agent :",sad,sad,angry,"REASONING: The situation is a frustrating inconvenience caused by one’s own mistake, producing negative valence and active irritation rather than helplessness or disgust. The arousal is moderate-to-high from annoyance, and dominance is slightly assertive because the reaction is self-blame/frustration, not vulnerability.

VAD_Estimate: [V: -0.55, A: +0.55, D: +0.15]
EMOTION: angry",[-0.55  0.55  0.15],0.11489125293076058,False,True
I don't like it when kids bully each other,angry,"Customer :I don't like it when kids bully each other
Agent :",disgusted,disgusted,angry,"REASONING: The statement expresses clear disapproval of a harmful social behavior, with irritation and a sense of injustice rather than helplessness or revulsion. This fits irritable, assertive negative emotion with moderately high arousal and control.
VAD_Estimate: [V: -0.55, A: +0.55, D: +0.25]
EMOTION: angry",[-0.55  0.55  0.25],0.056568542494923775,False,True
I can't beleve I only got half of the maximum for my raise?,angry,"Customer :Last week everyone got raises
Agent :",surprised,surprised,angry,"REASONING: The speaker is actively frustrated and irritated about receiving less than expected from their employer, with a clear target to blame; the “can’t believe” phrasing adds disbelief but the dominant reaction is anger, not passive sadness or mere surprise. This maps to high displeasure, high arousal, and assertive control.
VAD_Estimate: [V: -0.60, A: +0.60, D: +0.25]
EMOTION: angry",[-0.6   0.6   0.25],0.09055385138137413,False,True
My dogged pooped in my neighbors lawn. It becomes a habit for him,angry,"Customer :Oh no! Was your neighbor upset about it.I bet your embarrassed.
Agent :",disgusted,disgusted,angry,"REASONING: The situation centers on a repeated nuisance behavior, causing irritation and frustration rather than fear or sadness. The negative event has moderate arousal and an assertive sense of annoyance, matching anger more than disgust because the focus is on the behavioral problem, not sensory revulsion.
VAD_Estimate: [V: -0.55, A: +0.55, D: +0.25]
EMOTION: angry",[-0.55  0.55  0.25],0.056568542494923775,False,True
I once caught my father kissing someone other than my mom!,angry,"Customer :Oh no! Did they see you?
Agent :",surprised,surprised,angry,"REASONING: The situation is a clear interpersonal betrayal with a specific person to blame, so the speaker likely feels high-arousal irritation and confrontation rather than helplessness or grief. This aligns with anger more than sadness or fear.  
VAD_Estimate: [V: -0.55, A: +0.60, D: +0.20]  
EMOTION: angry",[-0.55  0.6   0.2 ],0.06480740698407862,False,True
I spilled soda on my laptop.,angry,"Customer :oh no!!! Did you put it in rice? 
Agent :",sad,sad,angry,"REASONING: Spilling soda on a laptop is an annoying, negative event that triggers immediate frustration and irritation rather than fear, sadness, or revulsion; the arousal is moderately high and there is a sense of assertive annoyance at the situation.
VAD_Estimate: [V: -0.55, A: +0.60, D: +0.25]
EMOTION: angry",[-0.55  0.6   0.25],0.041231056256176644,False,True
Why won't I get made at you?,angry,"Customer :Why won't I get angry at you for not passing your exams
Agent :",surprised,surprised,angry,"REASONING: The speaker explicitly uses “mad,” indicating anger/irritation toward the other person, with negative valence and assertive frustration.
VAD_Estimate: [V: -0.51, A: +0.59, D: +0.25]
EMOTION: angry",[-0.51  0.59  0.25],0.0,False,True
Asked a relative to care for our pet while we were gone and the dog ended up missing.,angry,"Customer :Oh no, did the relative say what happened? That sounds fishy.
Agent :",sad,sad,angry,"REASONING: The relative’s negligence is the clear cause of the dog going missing, which triggers blame, frustration, and irritation rather than helpless fear or passive grief. This is high negative valence, high arousal, and assertive control toward the responsible person.
VAD_Estimate: [V: -0.60, A: +0.60, D: +0.25]
EMOTION: angry",[-0.6   0.6   0.25],0.09055385138137413,False,True
it makes me very unhappy when i let someone out in traffic and they dont acknowledge me,angry,"Customer :generally i do, gotta be careful with all the crazies out there though
Agent :",sad,sad,angry,"REASONING: The speaker expresses irritation and frustration at being ignored by another driver, which triggers high-arousal displeasure and assertive annoyance toward a clear cause (the unacknowledging driver) → anger.
VAD_Estimate: [V: -0.60, A: +0.55, D: +0.20]
EMOTION: angry",[-0.6   0.55  0.2 ],0.11045361017187255,False,True
I was really upset when I found out that the Dallas Cowboys were going to let go of Dez Bryant. I think he's a really good wide receiver if only he wouldn't run his mouth.,angry,"Customer :Sure, my dad is a Cowboys fan. He misses the days of Troy Aikman and Emmett Smith!
Agent :",sad,sad,angry,"REASONING: The speaker is frustrated and irritated by the team’s decision to release Dez Bryant, and actively complains about the situation rather than expressing passive grief. This indicates negative valence, moderately high arousal, and assertive frustration consistent with anger.
VAD_Estimate: [V: -0.55, A: +0.60, D: +0.25]
EMOTION: angry",[-0.55  0.6   0.25],0.041231056256176644,False,True
I don't like it when kids bully each other,angry,"Customer :Yeah, they bully everyone and everything, like they don't develop a filter until they reach adulthood
Agent :",disgusted,disgusted,angry,"REASONING: The speaker expresses negative disapproval of bullying, with irritation and assertive moral objection rather than fear, sadness, or disgust. This fits moderate-high arousal and slight control → anger.
VAD_Estimate: [V: -0.55, A: +0.50, D: +0.20]
EMOTION: angry",[-0.55  0.5   0.2 ],0.1104536101718726,False,True
I lost my car keys at a bar last night.,angry,"Customer :I lost my keys at a bar last night. 
Agent :",sad,sad,angry,"REASONING: Losing car keys is a negative, inconvenient event that typically triggers frustration and irritation rather than fear, sadness, or disgust. The reaction is active annoyance with moderate arousal and some sense of personal blame, consistent with anger.
VAD_Estimate: [V: -0.55, A: +0.55, D: +0.10]
EMOTION: angry",[-0.55  0.55  0.1 ],0.16031219541881397,False,True
"My mom said I had to get rid of our family dog because she was allergic. I cried for a week it was unbearable, I resented her.",angry,"Customer :Aww what a cute name. Hopefully you an your Mom made up, and maybe you got/can get another pet.
Agent :",sad,sad,angry,"REASONING: The explicit phrase “I resented her” points to anger/blame directed at a specific person, while the crying and unbearable feelings add strong negative valence and emotional intensity. This active irritation and blame fit anger more than passive sadness.
VAD_Estimate: [V: -0.60, A: +0.50, D: +0.15]
EMOTION: angry",[-0.6   0.5   0.15],0.16186414056238643,False,True
My friend was really rude to me. I'm so upset!,angry,"Customer :im sorry to hear that , whant happened ?
Agent :",sad,sad,angry,"REASONING: The friend’s rudeness is a negative interpersonal event with a clear cause for blame, producing high-arousal irritation and frustration rather than passive sadness or fear. Valence is negative, arousal is elevated, and dominance is moderately assertive due to the urge to confront or blame.
VAD_Estimate: [V: -0.60, A: +0.65, D: +0.25]
EMOTION: angry",[-0.6   0.65  0.25],0.10816653826391968,False,True
My car broke down,angry,"Customer :That doesnt sound so hard to fix
Agent :",sad,sad,angry,"REASONING: The car breakdown is a negative, frustrating event that triggers irritation and active problem-solving rather than passive grief or life-threatening fear. This points to moderate-high arousal and an assertive, annoyed reaction.
VAD_Estimate: [V: -0.55, A: +0.50, D: +0.20]
EMOTION: angry",[-0.55  0.5   0.2 ],0.1104536101718726,False,True
I walked in on my brother going through my desk!,angry,"Customer :Again I walked in on my brother with all my desk drawers open!
Agent :",surprised,surprised,angry,"REASONING: The speaker discovers a specific person violating their privacy, creating clear blame and irritation rather than helplessness; this is high-arousal displeasure with assertive confrontation.
VAD_Estimate: [V: -0.55, A: +0.60, D: +0.25]
EMOTION: angry",[-0.55  0.6   0.25],0.041231056256176644,False,True
I caught my wife cheating on me last week. She's apparently decided she likes other women now. I really don't know what to do!,angry,"Customer :I caught my wife cheating on me last week. Apparently she's decided that she likes women too. I don't know what to do about this.
Agent :",sad,sad,angry,"REASONING: This is an interpersonal betrayal caused by a specific person, so the primary reaction is frustration, resentment, and blame rather than fear or passive grief. The momentary “don’t know what to do” is secondary to the anger triggered by the infidelity.
VAD_Estimate: [V: -0.65, A: +0.60, D: +0.20]
EMOTION: angry",[-0.65  0.6   0.2 ],0.1489966442575134,False,True
"My mom said I had to get rid of our family dog because she was allergic. I cried for a week it was unbearable, I resented her.",angry,"Customer :I'm sooo upset with my mom. I don't think at this point I can forgive her.
Agent :",sad,sad,angry,"REASONING: The event involves a painful loss, but the explicit “resented her” identifies a specific person to blame and reflects frustration/anger rather than pure sadness. Valence is negative, arousal is moderately high from crying and resentment, and dominance is somewhat assertive through blame.
VAD_Estimate: [V: -0.60, A: +0.58, D: +0.25]
EMOTION: angry",[-0.6   0.58  0.25],0.09055385138137413,False,True
I broke my phone,angry,"Customer :I dropped it lol
Agent :",sad,sad,angry,"REASONING: Breaking a phone is a negative, frustrating event that typically triggers irritation and annoyance rather than fear or sadness. The reaction has moderately high arousal and some assertive frustration, fitting anger.
VAD_Estimate: [V: -0.55, A: +0.50, D: +0.20]
EMOTION: angry",[-0.55  0.5   0.2 ],0.1104536101718726,False,True
My brother was in a drunken mood.,angry,"Customer :I agree, I am so angry with him. He has been doing for years now. 
Agent :",disgusted,disgusted,angry,"REASONING: “Drunken mood” suggests an irritable, disinhibited, and potentially confrontational state rather than calmness or vulnerability. This maps to high displeasure and high arousal with assertive control, consistent with anger.
VAD_Estimate: [V: -0.55, A: +0.55, D: +0.25]
EMOTION: angry",[-0.55  0.55  0.25],0.056568542494923775,False,True
I lost another wallet today. I just can't keep up with those things,angry,"Customer :That's no good. How does that happen?
Agent :",sad,sad,angry,"REASONING: Losing a wallet again is unpleasant and frustrating, with active irritation and self-directed annoyance rather than passive grief or fear. The repeated complaint “can’t keep up” shows agitated frustration, which fits anger more than sadness.
VAD_Estimate: [V: -0.55, A: +0.55, D: +0.20]
EMOTION: angry",[-0.55  0.55  0.2 ],0.07549834435270747,False,True
I was supposed to mail off a check to pay a bill today and I forgot to put it in the mail when I left for work.,angry,"Customer :uhoh, I hope they dont have a late fee or anything attached to it
Agent :",sad,sad,angry,"REASONING: Forgetting an important task like mailing a bill creates frustration and self-directed irritation, with moderate negative valence and notable arousal from annoyance rather than helplessness or sadness. This active, blame-oriented irritation fits anger more than fear or sadness.
VAD_Estimate: [V: -0.55, A: +0.55, D: +0.20]
EMOTION: angry",[-0.55  0.55  0.2 ],0.07549834435270747,False,True
I broke my phone,angry,"Customer :I broke my phone
Agent :",sad,sad,angry,"REASONING: Breaking one's phone is a frustrating, negative event that triggers irritation and agitation rather than fear or sadness. The energy is moderately high, with a slight sense of assertive frustration.
VAD_Estimate: [V: -0.55, A: +0.55, D: +0.20]
EMOTION: angry",[-0.55  0.55  0.2 ],0.07549834435270747,False,True
My father promised to buy me a car when I graduate from university. He never did.,angry,"Customer :My father promised to buy me a car when I graduate from university. He never did.
Agent :",sad,sad,angry,"REASONING: The broken promise by a specific person (the father) creates negative valence and active frustration/resentment, with moderate-high arousal and assertive blame rather than passive sadness.
VAD_Estimate: [V: -0.55, A: +0.50, D: +0.20]
EMOTION: angry",[-0.55  0.5   0.2 ],0.1104536101718726,False,True
"Last, my car glass was broken,",angry,"Customer :What!? Did they steal anything?
Agent :",sad,sad,angry,"REASONING: The car window being broken is a negative, frustrating event that would provoke irritation and a sense of injustice. The arousal is moderately high from annoyance, with an assertive blaming response toward the damage.
VAD_Estimate: [V: -0.55, A: +0.55, D: +0.20]
EMOTION: angry",[-0.55  0.55  0.2 ],0.07549834435270747,False,True
i was upset when i was told i couldnt go home on time,angry,"Customer :Where were you at? Why couldn't you go home? Sounds frustrating.
Agent :",sad,sad,angry,"REASONING: The speaker is frustrated by an external restriction preventing them from going home, which is an unpleasant, activating irritation rather than passive grief or fear; they blame the person/entity who told them no, giving a slight sense of assertive control.  
VAD_Estimate: [V: -0.55, A: +0.55, D: +0.20]  
EMOTION: angry",[-0.55  0.55  0.2 ],0.07549834435270747,False,True
My flight was cancelled,angry,"Customer :Had a board meeting  to attend ,yet at the last hour, after delay ,it was cancelled 
Agent :",sad,sad,angry,"REASONING: The cancellation is a negative, frustrating disruption that likely triggers irritation and active complaint rather than helplessness or grief. It has negative valence, moderate-to-high arousal, and some assertive frustration, aligning with anger.
VAD_Estimate: [V: -0.55, A: +0.55, D: +0.20]
EMOTION: angry",[-0.55  0.55  0.2 ],0.07549834435270747,False,True
Some left their garbage outside of the dumpster in my apartment complex. Now at night there are a bunch of raccoons outside.,angry,"Customer :no. That's not the problem. Sometimes people leave their trash on the outside and then there are a lot of raccoons out there at night.
Agent :",disgusted,disgusted,angry,"REASONING: The careless garbage left by others creates an irritating nuisance with raccoons outside, prompting frustration and blame rather than fear or revulsion. This is negative in valence, moderately high in arousal, and somewhat assertive in control.
VAD_Estimate: [V: -0.50, A: +0.55, D: +0.20]
EMOTION: angry",[-0.5   0.55  0.2 ],0.06480740698407855,False,True
All my neighbors constantly want to get together to gossip and talk bad about the people who live across the street. I'm sick of it!,angry,"Customer :I am sure you are, that sounds bad
Agent :",disgusted,disgusted,angry,"REASONING: The speaker is frustrated and irritated by the neighbors’ repeated gossiping, with a clear source of annoyance and active complaining rather than helplessness or disgust. This matches high negative valence, moderately high arousal, and assertive irritation.
VAD_Estimate: [V: -0.60, A: +0.55, D: +0.25]
EMOTION: angry",[-0.6   0.55  0.25],0.09848857801796099,False,True
I came home from vacation to find my home had been broken into. They stole my grandmothers broach.,angry,"Customer :I came home from vacation to find that my home had been broken into.
Agent :",sad,sad,angry,"REASONING: The situation is a negative violation of home and loss of a sentimental item, with a clear external cause (“they”) to blame, so the dominant reaction is frustration and anger rather than passive grief. Valence is strongly negative, arousal is elevated, and the speaker maintains enough assertive blame to fit anger.
VAD_Estimate: [V: -0.60, A: +0.55, D: +0.20]
EMOTION: angry",[-0.6   0.55  0.2 ],0.11045361017187255,False,True
I think someone stole my headphones recently.,angry,"Customer :Not exactly, I have many friends and acquaintances in my dorm on the regular, so I'm not sure who it could be.
Agent :",sad,sad,angry,"REASONING: The situation involves a negative event caused by another person, leading to irritation and frustration rather than helplessness or sadness. The speaker feels wronged and likely wants to hold someone accountable, which aligns with anger.

VAD_Estimate: [V: -0.55, A: +0.55, D: +0.20]
EMOTION: angry",[-0.55  0.55  0.2 ],0.07549834435270747,False,True
Our home was broken into right after we moved in and I felt this way.,angry,"Customer :It was. I am so thankful we were not home.
Agent :",afraid,afraid,angry,"REASONING: A home break-in is a clear violation by an offender, triggering outrage, high arousal, and a desire to assign blame; this is more consistent with anger than with helpless fear.
VAD_Estimate: [V: -0.55, A: +0.60, D: +0.25]
EMOTION: angry",[-0.55  0.6   0.25],0.041231056256176644,False,True
My best friend had to leave town to help take care of her mother who was diagnosed with lung cancer.  Her husband agreed she needed to go and then filed for divorce,angry,"Customer :I feel sorry for your friend.
Agent :",sad,sad,angry,"REASONING: The situation involves a clear betrayal by a specific person—the husband agreed then filed for divorce—which triggers irritation, frustration, and blame rather than passive grief. This fits high displeasure, high arousal, and assertive control.
VAD_Estimate: [V: -0.65, A: +0.55, D: +0.25]
EMOTION: angry",[-0.65  0.55  0.25],0.14560219778561034,False,True
I lost my car keys at a bar last night.,angry,"Customer :Oh my god! Well please get ALL your locks changed. The car will be more difficult however hopefully they have no idea where you live so you should be ok.
Agent :",sad,sad,angry,"REASONING: Losing car keys is an annoying, frustrating inconvenience with no real threat, so the dominant reaction is irritation rather than fear or sadness. The negative valence and moderate-to-high arousal fit anger, despite some loss of control.
VAD_Estimate: [V: -0.55, A: +0.45, D: +0.15]
EMOTION: angry",[-0.55  0.45  0.15],0.17663521732655693,False,True
A friend of mine misunderstood I was saying,angry,"Customer :what did?
Agent :",sad,sad,angry,"REASONING: The situation involves mild frustration and irritation at a specific person who misunderstood the speaker, rather than helplessness, sadness, or fear. This makes the valence negative, arousal moderately high, and dominance slightly assertive due to the interpersonal frustration.
VAD_Estimate: [V: -0.50, A: +0.45, D: +0.20]
EMOTION: angry",[-0.5   0.45  0.2 ],0.14899664425751336,False,True
A friend of mine misunderstood I was saying,angry,"Customer :I was trying to settle a score him and his girl friend, then I mentioned her qualities while trying to convince him
Agent :",sad,sad,angry,"REASONING: The friend’s misunderstanding is a specific interpersonal cause of frustration and irritation, not a life-threatening threat or a loss; this points to negative valence, moderate-to-high arousal, and a mildly assertive/blaming stance.
VAD_Estimate: [V: -0.50, A: +0.45, D: +0.20]
EMOTION: angry",[-0.5   0.45  0.2 ],0.14899664425751336,False,True
when my nieces play with my devices,angry,"Customer :every time i leave my room and see that my nieces have been on my devices like my phone or lab top it gets a little upset, as they change all my settings and close all my tabs
Agent :",afraid,afraid,angry,"REASONING: The speaker is expressing irritation about their personal belongings being handled by someone else, which suggests frustration and assertive displeasure rather than fear or sadness.
VAD_Estimate: [V: -0.55, A: +0.60, D: +0.20]
EMOTION: angry",[-0.55  0.6   0.2 ],0.06480740698407862,False,True
I once found out that my mother threw away my drawing.,angry,"Customer :What was the drawing of?
Agent :",sad,sad,angry,"REASONING: The speaker’s drawing was discarded by a specific person (mother), creating clear blame and resentment rather than helpless fear or passive sadness; this is active frustration with moderate-high arousal and assertive control → anger.
VAD_Estimate: [V: -0.55, A: +0.60, D: +0.25]
EMOTION: angry",[-0.55  0.6   0.25],0.041231056256176644,False,True
My boyfriend cheated on me while I was away visiting family.,angry,"Customer :Sorry to hear about that. Did you ask him to move out of the house?
Agent :",sad,sad,angry,"REASONING: The situation involves a specific person causing emotional harm, which triggers high-arousal displeasure and active blame rather than helplessness or passive grief. The negative valence is strong, arousal is elevated, and dominance reflects assertiveness in blaming the boyfriend.
VAD_Estimate: [V: -0.65, A: +0.60, D: +0.20]
EMOTION: angry",[-0.65  0.6   0.2 ],0.1489966442575134,False,True
i was upset when i saw someone left my gate open and our dog ran away,angry,"Customer :no he is still missing
Agent :",sad,sad,angry,"REASONING: The situation is negative, caused by another person’s carelessness (leaving the gate open), which triggers irritation and blame rather than helplessness or passive grief. This fits high displeasure, high arousal, and assertive control → anger.
VAD_Estimate: [V: -0.55, A: +0.60, D: +0.25]
EMOTION: angry",[-0.55  0.6   0.25],0.041231056256176644,False,True
When my brother wanted to fight me. We had just got off the ice.,angry,"Customer :Oh yeah he tried to fight me after hockey the other day.
Agent :",afraid,afraid,angry,"REASONING: This is an interpersonal confrontation with a specific person (the brother) as the cause, triggering high-arousal irritation and a confrontational stance rather than helplessness or life-threatening fear. That matches the anger prototype.

VAD_Estimate: [V: -0.55, A: +0.60, D: +0.25]
EMOTION: angry",[-0.55  0.6   0.25],0.041231056256176644,False,True
I was supposed to mail off a check to pay a bill today and I forgot to put it in the mail when I left for work.,angry,"Customer :I have a couple of more days but, its cutting it close.
Agent :",sad,sad,angry,"REASONING: Forgetting to mail a bill creates self-directed frustration and irritation over the mistake, with clearly negative valence and moderate arousal; the cause is identifiable, so the reaction is anger rather than sadness or fear.
VAD_Estimate: [V: -0.55, A: +0.50, D: +0.20]
EMOTION: angry",[-0.55  0.5   0.2 ],0.1104536101718726,False,True
Some left their garbage outside of the dumpster in my apartment complex. Now at night there are a bunch of raccoons outside.,angry,"Customer :That is terrible, does it smell?
Agent :",disgusted,disgusted,angry,"REASONING: Someone’s careless trash disposal is causing a raccoon nuisance, which is frustrating and irritating rather than helpless or life-threatening. This is active blame with moderate-to-high arousal and assertive control.
VAD_Estimate: [V: -0.55, A: +0.50, D: +0.20]
EMOTION: angry",[-0.55  0.5   0.2 ],0.1104536101718726,False,True
I broke my coffee maker and now i can't make coffee,angry,"Customer :Anyplace near you where you can get a cup?
Agent :",sad,sad,angry,"REASONING: Breaking the coffee maker is a negative daily inconvenience that triggers active frustration and irritation rather than sadness or fear. The arousal is moderately high from annoyance, with some sense of control because the problem is clear, so this aligns closest with anger.
VAD_Estimate: [V: -0.55, A: +0.55, D: +0.20]
EMOTION: angry",[-0.55  0.55  0.2 ],0.07549834435270747,False,True
I was really upset when I found out that the Dallas Cowboys were going to let go of Dez Bryant. I think he's a really good wide receiver if only he wouldn't run his mouth.,angry,"Customer :I agree Emmett Smith is an awesome runningback.  Dez Bryant just ran his mouth too much and was too emotional.  It's a shame and he's still unemployed.  How upsetting.  Troy Aikman was a great quarterback and a great commentator.
Agent :",sad,sad,angry,"REASONING: “Really upset” signals clear displeasure, and the cause is a specific decision by the Cowboys, which creates frustration and complaining rather than passive grief. Negative valence, moderate-high arousal, and some assertive opinion-making point toward anger.

VAD_Estimate: [V: -0.55, A: +0.55, D: +0.20]
EMOTION: angry",[-0.55  0.55  0.2 ],0.07549834435270747,False,True
My mother got scammed out of hundreds of dollars.  It was some internet phishing thing.  She had no recourse.,angry,"Customer :My mom got scammed out of hundreds of dollars.
Agent :",sad,sad,angry,"REASONING: The situation involves a clear external cause (internet phishing scam) and a tone of frustration over the financial loss and lack of recourse, reflecting displeasure, elevated arousal, and some assertive blame rather than passive sadness or fear.
VAD_Estimate: [V: -0.60, A: +0.55, D: +0.20]
EMOTION: angry",[-0.6   0.55  0.2 ],0.11045361017187255,False,True
I lost another wallet today. I just can't keep up with those things,angry,"Customer :I have lost every single one I have ever had.
Agent :",sad,sad,angry,"REASONING: The repeated loss is frustrating and irritating, with active self-annoyance rather than passive grief. This is best captured by moderate negative valence, moderately high arousal, and a slight sense of assertive frustration.
VAD_Estimate: [V: -0.55, A: +0.45, D: +0.20]
EMOTION: angry",[-0.55  0.45  0.2 ],0.1539480431834065,False,True
"I was having a party and had my cats locked up and told them and had a note on the door to not open it, well someone did and my cat got out and ran over.",angry,"Customer :Yes, I had a party and one of my friends let him out and he was ran over.
Agent :",sad,sad,angry,"REASONING: The speaker took clear precautions to keep the cat safe, and a specific person ignored the warning, causing the cat to escape and be run over. This is a blame-worthy violation with high negative arousal and assertive frustration/anger rather than passive grief.
VAD_Estimate: [V: -0.65, A: +0.60, D: +0.25]
EMOTION: angry",[-0.65  0.6   0.25],0.14035668847618202,False,True
I stubbed my toe on the side of my bed this morning. It's still hurting.,angry,"Customer :I stubbed my toe on the side of my bed this morning, it's still hurting!
Agent :",sad,sad,angry,"REASONING: The situation involves physical pain and frustration from a clumsy accident, with lingering discomfort causing irritation rather than fear or sadness. This maps to negative valence, moderate arousal, and a slight sense of controlled frustration.
VAD_Estimate: [V: -0.55, A: +0.45, D: +0.20]
EMOTION: angry",[-0.55  0.45  0.2 ],0.1539480431834065,False,True
My mother got scammed out of hundreds of dollars.  It was some internet phishing thing.  She had no recourse.,angry,"Customer :It was some internet phishing thing.  She had zero recourse.  I guess it's actually a little lucky she didn't lose more.
Agent :",sad,sad,angry,"REASONING: The situation involves a clear wrongful cause (internet phishing scam) and financial loss, which triggers active frustration and blame toward the scammer, not fear or sadness. Valence is negative, arousal is moderately high from irritation, and dominance is slightly assertive due to anger and blame.
VAD_Estimate: [V: -0.60, A: +0.60, D: +0.25]
EMOTION: angry",[-0.6   0.6   0.25],0.09055385138137413,False,True
I spilled whiskey all over my keyboard!,angry,"Customer :Eek! Hopefully your keyboard isn't acting up!
Agent :",surprised,surprised,angry,"REASONING: Spilling whiskey on a keyboard is a negative, frustrating accident that triggers immediate irritation and high arousal; the reaction is active annoyance rather than helpless sadness or fear.
VAD_Estimate: [V: -0.55, A: +0.65, D: +0.15]
EMOTION: angry",[-0.55  0.65  0.15],0.12328828005937958,False,True
it makes me very unhappy when i let someone out in traffic and they dont acknowledge me,angry,"Customer :Do you honk your horn at them?
Agent :",sad,sad,angry,"REASONING: The speaker feels frustrated and annoyed by a specific person’s failure to acknowledge a kind act, which is active irritation rather than passive sadness. This suggests negative valence, high arousal, and assertive blame.
VAD_Estimate: [V: -0.55, A: +0.60, D: +0.25]
EMOTION: angry",[-0.55  0.6   0.25],0.041231056256176644,False,True
I was really upset when I found out that the Dallas Cowboys were going to let go of Dez Bryant. I think he's a really good wide receiver if only he wouldn't run his mouth.,angry,"Customer :So about 2 or 3 months ago I found out the Dallas Cowboys were letting Dez Bryant go and he's a free agent.  It's disappointing to me because I'm a Cowboys fan and I like him as part of the team.  Have you heard of Dez Bryant
Agent :",sad,sad,angry,"REASONING: The speaker reacts with frustration and irritation to the player being let go, and actively complains about his behavior rather than expressing helpless grief or passive sadness. This points to negative valence, moderate-high arousal, and some assertive control.
VAD_Estimate: [V: -0.55, A: +0.55, D: +0.20]
EMOTION: angry",[-0.55  0.55  0.2 ],0.07549834435270747,False,True
I can't believe my friend got back with her ex. She knows he is no good.,angry,"Customer :My friend just got back with her ex AGAIN
Agent :",disgusted,disgusted,angry,"REASONING: The speaker is frustrated and disapproving about a specific person’s poor choice, with active irritation directed at the friend. This is not helpless fear, sadness, or neutral surprise, so it aligns most closely with anger.
VAD_Estimate: [V: -0.55, A: +0.55, D: +0.20]
EMOTION: angry",[-0.55  0.55  0.2 ],0.07549834435270747,False,True
I'm pretty upset I got a flat on the way to work today.  I was late and I'm down 200 dollars.,angry,"Customer :I'm pretty upset I got a flat on the way to work today.
Agent :",sad,sad,angry,"REASONING: The flat tire causes frustration and irritation over being late and losing money, not helplessness or fear. The reaction is active annoyance with a clear negative event, matching anger rather than sadness.  
VAD_Estimate: [V: -0.55, A: +0.55, D: +0.20]  
EMOTION: angry",[-0.55  0.55  0.2 ],0.07549834435270747,False,True
A friend of mine misunderstood I was saying,angry,"Customer :And that resulted to an agruement 
Agent :",sad,sad,angry,"REASONING: The misunderstanding is mildly unpleasant and likely causes frustration or irritation, with moderate energy and some desire to clarify or assert oneself; there is no fear, sadness, or repulsion.
VAD_Estimate: [V: -0.55, A: +0.50, D: +0.20]
EMOTION: angry",[-0.55  0.5   0.2 ],0.1104536101718726,False,True
Asked a relative to care for our pet while we were gone and the dog ended up missing.,angry,"Customer :That he got out and he was unable to find him.  Things are known to go missing when my brother in law is around.  We should have known better.
Agent :",sad,sad,angry,"REASONING: The situation involves a clear negligent cause (the relative), which triggers frustration and blame rather than helplessness. Negative valence, high arousal, and assertive irritation point to anger.
VAD_Estimate: [V: -0.60, A: +0.60, D: +0.25]
EMOTION: angry",[-0.6   0.6   0.25],0.09055385138137413,False,True
i was upset when i saw a big dent in my car door,angry,"Customer :im gonna seek revenge for my door!
Agent :",sad,sad,angry,"REASONING: Discovering a large dent in one’s car is a frustrating, irritating event that triggers active displeasure rather than helpless sadness or physical disgust. The reaction is high-arousal annoyance with some outward blame toward the situation.
VAD_Estimate: [V: -0.55, A: +0.55, D: +0.20]
EMOTION: angry",[-0.55  0.55  0.2 ],0.07549834435270747,False,True
I went to a restaurant for mexican food with my friend and she had a roach crawl off of her salad.  It was horrifying.,disgusted,"Customer :That is awful. I would definitely not pay and never go back again.
Agent :",afraid,afraid,disgusted,"REASONING: The roach crawling on the salad is a visceral contamination event, triggering revulsion and a strong urge to reject/avoid rather than an active threat to safety. Valence is strongly negative, arousal is elevated, and dominance reflects a distancing/avoidance reaction.
VAD_Estimate: [V: -0.65, A: +0.45, D: +0.10]
EMOTION: disgusted",[-0.65  0.45  0.1 ],0.11224972160321829,False,True
I went shopping at a new store and bought all of my meat for the week.  When I got home I realized it was all expired.,disgusted,"Customer :Oh! Did you find any good deals?
Agent :",angry,angry,disgusted,"REASONING: Discovering all the meat is expired involves spoiled food and a sense of contamination, triggering revulsion and a desire to reject/avoid it. There is mild irritation at the store, but the primary feeling is disgust rather than anger.
VAD_Estimate: [V: -0.60, A: +0.35, D: +0.10]
EMOTION: disgusted",[-0.6   0.35  0.1 ],0.009999999999999995,False,True
The cafe down the street used to be my favorite place to eat. They recently failed several health inspections.,disgusted,"Customer :Used to be? What happened to it? Did it get closed down?
Agent :",sad,sad,disgusted,"REASONING: The situation involves a beloved cafe becoming unsanitary due to failed health inspections, which triggers revulsion and disappointment rather than active anger or passive sadness. Valence is negative, arousal is moderate, and there is a slight sense of rejection/avoidance.
VAD_Estimate: [V: -0.60, A: +0.35, D: +0.10]
EMOTION: disgusted",[-0.6   0.35  0.1 ],0.009999999999999995,False,True
My Airbnb customers left the house smelly and dirty.,disgusted,"Customer :Its okay. I called a deep cleaning company to clean it up because I so disgusted by it.
Agent :",angry,angry,disgusted,"REASONING: The situation involves unpleasant filth and odor, triggering revulsion and a desire to reject or avoid the contamination; there is moderate arousal and a slight sense of control through disapproval.
VAD_Estimate: [V: -0.60, A: +0.35, D: +0.10]
EMOTION: disgusted",[-0.6   0.35  0.1 ],0.009999999999999995,False,True
I ordered a pizza tonight. It came with anchovies on it!,disgusted,"Customer :Not this one I got though, it had anchovies on it! Yuck!
Agent :",surprised,surprised,disgusted,"REASONING: The unwanted anchovies create a sense of unpleasant surprise and revulsion, with moderate arousal and a desire to reject the food rather than confront someone. This aligns with disgust.
VAD_Estimate: [V: -0.60, A: +0.35, D: +0.10]
EMOTION: disgusted",[-0.6   0.35  0.1 ],0.009999999999999995,False,True
I left my adult son home for a few days and just came back to a sink full of gross old dishes. The whole house is a mess!,disgusted,"Customer :I left my adult son home for a few days and just came back to a sink full of gross old dishes! 
Agent :",angry,angry,disgusted,"REASONING: The situation is clearly unpleasant, with moderate arousal from irritation and some sense of control because the speaker can blame their son. However, the “gross old dishes” and messy house create a primary feeling of revulsion and contamination, making disgust the dominant emotion.
VAD_Estimate: [V: -0.60, A: +0.35, D: +0.10]
EMOTION: disgusted",[-0.6   0.35  0.1 ],0.009999999999999995,False,True
"There was a dead animal on the road that, even when notified, the city would not remove for 4 full weeks.",disgusted,"Customer :On the road that's the only access to our neighborhood there was a dead animal that the city was notified of.
Agent :",angry,angry,disgusted,"REASONING: The decaying animal is a contamination/visual-repulsion trigger, making disgust the primary emotion; the city’s inaction adds frustration but does not override the revulsion.
VAD_Estimate: [V: -0.60, A: +0.35, D: +0.11]
EMOTION: disgusted",[-0.6   0.35  0.11],0.0,False,True
Kids in my neighborhood put dog poop on my front stoop!,disgusted,"Customer :It's so gross!
Agent :",angry,angry,disgusted,"REASONING: The dog poop is a contaminating, repulsive substance triggering revulsion and a desire to reject/clean it. Although there is blame toward the kids, the primary emotional response is disgust rather than anger, with moderate arousal and slight control through rejection.
VAD_Estimate: [V: -0.60, A: +0.35, D: +0.10]
EMOTION: disgusted",[-0.6   0.35  0.1 ],0.009999999999999995,False,True
I ordered McDonalds today on UberEats. It was terrible.,disgusted,"Customer :Sorry to hear!  What all did you order?  And what was wrong with it?
Agent :",sad,sad,disgusted,"REASONING: The food was bad, triggering an unpleasant, rejecting reaction rather than high-energy anger or sadness. This fits moderate arousal and a desire to avoid/refuse the experience.
VAD_Estimate: [V: -0.60, A: +0.35, D: +0.11]
EMOTION: disgusted",[-0.6   0.35  0.11],0.0,False,True
"In garage, there is a lot cockroachs. We all complained to the landlord but he is doing nothing.",disgusted,"Customer :That's not right! You could probably complain anonymously to the city. 
Agent :",angry,angry,disgusted,"REASONING: The garage’s cockroach infestation triggers revulsion and contamination distress; despite also feeling frustrated with the landlord, the primary emotional response is disgust and avoidance. Negative valence, moderate arousal, and a slight sense of control through rejection.
VAD_Estimate: [V: -0.60, A: +0.40, D: +0.10]
EMOTION: disgusted",[-0.6  0.4  0.1],0.05099019513592789,False,True
Kids in my neighborhood put dog poop on my front stoop!,disgusted,"Customer :I don't want to know either but I did wish I had a camera doorbell so I could see just who did it and speak to their parents!
Agent :",angry,angry,disgusted,"REASONING: The situation involves fecal contamination, which triggers revulsion and a strong desire to reject/avoid, outweighing any blame toward the kids. Negative valence, moderate arousal, and slight assertive rejection align with disgust.
VAD_Estimate: [V: -0.60, A: +0.35, D: +0.10]
EMOTION: disgusted",[-0.6   0.35  0.1 ],0.009999999999999995,False,True
I rented out my house and when I came back it was filthy.,disgusted,"Customer :I rented out my house and when I came back it was filthy and smelly
Agent :",angry,angry,disgusted,"REASONING: The filthy condition triggers revulsion and visual/contamination-based disgust. There is clear displeasure, moderate arousal, and a desire to reject/avoid the mess rather than high-energy confrontation.
VAD_Estimate: [V: -0.65, A: +0.35, D: +0.10]
EMOTION: disgusted",[-0.65  0.35  0.1 ],0.05099019513592789,False,True
My cat peed on the carpet while I was at work.,disgusted,"Customer :I gor home from work the other day to find my cat had peed on the carpet. The smell was horrible.
Agent :",angry,angry,disgusted,"REASONING: The cat’s urine is a contaminant causing revulsion and a desire to avoid/clean it, outweighing blame. Negative valence, moderate arousal, slight control through rejection.
VAD_Estimate: [V: -0.60, A: +0.35, D: +0.10]
EMOTION: disgusted",[-0.6   0.35  0.1 ],0.009999999999999995,False,True
I woke up this morning to TWO spiders on my bed.  I have no idea how long they were there.,disgusted,"Customer :What did you do after
Agent :",afraid,afraid,disgusted,"REASONING: The unexpected discovery of spiders on the bed, especially with uncertainty about how long they were there, triggers revulsion and a sense of contamination in a personal space. The response is negative, moderately arousing, and leaves the person feeling uneasy and vulnerable rather than angry or purely fearful.
VAD_Estimate: [V: -0.60, A: +0.40, D: -0.10]
EMOTION: disgusted",[-0.6  0.4 -0.1],0.21587033144922904,False,True
"My daughter hides food under her bed,",disgusted,"Customer :Anything she snacks on late at night, I guess. I even found a half eaten bowl of spaghetti with meatballs!
Agent :",surprised,surprised,disgusted,"REASONING: The situation involves unhygienic, contaminating behavior that triggers revulsion and displeasure, with moderate arousal and a mild urge to reject/stop the behavior.
VAD_Estimate: [V: -0.55, A: +0.35, D: +0.10]
EMOTION: disgusted",[-0.55  0.35  0.1 ],0.050990195135927785,False,True
I was sitting at work the other day and suddenly a giant cockroach ran across the floor.,disgusted,"Customer :I would have screamed!
Agent :",surprised,surprised,disgusted,"REASONING: The sudden appearance of a giant cockroach is unpleasant and visually repulsive, triggering a strong disgust response with moderate to high arousal and a desire to reject/avoid the situation rather than confront it.
VAD_Estimate: [V: -0.65, A: +0.45, D: +0.05]
EMOTION: disgusted",[-0.65  0.45  0.05],0.12688577540449525,False,True
I saw a rat running down the power line behind my house.,disgusted,"Customer :I saw a rat running down the power line behind my house.
Agent :",surprised,surprised,disgusted,"REASONING: Seeing a rat is unpleasant and repulsive, triggering a desire to avoid or reject the pest rather than a clear, life-threatening fear or anger. This fits moderate negative valence, moderate arousal, and slight avoidance/control.
VAD_Estimate: [V: -0.60, A: +0.40, D: +0.10]
EMOTION: disgusted",[-0.6  0.4  0.1],0.05099019513592789,False,True
I saw a guy at the mall wearing a cut off tank top like you used to see in the 80's except he was 400 pounds.,disgusted,"Customer :I saw a guy at the mall wearing a cut off tank top like you used to see in the 80's except he was 400 pounds.
Agent :",surprised,surprised,disgusted,"REASONING: The sight is visually odd and mildly repulsive, triggering judgment and rejection rather than active anger or fear. Negative valence, moderate arousal, and a slight sense of superiority/avoidance point to disgust.
VAD_Estimate: [V: -0.55, A: +0.35, D: +0.15]
EMOTION: disgusted",[-0.55  0.35  0.15],0.06403124237432843,False,True
I found a spider crawling on my bed.,disgusted,"Customer :I found a spider crawling on my bed.
Agent :",afraid,afraid,disgusted,"REASONING: The spider on the bed triggers immediate revulsion and a desire to remove/avoid it, with negative valence and moderate arousal. There is no life-threatening danger, so the primary response is disgust rather than fear.
VAD_Estimate: [V: -0.60, A: +0.40, D: +0.10]
EMOTION: disgusted",[-0.6  0.4  0.1],0.05099019513592789,False,True
"When my cousin returned my car to me, it was filled with garbage.",disgusted,"Customer :I let my cousin borrow my car for the weekend and when I got it back, it was filled with mcdonalds fries.
Agent :",angry,angry,disgusted,"REASONING: The car being filled with garbage is a contamination/repulsion scenario, making disgust the primary reaction despite possible blame toward the cousin. Negative valence, moderate arousal, and a rejecting/avoidant sense of control align with disgust.
VAD_Estimate: [V: -0.60, A: +0.35, D: +0.10]
EMOTION: disgusted",[-0.6   0.35  0.1 ],0.009999999999999995,False,True
"I'm tasked with cleaning up the bathroom every day at the end of my shift, well last night someone decided to put so much toilet paper in the toilet that it became clogged and overflowed everywhere.",disgusted,"Customer :Part of my job is to clean up the bathrooms at the end of the night. Usually it's not so bad, but last night someone stuck so much toilet paper inside of the toilet that it overflowed EVERYWHERE.
Agent :",angry,angry,disgusted,"REASONING: The overflowing toilet is a contamination event involving unpleasant waste and visual repulsion, which triggers revulsion and a desire to avoid/reject the mess. Although there is blame toward whoever caused it, the primary emotional response is disgust rather than anger.
VAD_Estimate: [V: -0.60, A: +0.35, D: +0.10]
EMOTION: disgusted",[-0.6   0.35  0.1 ],0.009999999999999995,False,True
"My brother recently confessed that one time, when we were kids, he spit in my orange juice.  Apparently he was mad at me for some reason.  He kept the secret for over 15 years.",disgusted,"Customer :He kept that a secret for like 15 years so who knows what I'll find out next lol
Agent :",surprised,surprised,disgusted,"REASONING: Discovering that your brother secretly spit in your drink involves bodily fluid contamination, which triggers revulsion and disgust as the dominant reaction, even with possible anger at the betrayal.
VAD_Estimate: [V: -0.60, A: +0.35, D: +0.11]
EMOTION: disgusted",[-0.6   0.35  0.11],0.0,False,True
"There was hair in my soup, and the owner wouldn't take responsibility.",disgusted,"Customer :There was hair in my soup, and the owner wouldn't take responsibility.
Agent :",angry,angry,disgusted,"REASONING: Finding hair in soup involves contamination and visual repulsion, which triggers disgust even though blame toward the owner also exists. Valence is negative, arousal is moderate, and dominance involves slight rejection/control.
VAD_Estimate: [V: -0.60, A: +0.35, D: +0.11]
EMOTION: disgusted",[-0.6   0.35  0.11],0.0,False,True
"There was hair in my soup, and the owner wouldn't take responsibility.",disgusted,"Customer :Oh gross! What restaurant?
Agent :",angry,angry,disgusted,"REASONING: The hair in the soup is a contamination event, triggering revulsion and a desire to reject/avoid; the owner’s refusal adds frustration and blame, but disgust is the dominant response. This gives negative valence, moderate arousal, and slight controlling/avoidant stance.
VAD_Estimate: [V: -0.62, A: +0.40, D: +0.10]
EMOTION: disgusted",[-0.62  0.4   0.1 ],0.054772255750516655,False,True
My Airbnb customers left the house smelly and dirty.,disgusted,"Customer :Oh, that is horrible. I am sorry that happened to you!
Agent :",angry,angry,disgusted,"REASONING: The situation involves unpleasant contamination (bad smell and dirt), which triggers revulsion and a desire to reject/avoid rather than active confrontation. Negative valence, moderate arousal, slight control through rejection → disgusted.
VAD_Estimate: [V: -0.65, A: +0.35, D: +0.10]
EMOTION: disgusted",[-0.65  0.35  0.1 ],0.05099019513592789,False,True
I saw a giant flying roach on the front porch.,disgusted,"Customer :How big was it?
Agent :",afraid,afraid,disgusted,"REASONING: The sight of a large flying roach is unpleasant and revolting, triggering a desire to avoid or reject the contaminating pest. Arousal is moderately elevated due to the sudden, startling appearance, but the core reaction is revulsion rather than life-threatening fear.
VAD_Estimate: [V: -0.60, A: +0.45, D: +0.10]
EMOTION: disgusted",[-0.6   0.45  0.1 ],0.10049875621120893,False,True
My cat peed on the carpet while I was at work.,disgusted,"Customer :oh my god, thats it so gross, cat pee is the worst.
Agent :",angry,angry,disgusted,"REASONING: The situation involves a bodily fluid contaminating the carpet, which triggers revulsion and a desire to avoid/clean the mess rather than purely confrontational anger. Valence is clearly negative, arousal is moderate from irritation/disgust, and control is slightly assertive in rejection/avoidance.
VAD_Estimate: [V: -0.55, A: +0.40, D: +0.10]
EMOTION: disgusted",[-0.55  0.4   0.1 ],0.07141428428542848,False,True
I was attending an event at my sons school. A child came running toward me and threw up all over the floor!,disgusted,"Customer :wow that must be gross, i know it would make me feel like throwing up too
Agent :",surprised,surprised,disgusted,"REASONING: The sudden vomiting is a contamination event causing immediate revulsion and a strong urge to avoid, with negative valence and moderate arousal. This fits the disgust prototype rather than anger or fear.
VAD_Estimate: [V: -0.60, A: +0.40, D: +0.10]
EMOTION: disgusted",[-0.6  0.4  0.1],0.05099019513592789,False,True
I rented out my house and when I came back it was filthy.,disgusted,"Customer :That's terrible, what did you do?
Agent :",angry,angry,disgusted,"REASONING: Returning to a filthy house involves visual repulsion and contamination, triggering disgust and rejection rather than pure anger. Negative valence, moderate arousal, slight sense of control in rejecting the situation.
VAD_Estimate: [V: -0.60, A: +0.35, D: +0.11]
EMOTION: disgusted",[-0.6   0.35  0.11],0.0,False,True
I saw a rat running down the power line behind my house.,disgusted,"Customer :I would be placing traps all inside my house in case it ever comes inside.
Agent :",surprised,surprised,disgusted,"REASONING: Seeing a rat near the house is unpleasant and triggers revulsion/avoidance rather than a clear threat or anger. The reaction is moderate arousal with a sense of rejection, aligning with disgust.
VAD_Estimate: [V: -0.60, A: +0.35, D: +0.10]
EMOTION: disgusted",[-0.6   0.35  0.1 ],0.009999999999999995,False,True
I saw a rat running down the power line behind my house.,disgusted,"Customer :Tell me about it.  I don't think i've ever seen that before.
Agent :",surprised,surprised,disgusted,"REASONING: Seeing a rat triggers revulsion and a desire to avoid/repel the unpleasant stimulus; it is negative in valence but not a life-threatening panic, and the person retains some control through rejection/avoidance.
VAD_Estimate: [V: -0.60, A: +0.35, D: +0.10]
EMOTION: disgusted",[-0.6   0.35  0.1 ],0.009999999999999995,False,True
"There was a dead animal on the road that, even when notified, the city would not remove for 4 full weeks.",disgusted,"Customer :A small doe. The worst part about this was that they decided they had better things to do and didn't get around to cleaning it up for nearly 4 weeks it seemed!
Agent :",angry,angry,disgusted,"REASONING: The dead animal on the road for weeks is visually repulsive and contaminating, making disgust the primary reaction; the city’s inaction adds frustration but does not override the revulsion. Valence is clearly negative, arousal is moderate, and dominance is slightly lowered due to helplessness over the situation.
VAD_Estimate: [V: -0.55, A: +0.35, D: -0.10]
EMOTION: disgusted",[-0.55  0.35 -0.1 ],0.21587033144922904,False,True
Kids in my neighborhood put dog poop on my front stoop!,disgusted,"Customer :How did they ""put"" it there? nevermind. Its just too much
Agent :",angry,angry,disgusted,"REASONING: The situation involves contamination with dog poop, which triggers revulsion and a strong desire to reject/avoid, even though there is also blame toward the kids. Negative valence, moderate arousal, and slight assertive rejection point to disgust.
VAD_Estimate: [V: -0.60, A: +0.35, D: +0.10]
EMOTION: disgusted",[-0.6   0.35  0.1 ],0.009999999999999995,False,True
The cafe down the street used to be my favorite place to eat. They recently failed several health inspections.,disgusted,"Customer :They are not completely shut down yet, but they have recently failed several health inspections.
Agent :",sad,sad,disgusted,"REASONING: The failed health inspections imply unsanitary conditions and contamination, triggering revulsion and disappointment, with moderately high arousal and a slight sense of rejection/avoidance.
VAD_Estimate: [V: -0.55, A: +0.40, D: +0.10]
EMOTION: disgusted",[-0.55  0.4   0.1 ],0.07141428428542848,False,True
I found a spider crawling on my bed.,disgusted,"Customer :Killed it then took stripped my bed apart to look for his friends.
Agent :",afraid,afraid,disgusted,"REASONING: Discovering a spider in one’s bed is an unpleasant, unexpected intrusion that triggers immediate revulsion and a desire to reject/avoid it, rather than prolonged fear or anger. This fits moderate arousal and negative valence with slight controlling avoidance.
VAD_Estimate: [V: -0.55, A: +0.40, D: +0.10]
EMOTION: disgusted",[-0.55  0.4   0.1 ],0.07141428428542848,False,True
I rented out my house and when I came back it was filthy.,disgusted,"Customer :I had to call the police and report the renters because I was so disgusted! 
Agent :",angry,angry,disgusted,"REASONING: The situation involves returning to a filthy living space, which triggers revulsion and a desire to reject/avoid the contamination. This is more about disgust than anger, despite potential blame toward renters.
VAD_Estimate: [V: -0.60, A: +0.35, D: +0.11]
EMOTION: disgusted",[-0.6   0.35  0.11],0.0,False,True
I was walking home through the park last night when I saw a homeless man sleeping there. He looked and smelled like it had been months since he cleaned himself off atall.,disgusted,"Customer :I see. Well he's probably still there.
Agent :",sad,sad,disgusted,"REASONING: The description focuses on the man’s filthy appearance and strong body odor, which triggers revulsion and a desire to avoid contamination rather than anger, fear, or sadness. This is mildly-to-moderately unpleasant with moderate arousal and slight rejection/control.
VAD_Estimate: [V: -0.55, A: +0.35, D: +0.05]
EMOTION: disgusted",[-0.55  0.35  0.05],0.0781024967590665,False,True
"When I was a kid, I saw my cousin break her arm. It wasn't an unnoticeable break either, her arm was mangled and disfigured. It was insane.",disgusted,"Customer :Good thing she had no permanent damage though. But that memory is scarred into my brain!
Agent :",surprised,surprised,disgusted,"REASONING: The vivid, graphic description of a mangled and disfigured arm centers on visceral revulsion and visual repulsion. The “insane” comment adds shock, but the core reaction is disgust toward the injury, not fear, sadness, or joy.

VAD_Estimate: [V: -0.65, A: +0.45, D: +0.10]

EMOTION: disgusted",[-0.65  0.45  0.1 ],0.11224972160321829,False,True
Stepped in dog poop and tracked it all throughout my parent's house because I didn't know I had done it. Then I had too clean it up. Really annoying...,disgusted,"Customer :Stepped in dog poop and tracked it all throughout my parent's house because I didn't know I had done it. Then I had too clean it up. Really annoying...
Agent :",angry,angry,disgusted,"REASONING: The event involves stepping in and tracking dog poop, which is a contamination/revulsion experience. Even though the speaker says ""annoying,"" the dominant visceral response is disgust, with moderate arousal and a desire to reject/clean up.
VAD_Estimate: [V: -0.60, A: +0.40, D: +0.10]
EMOTION: disgusted",[-0.6  0.4  0.1],0.05099019513592789,False,True
I woke up this morning to TWO spiders on my bed.  I have no idea how long they were there.,disgusted,"Customer :When I woke up this morning there were TWO spiders on my bed.
Agent :",afraid,afraid,disgusted,"REASONING: Finding spiders in bed creates an unpleasant, intrusive violation of personal space, with moderate arousal from surprise/revulsion and a desire to reject/avoid rather than a sense of danger or helplessness. This aligns most closely with disgust.
VAD_Estimate: [V: -0.55, A: +0.45, D: -0.10]
EMOTION: disgusted",[-0.55  0.45 -0.1 ],0.2379075450674064,False,True
"There was hair in my soup, and the owner wouldn't take responsibility.",disgusted,"Customer :It was a nearby pho place. I'm not going there again.
Agent :",angry,angry,disgusted,"REASONING: The hair in the soup is a contamination event that triggers immediate revulsion, which takes priority even though the owner’s refusal adds frustration. This is negative valence, moderate arousal, and a desire to reject/avoid rather than confront aggressively.
VAD_Estimate: [V: -0.60, A: +0.35, D: +0.11]
EMOTION: disgusted",[-0.6   0.35  0.11],0.0,False,True
Kids in my neighborhood put dog poop on my front stoop!,disgusted,"Customer :Kids in my neighborhood put dog poop on my front stoop, how nasty.
Agent :",angry,angry,disgusted,"REASONING: The situation involves feces contamination on the speaker's property, which triggers revulsion and a strong desire to reject/avoid, despite possible irritation. This fits disgust: negative valence, moderate arousal, slight assertive rejection.
VAD_Estimate: [V: -0.60, A: +0.35, D: +0.10]
EMOTION: disgusted",[-0.6   0.35  0.1 ],0.009999999999999995,False,True
"When I was a kid, I saw my cousin break her arm. It wasn't an unnoticeable break either, her arm was mangled and disfigured. It was insane.",disgusted,"Customer :i bet it did i would be too
Agent :",surprised,surprised,disgusted,"REASONING: The memory is strongly negative due to a gruesome, visually repulsive injury, which triggers revulsion more than self-protective fear; the ""insane"" wording adds intense shock/arousal.
VAD_Estimate: [V: -0.70, A: +0.50, D: -0.15]
EMOTION: disgusted",[-0.7   0.5  -0.15],0.3163858403911275,False,True
"I have so many ants in my kitchen, no matter what I do, I can't get rid of them and they are everywhere.",disgusted,"Customer :I have so many ants in my kitchen, no matter what I do, I can't get rid of them and they are everywhere.
Agent :",angry,angry,disgusted,"REASONING: The situation is unpleasant and involves an infestation, which triggers revulsion and contamination concerns. There is moderate arousal from irritation and a slight sense of reduced control because the ants cannot be eliminated, pointing primarily to disgust rather than anger or fear.
VAD_Estimate: [V: -0.60, A: +0.40, D: +0.10]
EMOTION: disgusted",[-0.6  0.4  0.1],0.05099019513592789,False,True
"When my cousin returned my car to me, it was filled with garbage.",disgusted,"Customer :He didnt. He said it wasnt his fault. I am beyond disgusted rigth now.
Agent :",angry,angry,disgusted,"REASONING: The car filled with garbage is a contamination/repulsion event, triggering a strong “yuck” response and a desire to reject/clean rather than a purely confrontational anger. This is negative, moderately arousing, with slight assertive control.
VAD_Estimate: [V: -0.60, A: +0.35, D: +0.11]
EMOTION: disgusted",[-0.6   0.35  0.11],0.0,False,True
I woke up this morning to TWO spiders on my bed.  I have no idea how long they were there.,disgusted,"Customer :I have no idea how long'd been there.  I just can't get over that there was more than one.
Agent :",afraid,afraid,disgusted,"REASONING: The unexpected presence of spiders on the bed creates revulsion and a sense of contamination, with moderate arousal from the startle factor and slight vulnerability, but the dominant reaction is repulsion and rejection rather than panic or anger.
VAD_Estimate: [V: -0.60, A: +0.40, D: -0.10]
EMOTION: disgusted",[-0.6  0.4 -0.1],0.21587033144922904,False,True
My cat peed on the carpet while I was at work.,disgusted,"Customer :It really is. Luckily, I had some cleaner for pet urine, but I was gagging the whole time I was cleaning.
Agent :",angry,angry,disgusted,"REASONING: Cat urine is a bodily fluid/contamination, triggering revulsion and a desire to avoid/clean rather than anger or fear; valence is negative, arousal is moderate, and control is slightly assertive through rejection.
VAD_Estimate: [V: -0.60, A: +0.35, D: +0.11]
EMOTION: disgusted",[-0.6   0.35  0.11],0.0,False,True
i got a surprise gift in the mail,joyful,"Customer :i know she even put a little message on it , i will never forget that day
Agent :",surprised,surprised,joyful,"REASONING: Receiving a gift in the mail is a positive and rewarding event; the word “surprise” mainly signals unexpectedness, but the overall emotion is delight and excitement rather than startled uncertainty.
VAD_Estimate: [V: +0.80, A: +0.55, D: +0.30]
EMOTION: joyful",[0.8  0.55 0.3 ],0.09486832980505143,False,True
I was going to a concert once and then I learned of a 25 thousand dollar drawing. I was automatically entered from my ticket and I won!,joyful,"Customer :I did. I once won $10,000 from Colgate Toothpaste.
Agent :",surprised,surprised,joyful,"REASONING: Winning a large sum of money through a concert ticket is a highly positive, exciting, and empowering life event. The dominant response is elation and excitement, not mere surprise.
VAD_Estimate: [V: +0.85, A: +0.75, D: +0.50]
EMOTION: joyful",[0.85 0.75 0.5 ],0.32171415884290827,False,True
I could ask for a better wife!,joyful,"Customer :yes she does, I really could not live a day without her.
Agent :",angry,angry,joyful,"REASONING: This expresses deep appreciation and contentment with one's spouse, indicating strong positive pleasure, moderate warm arousal, and a secure sense of satisfaction/control.
VAD_Estimate: [V: +0.85, A: +0.40, D: +0.35]
EMOTION: joyful",[0.85 0.4  0.35],0.1204159457879229,False,True
I went to the Grand Canyon for the first time during winter. It was breathtaking.,joyful,"Customer :I've never been there. I think it would be intimidating.
Agent :",surprised,surprised,joyful,"REASONING: The experience is highly pleasant and awe-inspiring, with strong positive feelings and heightened engagement. This maps to high valence, high arousal, and a moderate sense of empowerment or uplift.
VAD_Estimate: [V: +0.80, A: +0.60, D: +0.35]
EMOTION: joyful",[0.8  0.6  0.35],0.1264911064067352,False,True
"Just came back from the park. I saw so many dogs and oddly enough, cats.",joyful,"Customer :they were, and it was really cute.
Agent :",surprised,surprised,joyful,"REASONING: The scene of seeing many dogs and cats at the park is pleasant and mildly amusing; the ""oddly enough"" adds slight surprise, but the overall experience is positive and enjoyable rather than startling or negative.
VAD_Estimate: [V: 0.60, A: 0.40, D: 0.20]
EMOTION: joyful",[0.6 0.4 0.2],0.23345235059857503,False,True
I'm working on being happier on a day to day basis.,joyful,"Customer :I'm trying to overcome some depressive episodes that I've been having.
Agent :",sad,sad,joyful,"REASONING: The explicit emotion word “happier” anchors the prediction; the context of actively working toward daily happiness suggests a positive, engaged, and self-directed emotional state.
VAD_Estimate: [V: +0.65, A: +0.40, D: +0.45]
EMOTION: joyful",[0.65 0.4  0.45],0.16881943016134132,False,True
I'm working on being happier on a day to day basis.,joyful,"Customer :Yeah, but that's the trouble. I've talked too much about it.
Agent :",sad,sad,joyful,"REASONING: The explicit emotion word “happier” signals positive affect, and the ongoing effort implies moderate motivation and a sense of agency.
VAD_Estimate: [V: +0.76, A: +0.48, D: +0.35]
EMOTION: joyful",[0.76 0.48 0.35],0.0,False,True
"I was at the store the other day and some old man offered to pay for my drink! He said he didn't want anything in return, he was feeling generous!",joyful,"Customer :Wow. I wish something like that would happen to me. That is so cool.
Agent :",surprised,surprised,joyful,"REASONING: A stranger’s unexpected generosity creates a warm, positive experience with moderate excitement and a sense of uplifted control, matching happiness rather than fear, sadness, or surprise.
VAD_Estimate: [V: +0.70, A: +0.50, D: +0.30]
EMOTION: joyful",[0.7 0.5 0.3],0.08062257748298553,False,True
I went to the Grand Canyon for the first time during winter. It was breathtaking.,joyful,"Customer :My dad and uncle actually went camping down there. You go with a guide and you set up camp in a few different places.
Agent :",surprised,surprised,joyful,"REASONING: The Grand Canyon is described as “breathtaking,” indicating a clearly positive, awe-inspiring experience with high pleasure and elevated arousal from the stunning scenery. There is no threat, sadness, or confusion, so the closest benchmark emotion is joy.
VAD_Estimate: [V: +0.80, A: +0.55, D: +0.25]
EMOTION: joyful",[0.8  0.55 0.25],0.12845232578665133,False,True
I cant believe game of thrones is ending.,sad,"Customer :I hate that game of thrones is ending.
Agent :",surprised,surprised,sad,"REASONING: The end of a beloved show is a loss, creating a negative and somewhat helpless feeling. “Can’t believe” adds mild disbelief, but the primary tone is wistful sadness rather than high-arousal surprise or anger.
VAD_Estimate: [V: -0.55, A: -0.20, D: -0.35]
EMOTION: sad",[-0.55 -0.2  -0.35],0.10816653826391964,False,True
"My daughter started kindergarten today.  I know we aren't supposed to cry, but I could not help it.",sad,"Customer :She did, and I know we aren't supposed to cry when they walk down that hall toward the classroom all by themselves, but I could not help it.
Agent :",joyful,joyful,sad,"REASONING: The situation is bittersweet but leans toward sadness—the parent is crying because their daughter is growing up and a phase is ending. The tears feel uncontrollable and passive, indicating low dominance and negative valence, with low-to-moderate arousal.
VAD_Estimate: [V: -0.55, A: -0.20, D: -0.35]
EMOTION: sad",[-0.55 -0.2  -0.35],0.10816653826391964,False,True
Gotta admit it hurt a lot to find out that my ex had moved on so quickly.  But looking back it probably wasn't meant to be...and now I'm living my best life really,sad,"Customer :At first it hurt a lot to find out that my ex had moved on so quickly. But looking back it probably wasn't meant to be...and now I'm living my best life
Agent :",joyful,joyful,sad,"REASONING: The speaker explicitly describes feeling hurt when discovering their ex moved on, indicating emotional pain and sadness during that event. Later positive reflection is not the target emotion due to temporal anchoring, so the dominant felt emotion is sadness with low energy and low control.
VAD_Estimate: [V: -0.65, A: -0.25, D: -0.35]
EMOTION: sad",[-0.65 -0.25 -0.35],0.034641016151377546,False,True
"My daughter started kindergarten today.  I know we aren't supposed to cry, but I could not help it.",sad,"Customer :Oh wow! That is great. Did she have a good day?
Agent :",joyful,joyful,sad,"REASONING: The speaker is crying during a milestone moment, which signals a bittersweet sense of separation and loss rather than pure elation; the uncontrollable tears indicate vulnerability and low dominance, with mildly negative felt valence.  
VAD_Estimate: [V: -0.45, A: -0.20, D: -0.45]  
EMOTION: sad",[-0.45 -0.2  -0.45],0.22737634001804144,False,True
"My daughter started kindergarten today.  I know we aren't supposed to cry, but I could not help it.",sad,"Customer :My daughter started kindergarten today.
Agent :",joyful,joyful,sad,"REASONING: The parent describes a positive milestone but is overwhelmed by tears, suggesting melancholy and emotional vulnerability rather than pure excitement. The inability to stop crying points to low dominance and a bittersweet, sad valence.
VAD_Estimate: [V: -0.45, A: -0.10, D: -0.40]
EMOTION: sad",[-0.45 -0.1  -0.4 ],0.25729360660537215,False,True
I think my friend stole some money from me. I don't know what to do.,sad,"Customer :It was nice until everyone left and Some money was missing from my bedroom.
Agent :",angry,angry,sad,"REASONING: The situation involves suspected betrayal and loss of money, which is clearly negative. The speaker expresses helplessness and indecision (“I don’t know what to do”), indicating low energy and low control rather than active anger or panic.
VAD_Estimate: [V: -0.60, A: -0.25, D: -0.45]
EMOTION: sad",[-0.6  -0.25 -0.45],0.12529964086141668,False,True
I used to be miserable when no one would text me and I'd spend the weekend solo at my parents' house...now I've got to turn off my phone just to get away from it all,sad,"Customer :I used to be miserable when no one would hit me up and I'd spend the weekend solo at my parents' house...now I turn off my phone just to keep from getting distracted
Agent :",joyful,joyful,sad,"REASONING: The speaker explicitly describes the past weekends as “miserable” due to loneliness and social isolation, which points to sadness. Even though life has since changed, the emotion felt during that described period is low-energy dejection with low control.
VAD_Estimate: [V: -0.65, A: -0.30, D: -0.35]
EMOTION: sad",[-0.65 -0.3  -0.35],0.041231056256176575,False,True
Gotta admit it hurt a lot to find out that my ex had moved on so quickly.  But looking back it probably wasn't meant to be...and now I'm living my best life really,sad,"Customer :I am sorry it didn't work out. But happy to hear you are happy now.
Agent :",joyful,joyful,sad,"REASONING: The core event is learning that an ex moved on quickly, which caused emotional pain and loss; although the speaker now feels better, the emotion felt during that discovery was sadness and hurt, with low energy and low control.
VAD_Estimate: [V: -0.60, A: -0.25, D: -0.35]
EMOTION: sad",[-0.6  -0.25 -0.35],0.04123105625617662,False,True
I had to take my dog to the vet today.,sad,"Customer :Hopefully he is ok, did they find anything wrong?
Agent :",afraid,afraid,sad,"REASONING: The phrase “had to” suggests an unpleasant obligation with low control, and a vet visit often carries concern or mild sadness. Valence is negative, arousal is low, and dominance is low due to the forced nature of the situation.
VAD_Estimate: [V: -0.45, A: -0.25, D: -0.35]
EMOTION: sad",[-0.45 -0.25 -0.35],0.18220867158288595,False,True
Gotta admit it hurt a lot to find out that my ex had moved on so quickly.  But looking back it probably wasn't meant to be...and now I'm living my best life really,sad,"Customer :I'm the best I've ever been actually...fully self-employed, eating well, in the company of great friends...it's like life's starting to cut me some slack
Agent :",joyful,joyful,sad,"REASONING: The key emotion is felt at the moment of learning the ex moved on quickly, which is painful and associated with romantic loss and rejection. The later positive reflection is current, not the emotion during the event. This maps to low mood, low energy, and low control → sad.
VAD_Estimate: [V: -0.65, A: -0.25, D: -0.35]
EMOTION: sad",[-0.65 -0.25 -0.35],0.034641016151377546,False,True
I used to be miserable when no one would text me and I'd spend the weekend solo at my parents' house...now I've got to turn off my phone just to get away from it all,sad,"Customer :That sounds sad.  What are you getting distracted from?
Agent :",joyful,joyful,sad,"REASONING: The explicit emotion word “miserable” anchors the feeling to past loneliness and social isolation, which is characterized by unpleasantness, low energy, and helplessness rather than anger or fear.  
VAD_Estimate: [V: -0.65, A: -0.30, D: -0.35]  
EMOTION: sad",[-0.65 -0.3  -0.35],0.041231056256176575,False,True
I think my friend stole some money from me. I don't know what to do.,sad,"Customer :Ugh, that's terrible.  I hope you found the money!
Agent :",angry,angry,sad,"REASONING: The situation involves suspected betrayal and loss, producing negative, unpleasant feelings. The speaker’s “I don’t know what to do” signals helplessness and low energy rather than high-arousal panic or confrontational anger.
VAD_Estimate: [V: -0.65, A: -0.20, D: -0.45]
EMOTION: sad",[-0.65 -0.2  -0.45],0.14035668847618202,False,True
"When my father went into hospital, after he fell down the stairs, we had no idea he had cancer.",sad,"Customer :It was my father who was sick. He passed not too long ago.
Agent :",surprised,surprised,sad,"REASONING: The situation involves a father’s serious injury and hidden cancer, which is deeply negative and evokes helpless sorrow and grief rather than anger or self-focused fear. The emphasis on “had no idea” adds shock, but the dominant emotional tone is low-energy devastation.
VAD_Estimate: [V: -0.70, A: -0.25, D: -0.40]
EMOTION: sad",[-0.7  -0.25 -0.4 ],0.10099504938362075,False,True
I am upset that I have been used for so long. After you get out of a situation you realize how bad it was.,sad,"Customer :I am upset that I have been used for so long. 
Agent :",angry,angry,sad,"REASONING: The speaker reflects on being used and then realizing how bad it was, producing passive, painful rumination and a sense of vulnerability rather than active confrontation. This aligns with low-energy negative affect and low dominance.
VAD_Estimate: [V: -0.65, A: -0.25, D: -0.40]
EMOTION: sad",[-0.65 -0.25 -0.4 ],0.07549834435270751,False,True
I cant believe I didnt get that job I thought I nailed the interview,surprised,"Customer :Wow...I am really sorry, friend. Any other interviews lined up?
Agent :",sad,sad,surprised,"REASONING: The negative outcome (“didn’t get that job”) is unexpected after strong prior confidence, creating disbelief and surprise rather than blame or low-energy sadness. Valence is negative, arousal is elevated, and dominance is low because the outcome feels uncontrollable.
VAD_Estimate: [V: -0.30, A: +0.60, D: -0.25]
EMOTION: surprised",[-0.3   0.6  -0.25],0.3306055050963308,False,True
"I remember when I turned 30 years old that my wife had planned a surprise birthday party for me.  I remember that she had gone ahead to a restaurant to meet me since I was at work.  I headed there right after work to a private room (unbeknownst to me).  Everyone yelled ""Surprise,"" and I was taken back!  I couldn't believe it.  What a great day!",surprised,"Customer :That sounds like a lot of fun! Did you have a great time?
Agent :",joyful,joyful,surprised,"REASONING: The event is positive and joyful in tone, but the speaker’s immediate reaction is dominated by disbelief and being taken aback (""couldn't believe it""), with no explicit ""happy"" or ""excited"" label. This indicates high-arousal positive surprise rather than sustained joy.
VAD_Estimate: [V: +0.40, A: +0.70, D: -0.10]
EMOTION: surprised",[ 0.4  0.7 -0.1],0.40224370722237535,False,True
My dad just gave me his carbon fiber road bike since he got a new one!  I never expected he would give it to me because I know its worth a lot!,surprised,"Customer :My dad just gave me his carbon fiber road bike since he got a new one! I never expected he would give it to me because I know its worth a lot!
Agent :",joyful,joyful,surprised,"REASONING: The situation is positive and exciting, but the speaker emphasizes “never expected” and the gift’s high value, making surprise/disbelief the dominant reaction rather than sustained joy. Valence is positive, arousal is high, and dominance is slightly low due to the unexpectedness.
VAD_Estimate: [V: +0.50, A: +0.70, D: -0.10]
EMOTION: surprised",[ 0.5  0.7 -0.1],0.5017967716117752,False,True
Once my wife surprised me with a cruise vacation to the Caribbean. I had no idea she was going to do that. We had a great time!,surprised,"Customer :My wife surprised me once with a cruise to the Caribbean. I had no idea she was going to give that to me.
Agent :",joyful,joyful,surprised,"REASONING: The explicit emotion word “surprised” and “I had no idea” indicate unexpectedness and high arousal. The event is positive, but the dominant reaction is surprise rather than sustained joy, so valence is mildly positive with lower dominance/control.
VAD_Estimate: [V: +0.40, A: +0.70, D: -0.10]
EMOTION: surprised",[ 0.4  0.7 -0.1],0.40224370722237535,False,True
"I remember when I turned 30 years old that my wife had planned a surprise birthday party for me.  I remember that she had gone ahead to a restaurant to meet me since I was at work.  I headed there right after work to a private room (unbeknownst to me).  Everyone yelled ""Surprise,"" and I was taken back!  I couldn't believe it.  What a great day!",surprised,"Customer :When I turned 30 years old, my wife shocked me with a surprise birthday party!
Agent :",joyful,joyful,surprised,"REASONING: The event is highly positive and exciting, but the speaker explicitly emphasizes disbelief and being “taken back” at the unexpected party rather than naming sustained joy. This fits high-arousal surprise with positive-leaning valence and slightly reduced control.
VAD_Estimate: [V: +0.45, A: +0.70, D: -0.10]
EMOTION: surprised",[ 0.45  0.7  -0.1 ],0.45199557519958095,False,True
I can't believe my daughter learned to play the ukelele all on her own,surprised,"Customer :She learned all by herself too. I am not talented like that
Agent :",joyful,joyful,surprised,"REASONING: The event is positive, but the speaker emphasizes disbelief (“I can’t believe”), indicating high-arousal surprise more than sustained joy. Valence is mildly positive, arousal is high, and dominance is slightly lowered due to the unexpected nature.
VAD_Estimate: [V: +0.30, A: +0.70, D: -0.10]
EMOTION: surprised",[ 0.3  0.7 -0.1],0.3029851481508623,False,True
I opened my front door and there was an unexpected package... it was a birthday gift from my mom that I was not expecting!,surprised,"Customer :I bet that was a nice feeling
Agent :",joyful,joyful,surprised,"REASONING: The unexpected birthday gift is a pleasant event, but the emphasis is on surprise and disbelief rather than sustained joy or excitement. This produces high arousal, mild positive valence, and lowered control due to unexpectedness.
VAD_Estimate: [V: +0.35, A: +0.70, D: -0.10]
EMOTION: surprised",[ 0.35  0.7  -0.1 ],0.35256205127608387,False,True
I got a really high score on my last exam despite not studying enough.,surprised,"Customer :It mean that you are smart.
Agent :",joyful,joyful,surprised,"REASONING: The high score is positive, but the “despite not studying enough” makes it unexpected and hard to believe, creating high-arousal surprise rather than confident joy.
VAD_Estimate: [V: +0.40, A: +0.65, D: -0.20]
EMOTION: surprised",[ 0.4   0.65 -0.2 ],0.4065710270051225,False,True
I opened my front door and there was an unexpected package... it was a birthday gift from my mom that I was not expecting!,surprised,"Customer :Yes it made me so happy
Agent :",joyful,joyful,surprised,"REASONING: The gift is positive and unexpected, creating high arousal and a sense of pleasant surprise rather than sustained joy. The emphasis on “not expecting” points to surprise as the dominant emotion.
VAD_Estimate: [V: +0.40, A: +0.70, D: -0.10]
EMOTION: surprised",[ 0.4  0.7 -0.1],0.40224370722237535,False,True
I got a raise lately and I wasn't expecting one this big!,surprised,"Customer :That is awesome, did you ask your boss for one or was it unexpected? 
Agent :",joyful,joyful,surprised,"REASONING: The raise is positive, but the key is ""wasn't expecting one this big,"" indicating a high-arousal reaction to unexpectedness rather than sustained joy. Valence is positive, arousal high, and control is somewhat low due to the surprise.
VAD_Estimate: [V: +0.45, A: +0.65, D: -0.10]
EMOTION: surprised",[ 0.45  0.65 -0.1 ],0.4514421336118285,False,True
I never thought I'd be able to squat over 300lbs again after my ankle surgery....but after healing I shocked myself by repping 315 ten times and now I do it on the regular.,surprised,"Customer :Oh wow, that's amazing! I workout as well.
Agent :",joyful,joyful,surprised,"REASONING: The event is a positive physical achievement, but the speaker explicitly says he “shocked” himself with an unexpected result, making surprise the dominant emotion rather than sustained joy. High arousal from the unexpected accomplishment, with slightly positive/mixed valence and mild uncertainty.

VAD_Estimate: [V: +0.40, A: +0.70, D: -0.10]
EMOTION: surprised",[ 0.4  0.7 -0.1],0.40224370722237535,False,True
"On my 29th birthday, my boyfriend surprised me with an impromptu trip to California!",surprised,"Customer :Same here! It was a wonderful idea, and very impromptu!
Agent :",joyful,joyful,surprised,"REASONING: The explicit word ""surprised"" anchors the emotion, indicating a sudden high-arousal reaction; the positive context raises valence, but control remains uncertain, matching the surprise prototype.
VAD_Estimate: [V: +0.40, A: +0.70, D: -0.10]
EMOTION: surprised",[ 0.4  0.7 -0.1],0.40224370722237535,False,True
I was really amazed to see my kid snowboarding so well during last winters ! Must say he's a quick learner.,surprised,"Customer :That is pretty great! I am actually still a beginner with snowboarding.
Agent :",joyful,joyful,surprised,"REASONING: The speaker explicitly says “amazed,” indicating a high-arousal surprise response. The event is positive, but the dominant reaction is wonder/disbelief rather than sustained joy, so valence is mildly positive with low perceived control from being unexpectedly impressed.
VAD_Estimate: [V: +0.30, A: +0.70, D: -0.10]
EMOTION: surprised",[ 0.3  0.7 -0.1],0.3029851481508623,False,True
Came home to absolutely no one. I wonder where they all went.,surprised,"Customer :maybe they went to see a movie?
Agent :",sad,sad,surprised,"REASONING: The empty house is unexpected and prompts confusion/curiosity rather than threat, blame, or grief; valence is mildly negative, arousal is moderately heightened by surprise, and control is low due to uncertainty.
VAD_Estimate: [V: -0.20, A: +0.55, D: -0.30]
EMOTION: surprised",[-0.2   0.55 -0.3 ],0.28861739379323625,False,True
My boyfriend surprised me with a birthday trip,surprised,"Customer :Where are you guys going?
Agent :",joyful,joyful,surprised,"REASONING: The word “surprised” signals an unexpected positive event; the trip is pleasant but the dominant immediate reaction is startled delight, not sustained joy. Valence is mildly positive, arousal is high, and control is lowered by the unexpectedness.
VAD_Estimate: [V: +0.40, A: +0.70, D: -0.10]
EMOTION: surprised",[ 0.4  0.7 -0.1],0.40224370722237535,False,True
I cant believe Game of Thrones is almost over,surprised,"Customer :I know how you feel. I've had shows that I've loved that have ended and it's like losing a best friend.  I'm sorry it's ending.
Agent :",sad,sad,surprised,"REASONING: The speaker expresses disbelief that the show is ending, which signals surprise and mild uncertainty rather than sustained joy or sadness. Valence is mixed/neutral, arousal is elevated, and dominance is lowered by the unexpectedness.
VAD_Estimate: [V: 0.00, A: +0.65, D: -0.15]
EMOTION: surprised",[ 0.    0.65 -0.15],0.02828427124746191,False,True
"I received a bonus from work the other day. I actually couldn't believe it, but it felt nice to be appreciated!",surprised,"Customer :Congrats! That is a good feeling.
Agent :",joyful,joyful,surprised,"REASONING: The situation is positive, but the speaker emphasizes disbelief (“couldn't believe it”) rather than sustained excitement or happiness, indicating high-arousal surprise with a pleasant tone. Valence is mildly positive, arousal is high, and control is lowered by the unexpectedness.

VAD_Estimate: [V: +0.40, A: +0.70, D: -0.10]

EMOTION: surprised",[ 0.4  0.7 -0.1],0.40224370722237535,False,True
"This weekend i played in a tournament, i lost and wasnt expecting too.",surprised,"Customer :it was a cornhole tournament, i practiced all week for it
Agent :",sad,sad,surprised,"REASONING: Losing the tournament is unpleasant (negative valence), but the key phrase “wasn’t expecting” signals unexpectedness, which raises arousal and lowers perceived control more than pure sadness or anger would.
VAD_Estimate: [V: -0.35, A: +0.60, D: -0.30]
EMOTION: surprised",[-0.35  0.6  -0.3 ],0.3953479480154159,False,True
I recently was selected to go to a pretty awesome conference out of town to represent my company.  I was one of only 3 people selected and I did not expect it to happen.,surprised,"Customer :That is great.  It will probably be good to get out of town for a bit too.
Agent :",joyful,joyful,surprised,"REASONING: The selection is clearly positive and an honor, but the speaker emphasizes that it was unexpected. The dominant reaction is high-arousal disbelief/pleasant shock rather than sustained joy, with mildly positive valence and slightly reduced control due to surprise.
VAD_Estimate: [V: +0.40, A: +0.70, D: -0.10]
EMOTION: surprised",[ 0.4  0.7 -0.1],0.40224370722237535,False,True
My long distance girlfriend surprised me when she flew in to visit me this past weekend,surprised,"Customer :Aww, that is so sweet! I'm sure you were very happy
Agent :",joyful,joyful,surprised,"REASONING: The visit is positive and unexpected, and the speaker explicitly describes being surprised. This produces moderately positive valence, high arousal from the sudden event, and slightly lower dominance from being caught off guard.

VAD_Estimate: [V: +0.40, A: +0.70, D: -0.10]
EMOTION: surprised",[ 0.4  0.7 -0.1],0.40224370722237535,False,True
My long distance girlfriend surprised me when she flew in to visit me this past weekend,surprised,"Customer :My long distance girlfriend surprised me when she flew in to visit me this past weekend
Agent :",joyful,joyful,surprised,"REASONING: The speaker explicitly uses “surprised,” and although the visit is a positive event, the dominant in-the-moment reaction is pleasant disbelief and high arousal from the unexpected arrival, not sustained joy.
VAD_Estimate: [V: +0.40, A: +0.70, D: -0.15]
EMOTION: surprised",[ 0.4   0.7  -0.15],0.4016217125604641,False,True
I was pleasantly shocked when my boyfriend came home with a puppy and flowers for me one time. It was very touching and a great present.,surprised,"Customer :That is so sweet. I want a puppy. and a boyfriend.
Agent :",joyful,joyful,surprised,"REASONING: The speaker explicitly says “shocked,” which anchors the emotion as surprise; the event is positive and touching, but the dominant reaction is pleasant disbelief rather than sustained joy. This yields positive valence, high arousal, and slightly lowered control from the unexpectedness.
VAD_Estimate: [V: +0.35, A: +0.70, D: -0.10]
EMOTION: surprised",[ 0.35  0.7  -0.1 ],0.35256205127608387,False,True
I put on a pair of shorts I havent worn in a while and I found $20. That never happens to me.,surprised,"Customer :Lucky! I love when that happens! 
Agent :",joyful,joyful,surprised,"REASONING: Finding money unexpectedly is a positive event, but the emphasis on “That never happens” signals disbelief and surprise rather than sustained joy. Valence is pleasant, arousal is elevated, and control is slightly low due to the unexpected nature.
VAD_Estimate: [V: +0.45, A: +0.60, D: -0.10]
EMOTION: surprised",[ 0.45  0.6  -0.1 ],0.45639894828976113,False,True
I went to register my daughter for school today and the place was empty!,surprised,"Customer :I went to register my youngest daughter for school today.
Agent :",joyful,joyful,surprised,"REASONING: The situation is unexpected—the school registration place being empty—which creates high-arousal surprise. The valence is mildly positive because an empty venue could make the task easier, but the dominant reaction is disbelief rather than sustained joy.
VAD_Estimate: [V: +0.20, A: +0.65, D: -0.15]
EMOTION: surprised",[ 0.2   0.65 -0.15],0.20199009876724155,False,True
When I got a new dog. My mom brought him home to me randomly.,surprised,"Customer :What breed is it?
Agent :",joyful,joyful,surprised,"REASONING: The event is positive because receiving a new dog is exciting, but the word “randomly” makes unexpectedness the dominant reaction, with high arousal and low control over the surprise.
VAD_Estimate: [V: +0.45, A: +0.65, D: -0.10]
EMOTION: surprised",[ 0.45  0.65 -0.1 ],0.4514421336118285,False,True
Wonder woman is an awesome movie. I can't believe I am just now seeing it.,surprised,"Customer :Oh I see! I guess I should watch it as well! I never seen it yet.
Agent :",joyful,joyful,surprised,"REASONING: The speaker is clearly positive about the movie, but the key reaction is disbelief at not having seen it sooner, which is unexpectedness and amazement rather than sustained joy or excitement.
VAD_Estimate: [V: +0.45, A: +0.65, D: -0.10]
EMOTION: surprised",[ 0.45  0.65 -0.1 ],0.4514421336118285,False,True
It's always a shock finding dried poop hidden away in my apartment. My dog is so sneaky!!!,surprised,"Customer :how big is he?
Agent :",disgusted,disgusted,surprised,"REASONING: The speaker explicitly says “shock,” which signals surprise as the dominant emotion. Finding hidden dried poop is unpleasant and mildly disgusting, but the emphasis is on the unexpected discovery and the dog’s sneaky behavior, not on sustained revulsion or anger. Thus negative-to-neutral valence, high arousal, and low control.
VAD_Estimate: [V: -0.20, A: +0.65, D: -0.20]
EMOTION: surprised",[-0.2   0.65 -0.2 ],0.21283796653792764,False,True
My boyfriend surprised me with a birthday trip,surprised,"Customer :My boyfriend surprised me with a birthday trip
Agent :",joyful,joyful,surprised,"REASONING: The speaker explicitly says “surprised,” signaling unexpectedness and high arousal. The birthday trip is a positive event, but the dominant emotion is surprise rather than sustained joy.
VAD_Estimate: [V: +0.40, A: +0.70, D: -0.10]
EMOTION: surprised",[ 0.4  0.7 -0.1],0.40224370722237535,False,True
"One time in high school, I received an award unexpectedly. It was for the work I did on the school year book.",surprised,"Customer :Once when I was in high school, I unexpectedly received an award. It was for the work I did for the school year book.
Agent :",joyful,joyful,surprised,"REASONING: Receiving an award unexpectedly is a positive event, but the text emphasizes the surprise of the recognition rather than an explicit feeling of joy or excitement. Arousal is moderately high due to unexpectedness, with slightly low dominance from being caught off guard.
VAD_Estimate: [V: +0.40, A: +0.70, D: -0.10]
EMOTION: surprised",[ 0.4  0.7 -0.1],0.40224370722237535,False,True
It was my 30th birthday. My entire family surprised me with a cruise to Mexico with my sister.,surprised,"Customer :I couldn't believe how thoughtful it was!
Agent :",joyful,joyful,surprised,"REASONING: The speaker explicitly says ""surprised,"" and although the event is positive and joyful, there is no explicit word like ""happy"" or ""excited"" to override the surprise label. The experience is unexpected and arousing, with mild uncertainty/positive disbelief.
VAD_Estimate: [V: +0.40, A: +0.70, D: -0.10]
EMOTION: surprised",[ 0.4  0.7 -0.1],0.40224370722237535,False,True
My mom and her siblings just sold my grandparents farm. With the money my mom got she decided to take our whole family on a cruise for Spring Break. I couldn,surprised,"Customer :I think my sister and I are going to get her a massage and flowers while we are on the cruise. We have never been before.
Agent :",joyful,joyful,surprised,"REASONING: The cruise is positive and unexpected, and the truncated “I couldn’t” suggests disbelief rather than an explicit happiness label. This creates positive valence, high arousal, and a reduced sense of control consistent with surprise.
VAD_Estimate: [V: +0.40, A: +0.70, D: -0.10]
EMOTION: surprised",[ 0.4  0.7 -0.1],0.40224370722237535,False,True
"I received a bonus from work the other day. I actually couldn't believe it, but it felt nice to be appreciated!",surprised,"Customer :I've been working there only 3 months, but they recognized my performance that early. It feels awesome to be appreciated
Agent :",joyful,joyful,surprised,"REASONING: The event is positive and pleasant, but “couldn't believe it” signals unexpectedness and momentary disbelief rather than sustained excitement; arousal is high, valence is mildly positive, and control is lowered by surprise.
VAD_Estimate: [V: +0.45, A: +0.70, D: -0.10]
EMOTION: surprised",[ 0.45  0.7  -0.1 ],0.45199557519958095,False,True
My son just said his first words this weekend.  They just came out of nowhere.,surprised,"Customer :My son just said his first words this weekend.  They just came out of nowhere.
Agent :",joyful,joyful,surprised,"REASONING: The event is positive and delightful, but the phrasing “came out of nowhere” emphasizes unexpectedness and high arousal rather than sustained joy. This fits the surprise prototype: positive-leaning valence, high arousal, and slightly reduced control.
VAD_Estimate: [V: +0.40, A: +0.70, D: -0.10]
EMOTION: surprised",[ 0.4  0.7 -0.1],0.40224370722237535,False,True
I put on a pair of shorts I havent worn in a while and I found $20. That never happens to me.,surprised,"Customer :I put on a pair of shorts I havent worn in a while and I found $20. That never happens to me.
Agent :",joyful,joyful,surprised,"REASONING: Finding money unexpectedly is a positive event, but the phrase ""That never happens to me"" emphasizes surprise and disbelief rather than sustained excitement or joy. High positive arousal with a slight sense of uncertainty.
VAD_Estimate: [V: +0.45, A: +0.65, D: -0.15]
EMOTION: surprised",[ 0.45  0.65 -0.15],0.4508880127038199,False,True
Today I learned I was been given a raise.  I wasn't expecting it at this time of the year.,surprised,"Customer :Today I learned I was given a raise.  It was out of the blue, I was not expecting it.
Agent :",joyful,joyful,surprised,"REASONING: The raise is positive but unexpected, producing high arousal and a sense of pleasant surprise with low control over the timing.
VAD_Estimate: [V: +0.40, A: +0.70, D: -0.10]
EMOTION: surprised",[ 0.4  0.7 -0.1],0.40224370722237535,False,True
I can't believe I am finally going on a real date after 2 years,surprised,"Customer :Well its a guy I met through friends. I have been single for 2 years. I think my kids wanted me to get out of the house more than I did myself
Agent :",joyful,joyful,surprised,"REASONING: The phrase “I can’t believe” signals surprise and disbelief, even though the event is positive. The arousal is high, valence is positive but mixed with uncertainty, and control is slightly low due to the unexpectedness.
VAD_Estimate: [V: +0.40, A: +0.70, D: -0.10]
EMOTION: surprised",[ 0.4  0.7 -0.1],0.40224370722237535,False,True
My parents just bought me a new car for my birthday. I couldn't believe it. I woke up and looked outside and there was a car with a big bow on it.,surprised,"Customer :You must be so happy! What kind of car?
Agent :",joyful,joyful,surprised,"REASONING: The speaker expresses disbelief at an unexpected, positive gift, with high arousal from the startling sight but no explicit joy word, so the dominant emotion is surprise rather than sustained happiness.  
VAD_Estimate: [V: +0.40, A: +0.70, D: -0.10]  
EMOTION: surprised",[ 0.4  0.7 -0.1],0.40224370722237535,False,True
My mom brought me my favorite salad and cheesecake yesterday. I didn't know she had them! I don't usually get gifts like that so it was nice!,surprised,"Customer :That sounds delicious! How nice of her!
Agent :",joyful,joyful,surprised,"REASONING: The event is positive and thoughtful, but the speaker’s main reaction is pleasant disbelief at the unexpected gift, not overt excitement or prolonged joy. This gives moderately positive valence, elevated arousal from surprise, and slightly low dominance due to the unexpectedness.
VAD_Estimate: [V: +0.50, A: +0.60, D: -0.10]
EMOTION: surprised",[ 0.5  0.6 -0.1],0.5057667446560717,False,True
I got a package randomly in the mail today. IT turned out to be a late birthday gift!,surprised,"Customer :Yes I love unexpected gifts. It was a cute coffe mug
Agent :",joyful,joyful,surprised,"REASONING: The situation is positive, but the emphasis on “randomly” and “turned out” highlights unexpectedness and surprise rather than sustained excitement or joy. High arousal with mildly positive valence and low control fits the surprise prototype.
VAD_Estimate: [V: +0.40, A: +0.65, D: -0.10]
EMOTION: surprised",[ 0.4   0.65 -0.1 ],0.4016217125604641,False,True
"Today I came home, got my mail, and there was a check for 100 $ in it.",surprised,"Customer :Today I came home and got my mail.. and I got a check for 100$
Agent :",joyful,joyful,surprised,"REASONING: Receiving an unexpected check is pleasant, but the dominant reaction is the sudden discovery. Valence is mildly positive, arousal is high from the surprise, and dominance is slightly low because the event was unexpected and not controlled by the speaker.
VAD_Estimate: [V: +0.40, A: +0.60, D: -0.10]
EMOTION: surprised",[ 0.4  0.6 -0.1],0.4071854614300467,False,True
I can't believe there are so any good shows on television,surprised,"Customer :Tv has gotten so good in the past few years
Agent :",joyful,joyful,surprised,"REASONING: The speaker expresses pleasant disbelief and amazement at the abundance of good shows, indicating positive valence, high arousal, and low dominance from the unexpectedness.
VAD_Estimate: [V: +0.45, A: +0.65, D: -0.15]
EMOTION: surprised",[ 0.45  0.65 -0.15],0.4508880127038199,False,True
I can't believe it took no time to get my kids back on school time. Everyone has been in bed for an hour,surprised,"Customer :I can't wait until my daughter is old enough to go to school lol 
Agent :",joyful,joyful,surprised,"REASONING: The speaker is pleasantly surprised that the bedtime transition was effortless, with “I can’t believe” signaling unexpectedness and mild startle. Valence is positive but not strongly celebratory, arousal is elevated due to surprise, and dominance is slightly lowered by the unexpected ease.
VAD_Estimate: [V: +0.30, A: +0.60, D: -0.15]
EMOTION: surprised",[ 0.3   0.6  -0.15],0.30870698080866266,False,True
I was pleasantly shocked when my boyfriend came home with a puppy and flowers for me one time. It was very touching and a great present.,surprised,"Customer :I was at home waiting patiently because my boyfriend said he had gotten something for  me. He came home with a small puppy and a bouquet of flowers and I was not expecting that!
Agent :",joyful,joyful,surprised,"REASONING: The explicit phrase “pleasantly shocked” signals high-arousal surprise, but with a positive valence because the gift is touching and welcome. The unexpectedness reduces felt control, so dominance is slightly negative.
VAD_Estimate: [V: +0.40, A: +0.70, D: -0.10]
EMOTION: surprised",[ 0.4  0.7 -0.1],0.40224370722237535,False,True
I got a raise lately and I wasn't expecting one this big!,surprised,"Customer :It was unexpected, so it was even better!
Agent :",joyful,joyful,surprised,"REASONING: The raise is clearly positive, but the phrase ""wasn't expecting one this big"" emphasizes unexpectedness and high-arousal disbelief rather than sustained joy. The speaker lacks control over the surprise, so the closest prototype is surprised.

VAD_Estimate: [V: +0.45, A: +0.70, D: -0.10]
EMOTION: surprised",[ 0.45  0.7  -0.1 ],0.45199557519958095,False,True
"My family threw me a surprise party this year for my birthday. I had no idea they were planning it, and even some of my relatives living overseas came to visit.",surprised,"Customer :My family threw me an awesome surprise party for my birthday this year!
Agent :",joyful,joyful,surprised,"REASONING: The situation is positive and joyful in context, but the speaker emphasizes unexpectedness (“surprise party,” “had no idea”), so the dominant immediate reaction is high-arousal surprise rather than sustained joy. Valence is mildly positive, arousal is high, and dominance is lowered by the sudden loss of predictability.

VAD_Estimate: [V: +0.35, A: +0.70, D: -0.15]
EMOTION: surprised",[ 0.35  0.7  -0.15],0.3518522417151836,False,True
I found a gift card I forgot I had in a drawer,surprised,"Customer :I love that when that happens! What is it for?
Agent :",joyful,joyful,surprised,"REASONING: Finding a forgotten gift card is pleasant, but the main reaction is unexpected discovery and high arousal rather than sustained joy. Valence is mildly positive, arousal is high, and dominance is lowered by the startled, uncertain feeling of surprise.
VAD_Estimate: [V: +0.30, A: +0.65, D: -0.10]
EMOTION: surprised",[ 0.3   0.65 -0.1 ],0.3021588985947625,False,True
I tried tea for the first time and it tasted much better than I expected.,surprised,"Customer :Just regular green tea. It was iced and not hot though, since it's the summer
Agent :",joyful,joyful,surprised,"REASONING: The phrase ""much better than I expected"" signals a positive but unexpected outcome, making pleasant surprise the core reaction rather than sustained joy. Valence is moderately positive, arousal is elevated due to the surprise, and dominance is slightly low because the outcome was outside expectation/control.
VAD_Estimate: [V: +0.40, A: +0.60, D: -0.10]
EMOTION: surprised",[ 0.4  0.6 -0.1],0.4071854614300467,False,True
My friend bought us tickets to my favorite band this weekend. He didnt even tell me. I thought it was sold out.,surprised,"Customer :Its my birthday too. I didnt think I would be able to go. 
Agent :",joyful,joyful,surprised,"REASONING: The situation is positive but the emphasis is on the unexpectedness—the friend bought tickets secretly, and the speaker thought it was sold out. Valence is mildly positive, arousal is high from the surprise, and dominance is slightly lower because the event was unforeseen.
VAD_Estimate: [V: +0.35, A: +0.70, D: -0.10]
EMOTION: surprised",[ 0.35  0.7  -0.1 ],0.35256205127608387,False,True
Yesterday was sure shocking to watch on C-SPAN. I never thought that Strzok's dramatic show would show the true evil during the testimony before Congress,surprised,"Customer :Wooow that must really be interesting 
Agent :",disgusted,disgusted,surprised,"REASONING: The speaker explicitly says “shocking,” indicating the dominant reaction is surprise and disbelief at the unexpected testimony. The content is negative (“true evil”), so valence is slightly negative, with high arousal and low control from being caught off guard.
VAD_Estimate: [V: -0.35, A: +0.65, D: -0.20]
EMOTION: surprised",[-0.35  0.65 -0.2 ],0.3574912586343895,False,True
I can't believe my friend didnt invite me to her sons birthday. I wonder if she is mad,surprised,"Customer :That must make you feel bad. Being left out by someone you do not expect to, is the worst
Agent :",sad,sad,surprised,"REASONING: The speaker expresses disbelief at being excluded, with a negative but not intensely despairing tone, and uncertainty about the friend’s feelings. This suggests moderate displeasure, heightened arousal from the unexpected snub, and low control due to worry about the relationship.
VAD_Estimate: [V: -0.30, A: +0.55, D: -0.20]
EMOTION: surprised",[-0.3   0.55 -0.2 ],0.3306055050963308,False,True
My friends threw me a surprise party for my birthday last year!,surprised,"Customer :Awesome! were you surprised?
Agent :",joyful,joyful,surprised,"REASONING: The event is positive and unexpected, causing high arousal and a brief feeling of being caught off guard. The word “surprise” marks the dominant reaction as surprise rather than sustained joy.
VAD_Estimate: [V: +0.40, A: +0.70, D: -0.10]
EMOTION: surprised",[ 0.4  0.7 -0.1],0.40224370722237535,False,True
I cant believe I didnt get that job I thought I nailed the interview,surprised,"Customer :Nice! Did you get the job?
Agent :",sad,sad,surprised,"REASONING: The speaker emphasizes disbelief over the unexpected negative outcome, indicating shock and high arousal rather than sustained sadness or anger. Valence is mildly negative, arousal is high from the surprise, and dominance is low because the hiring decision was out of their control.
VAD_Estimate: [V: -0.30, A: +0.65, D: -0.25]
EMOTION: surprised",[-0.3   0.65 -0.25],0.3237282811247729,False,True
I cant believe my best friend is finally getting married,surprised,"Customer :My best friend is finally getting married.
Agent :",joyful,joyful,surprised,"REASONING: The speaker expresses disbelief at a positive event, indicating high-arousal surprise. Since no explicit happiness or excitement word is used, the dominant emotion is surprise rather than sustained joy.

VAD_Estimate: [V: +0.40, A: +0.70, D: -0.10]

EMOTION: surprised",[ 0.4  0.7 -0.1],0.40224370722237535,False,True
My family and friends threw a party for me out of the blue. Did not expect it at all and I felt so appreciated! It was an awesome night yesterday!,surprised,"Customer :No but I got a promotion at my job recently and I did post about it on social media. The promotion and the party was definitely a surprise.
Agent :",joyful,joyful,surprised,"REASONING: The event is positive and appreciated, but the key emotional trigger is unexpectedness (“out of the blue,” “Did not expect it at all”), producing high arousal and a sense of being caught off guard rather than sustained explicit joy.
VAD_Estimate: [V: +0.45, A: +0.70, D: -0.15]
EMOTION: surprised",[ 0.45  0.7  -0.15],0.4514421336118285,False,True
I can't believe I'm still single,surprised,"Customer :I always get weirdos on apps. Maybe I'll try again though.
Agent :",sad,sad,surprised,"REASONING: “Can’t believe” signals high-arousal disbelief about an unexpected ongoing situation; “still single” adds a mildly negative/frustrated undertone, but there is no clear target for anger, no threat, and no low-energy grief, so it aligns best with surprise.
VAD_Estimate: [V: -0.30, A: +0.60, D: -0.20]
EMOTION: surprised",[-0.3  0.6 -0.2],0.3159113799786263,False,True
My lottery ticket hit a bumper prize. It took my breathe away.,surprised,"Customer :How much is that?
Agent :",joyful,joyful,surprised,"REASONING: Winning a bumper lottery prize is a highly positive event, but the phrase “took my breath away” emphasizes sudden astonishment and disbelief rather than sustained joy. This points to positive valence, high arousal, and lowered dominance from being overwhelmed by the surprise.
VAD_Estimate: [V: +0.50, A: +0.75, D: -0.10]
EMOTION: surprised",[ 0.5   0.75 -0.1 ],0.5072474741188959,False,True
I was thrown a surprise party for my 30th birthday.,surprised,"Customer :For my 30th birthday, my family and friends got together and threw me a surprise birthday party.
Agent :",joyful,joyful,surprised,"REASONING: The event is positive and exciting, but the key feature is unexpectedness: a surprise party is inherently startling and delightful. The speaker likely feels high-arousal pleasant disbelief rather than a sustained, explicit ""happy"" or ""excited"" reaction.
VAD_Estimate: [V: +0.50, A: +0.70, D: -0.10]
EMOTION: surprised",[ 0.5  0.7 -0.1],0.5017967716117752,False,True
I can't believe I am finally having a boy. I have 4 girls already.,surprised,"Customer :Yes! you will be happy with a boy, you can teach him to be a man.
Agent :",joyful,joyful,surprised,"REASONING: The news is positive and exciting, but the speaker’s dominant reaction is startled disbelief (“I can’t believe”), not just sustained joy. This gives positive valence, high arousal, and slightly uncertain control.
VAD_Estimate: [V: +0.45, A: +0.70, D: -0.10]
EMOTION: surprised",[ 0.45  0.7  -0.1 ],0.45199557519958095,False,True
"I received a bonus from work the other day. I actually couldn't believe it, but it felt nice to be appreciated!",surprised,"Customer :It really is, especially since I just left a job not too long ago for feeling underappreciated. I was shocked and things are looking up.
Agent :",joyful,joyful,surprised,"REASONING: The speaker emphasizes disbelief (“couldn’t believe it”), which signals surprise, but the event is positive and appreciated, giving a mildly pleasant valence. The unexpectedness creates high arousal and low control.
VAD_Estimate: [V: +0.35, A: +0.70, D: -0.10]
EMOTION: surprised",[ 0.35  0.7  -0.1 ],0.35256205127608387,False,True
"My coworker went into labor, and we somehow all brought a baby into the world",surprised,"Customer :Yea. It was overwhelming but in a good way. And yea, guess we will all carry this special bond for the rest of their lives now.
Agent :",joyful,joyful,surprised,"REASONING: The phrase “somehow” signals astonishment at an unexpected, chaotic event; the birth is positive, but the dominant reaction is surprise at having “all brought a baby into the world,” not sustained joy or fear. High arousal, mildly positive valence, and low situational control fit surprise.
VAD_Estimate: [V: +0.35, A: +0.70, D: -0.15]
EMOTION: surprised",[ 0.35  0.7  -0.15],0.3518522417151836,False,True
I cant believe my best friend is finally getting married,surprised,"Customer :Maid of honor of course. She has been wanting to be married since I knew her
Agent :",joyful,joyful,surprised,"REASONING: The event is positive (best friend getting married), but the phrase “can’t believe” signals surprise and disbelief rather than sustained elation. High arousal with slightly uncertain control fits a surprised reaction.
VAD_Estimate: [V: +0.35, A: +0.70, D: -0.10]
EMOTION: surprised",[ 0.35  0.7  -0.1 ],0.35256205127608387,False,True
I bought a lottery ticket and won a prize. I never win so this was unexpected.,surprised,"Customer :Woah! That is great news. Have you told anyone yet?
Agent :",joyful,joyful,surprised,"REASONING: Winning a prize is positive, but the speaker emphasizes it was unexpected and that they never win, making surprise the dominant reaction rather than sustained joy or excitement.
VAD_Estimate: [V: +0.40, A: +0.70, D: -0.10]
EMOTION: surprised",[ 0.4  0.7 -0.1],0.40224370722237535,False,True
I'm getting a promotion that I didn't expect in Feb.,surprised,"Customer :Whoa what a great surprise. Congratulations.
Agent :",joyful,joyful,surprised,"REASONING: The promotion is positive, but the focus is on it being unexpected, creating high-arousal surprise rather than a fully processed feeling of joy; valence is mildly positive with lowered dominance due to the unanticipated nature.
VAD_Estimate: [V: +0.30, A: +0.70, D: -0.10]
EMOTION: surprised",[ 0.3  0.7 -0.1],0.3029851481508623,False,True
"I got a letter in the mail today from my cousin. He was overseas and thinking of me, it was a nice shock",surprised,"Customer :Oh wow. How long has your cousin been overseas?
Agent :",joyful,joyful,surprised,"REASONING: The phrase “nice shock” explicitly signals surprise; the event is pleasant and unexpected, producing positive valence and high arousal, with a momentary lack of control.
VAD_Estimate: [V: +0.45, A: +0.70, D: -0.10]
EMOTION: surprised",[ 0.45  0.7  -0.1 ],0.45199557519958095,False,True
My son just said his first words this weekend.  They just came out of nowhere.,surprised,"Customer :It was!  He has been a little bit of a late bloomer, but it was worth the wait.
Agent :",joyful,joyful,surprised,"REASONING: The event is positive and meaningful, but the phrasing “just came out of nowhere” emphasizes suddenness and unexpectedness rather than explicitly stating sustained joy or excitement, so surprise is the dominant reaction.
VAD_Estimate: [V: +0.40, A: +0.70, D: -0.10]
EMOTION: surprised",[ 0.4  0.7 -0.1],0.40224370722237535,False,True
I cant believe my best friend is finally getting married,surprised,"Customer :That's great to hear! Will you be in the ceremony?
Agent :",joyful,joyful,surprised,"REASONING: The speaker expresses disbelief about a clearly positive event, with high arousal and a sense of momentary uncertainty rather than sustained joy.  
VAD_Estimate: [V: +0.40, A: +0.70, D: -0.10]  
EMOTION: surprised",[ 0.4  0.7 -0.1],0.40224370722237535,False,True
My mom and her siblings just sold my grandparents farm. With the money my mom got she decided to take our whole family on a cruise for Spring Break. I couldn,surprised,"Customer :That is great!  What a nice parent!  You must be pumped!  You should do something nice for her to show your appreciation!
Agent :",joyful,joyful,surprised,"REASONING: The news is positive (a family cruise), but the speaker’s reaction suggests disbelief and sudden surprise (“I couldn’t…”), which is high-arousal and lowers a sense of control. Valence is positive, but the dominant emotion is surprise rather than sustained joy.
VAD_Estimate: [V: +0.40, A: +0.70, D: -0.10]
EMOTION: surprised",[ 0.4  0.7 -0.1],0.40224370722237535,False,True
I saw a mom and baby bunny around 8 and they were letting me talk to them. It was a bit shocking as usually bunnies take off whenever they see or hear anything. They were so sweet!,surprised,"Customer :Monkey Girl and Mousey :) One is a lionhead..I adore her and the other is a lop eared big old bunny, scared of everything..including Miss Monkey Girl.
Agent :",joyful,joyful,surprised,"REASONING: The experience is pleasant (“so sweet”), but the dominant reaction is defined by unexpectedness (“a bit shocking”) that the bunnies stayed instead of fleeing, so high arousal and mild positive valence fit surprise best.
VAD_Estimate: [V: +0.45, A: +0.65, D: -0.15]
EMOTION: surprised",[ 0.45  0.65 -0.15],0.4508880127038199,False,True
It was my 30th birthday. My entire family surprised me with a cruise to Mexico with my sister.,surprised,"Customer :I just celebrated my 30th birthday. My family gifted me with a cruise to Mexico with my sister.
Agent :",joyful,joyful,surprised,"REASONING: The speaker explicitly describes the event as a surprise; although the gift is positive, the dominant emotional reaction is unexpectedness and high arousal rather than sustained joy.
VAD_Estimate: [V: +0.35, A: +0.75, D: -0.15]
EMOTION: surprised",[ 0.35  0.75 -0.15],0.35958309192730403,False,True
It was unexpected for me to have such a good time at the county fair last night.,surprised,"Customer :I had a good time with my family at the county fair last night.
Agent :",joyful,joyful,surprised,"REASONING: The phrase “unexpected” signals surprise as the primary reaction, and the positive outcome (“such a good time”) gives the surprise a pleasant valence, but the emphasis is on unexpectedness rather than sustained joy.
VAD_Estimate: [V: +0.45, A: +0.65, D: +0.00]
EMOTION: surprised",[0.45 0.65 0.  ],0.46882832678924174,False,True
My mom brought me my favorite salad and cheesecake yesterday. I didn't know she had them! I don't usually get gifts like that so it was nice!,surprised,"Customer :I know right? She does those things all the time for me when she can. She's a great mom.
Agent :",joyful,joyful,surprised,"REASONING: The situation is pleasant and warm, but the dominant reaction is a positive surprise from not knowing she had brought these items. Valence is mildly positive, arousal is high due to unexpectedness, and control is low because the gift was unanticipated.
VAD_Estimate: [V: +0.25, A: +0.70, D: -0.10]
EMOTION: surprised",[ 0.25  0.7  -0.1 ],0.2535744466621193,False,True
I saw a mom and baby bunny around 8 and they were letting me talk to them. It was a bit shocking as usually bunnies take off whenever they see or hear anything. They were so sweet!,surprised,"Customer :Oh, how adorable! There are so many bunnies around right now.  My parents house has especially a lot of them and they don't really run off like normal either.
Agent :",joyful,joyful,surprised,"REASONING: The speaker is delighted by the sweet encounter, but the dominant reaction is high-arousal unexpectedness because the bunnies stayed when they usually flee. Positive valence is present from “so sweet,” but the emphasis on “shocking” points to surprise rather than sustained joy.
VAD_Estimate: [V: +0.40, A: +0.65, D: -0.10]
EMOTION: surprised",[ 0.4   0.65 -0.1 ],0.4016217125604641,False,True
When I found out I was pregnant I was quite aghast. We weren't planning on kids.,surprised,"Customer :I'm glad you both found the courage to face it head on. Nice job!
Agent :",afraid,afraid,surprised,"REASONING: The explicit word “aghast” indicates shock/horror at an unexpected discovery rather than anger, sadness, or sustained fear. The event is sudden and high-arousal, mildly negative because the pregnancy is unplanned, and the speaker feels a lack of control.
VAD_Estimate: [V: -0.25, A: +0.70, D: -0.30]
EMOTION: surprised",[-0.25  0.7  -0.3 ],0.3038091506192662,False,True
"On my 29th birthday, my boyfriend surprised me with an impromptu trip to California!",surprised,"Customer :I wasn't expecting this, by when I woke up this morning on my birthday, my boyfriend informed me that he planned a trip to Califoria for us and that we are leaving today!
Agent :",joyful,joyful,surprised,"REASONING: Although the event is positive, the explicit word “surprised” signals that the dominant emotion is surprise, not sustained joy. The unexpected trip creates high arousal and a sense of being acted upon, so valence is mildly positive, arousal is high, and dominance is slightly low.

VAD_Estimate: [V: +0.40, A: +0.70, D: -0.10]
EMOTION: surprised",[ 0.4  0.7 -0.1],0.40224370722237535,False,True
My dad just gave me his carbon fiber road bike since he got a new one!  I never expected he would give it to me because I know its worth a lot!,surprised,"Customer :I know!  I love it!  I would never have been able to afford it on my own!  It wasn't even my birthday either!
Agent :",joyful,joyful,surprised,"REASONING: The gift is clearly positive, but the speaker emphasizes “never expected” and astonishment at the bike’s value, so surprise is the dominant emotion rather than sustained joy. Valence is positive, arousal is high due to unexpected excitement, and dominance is slightly low because the event feels beyond the speaker’s control.
VAD_Estimate: [V: +0.40, A: +0.70, D: -0.10]
EMOTION: surprised",[ 0.4  0.7 -0.1],0.40224370722237535,False,True
I can't believe my friend didnt invite me to her sons birthday. I wonder if she is mad,surprised,"Customer :Now you have learned a valuable lesson and know how she really feels toward you
Agent :",sad,sad,surprised,"REASONING: The speaker’s “can’t believe” signals unexpectedness and high arousal, while the friend’s unexplained exclusion creates negative valence and uncertainty/low dominance. The explicit “mad” refers to the friend’s speculated emotion, not the speaker’s, so it does not override the dominant reaction of shock/confusion.
VAD_Estimate: [V: -0.35, A: +0.55, D: -0.25]
EMOTION: surprised",[-0.35  0.55 -0.25],0.3889730067755345,False,True
It was my 30th birthday. My entire family surprised me with a cruise to Mexico with my sister.,surprised,"Customer :wow that is an awesome gift!!
Agent :",joyful,joyful,surprised,"REASONING: The word “surprised” signals unexpectedness and high arousal; although the event is positive, the dominant reaction is pleasant disbelief rather than sustained joy. Valence is slightly positive, arousal is high, and control is low due to the unexpected nature of the gift.
VAD_Estimate: [V: +0.40, A: +0.70, D: -0.10]
EMOTION: surprised",[ 0.4  0.7 -0.1],0.40224370722237535,False,True
"I remember when I turned 30 years old that my wife had planned a surprise birthday party for me.  I remember that she had gone ahead to a restaurant to meet me since I was at work.  I headed there right after work to a private room (unbeknownst to me).  Everyone yelled ""Surprise,"" and I was taken back!  I couldn't believe it.  What a great day!",surprised,"Customer :That was very thoughtful, you are very lucky!
Agent :",joyful,joyful,surprised,"REASONING: The event is clearly positive, but the speaker emphasizes disbelief and being startled (“taken back,” “couldn’t believe it”), not sustained joy or excitement. This points to high arousal, mildly positive valence, and reduced control/uncertainty typical of surprise.
VAD_Estimate: [V: +0.45, A: +0.70, D: -0.15]
EMOTION: surprised",[ 0.45  0.7  -0.15],0.4514421336118285,False,True
My husband shocked me when he bought me a new kitten for my birthday. He knows I've been wanting one for quite some time.,surprised,"Customer :My husband shocked me when he bought me a new kitten for my birthday! It is so cute!
Agent :",joyful,joyful,surprised,"REASONING: The explicit word “shocked” signals surprise; although the event is positive and desired, the dominant reaction is delighted disbelief rather than sustained joy. Valence is positive but moderate, arousal is high due to unexpectedness, and dominance is slightly low because the gift took the speaker by surprise.
VAD_Estimate: [V: +0.45, A: +0.72, D: -0.10]
EMOTION: surprised",[ 0.45  0.72 -0.1 ],0.45376205218153715,False,True
I can't believe I am finally going on a real date after 2 years,surprised,"Customer :Well thanks. I just wanna have some fun though
Agent :",joyful,joyful,surprised,"REASONING: The phrase “can’t believe” signals high-arousal disbelief, even though the event is clearly positive; the speaker emphasizes unexpectedness and amazement rather than an explicit joy label.
VAD_Estimate: [V: +0.40, A: +0.70, D: -0.10]
EMOTION: surprised",[ 0.4  0.7 -0.1],0.40224370722237535,False,True
Last week my friend I have not seen in a couple years surprised me at my doorstep. It was awesome seeing them again.,surprised,"Customer :Yea I was totally not expecting it. I was so happy to see them in person.
Agent :",joyful,joyful,surprised,"REASONING: The friend’s unexpected arrival creates high-arousal surprise, and the phrase “awesome” adds positive valence, but the dominant framing is the surprise of the visit rather than sustained joy.
VAD_Estimate: [V: +0.40, A: +0.70, D: -0.10]
EMOTION: surprised",[ 0.4  0.7 -0.1],0.40224370722237535,False,True
"I'm a powerlifter so I focus most of my time exercising lifting weights. A friend of mine just recently introduced me into marathon running and boy, I didn't expect to like it as much as I do.",surprised,"Customer :Of course it is. I'd say it'll benefit each other.
Agent :",joyful,joyful,surprised,"REASONING: The phrase ""didn't expect to like it"" signals a pleasant surprise at discovering an unexpected enjoyment. The valence is positive, arousal is moderately high from the excitement of the discovery, but the dominant reaction is the unanticipated nature of the liking rather than pure, sustained joy.
VAD_Estimate: [V: +0.45, A: +0.60, D: -0.10]
EMOTION: surprised",[ 0.45  0.6  -0.1 ],0.45639894828976113,False,True
When I found out I was pregnant I was quite aghast. We weren't planning on kids.,surprised,"Customer :A few moments of silence then we decided it as time to get it together.
Agent :",afraid,afraid,surprised,"REASONING: The explicit word “aghast” signals shocked disbelief and alarm about the unplanned pregnancy. Valence is negative but not purely fearful, arousal is high from the sudden news, and dominance is low due to feeling unprepared and out of control.
VAD_Estimate: [V: -0.30, A: +0.70, D: -0.20]
EMOTION: surprised",[-0.3  0.7 -0.2],0.3095157508108432,False,True
My boyfriend surprised me with a birthday trip,surprised,"Customer :That's awesome what a sweet boyfriend, how old are you turning?
Agent :",joyful,joyful,surprised,"REASONING: The unexpected birthday trip is a positive event, but the dominant reaction is surprise at the unanticipated gesture, with high arousal and reduced control over the situation.
VAD_Estimate: [V: +0.40, A: +0.70, D: -0.10]
EMOTION: surprised",[ 0.4  0.7 -0.1],0.40224370722237535,False,True
I can't believe my friend didnt invite me to her sons birthday. I wonder if she is mad,surprised,"Customer :MY friend didn't invite me to her sons birthday
Agent :",sad,sad,surprised,"REASONING: The speaker’s “I can’t believe” signals disbelief and unexpectedness about being excluded, while “I wonder if she is mad” reflects uncertainty rather than clear anger or grief. This is a negatively tinged surprise with high arousal and low control.
VAD_Estimate: [V: -0.30, A: +0.60, D: -0.25]
EMOTION: surprised",[-0.3   0.6  -0.25],0.3306055050963308,False,True
I can not believe Prince died.,surprised,"Customer :I loved his movie, Purple Rain.
Agent :",sad,sad,surprised,"REASONING: ""Cannot believe"" signals shock and disbelief at a negative, unexpected event. This is high-arousal, low-control surprise rather than sustained grief or anger.
VAD_Estimate: [V: -0.20, A: +0.65, D: -0.20]
EMOTION: surprised",[-0.2   0.65 -0.2 ],0.21283796653792764,False,True
I can't believe I am finally having a boy. I have 4 girls already.,surprised,"Customer :I have 4 daughters
Agent :",joyful,joyful,surprised,"REASONING: The speaker expresses disbelief about a positive, long-desired outcome, indicating high arousal and positive valence, but the dominant reaction is unexpectedness rather than sustained joy.
VAD_Estimate: [V: +0.50, A: +0.70, D: -0.10]
EMOTION: surprised",[ 0.5  0.7 -0.1],0.5017967716117752,False,True
I was shocked today. My roommate didn't flush the toilet.,surprised,"Customer :I found myself shocked today by my roommate.
Agent :",disgusted,disgusted,surprised,"REASONING: The speaker explicitly says “shocked,” indicating unexpectedness and high arousal. The unpleasant bathroom detail adds a negative tinge, but the dominant reaction is momentary surprise rather than sustained anger or disgust.
VAD_Estimate: [V: -0.20, A: +0.65, D: -0.30]
EMOTION: surprised",[-0.2   0.65 -0.3 ],0.26324893162176366,False,True
I still can't believe my parents for divorced.,surprised,"Customer :YI still can't believe my parents for divorced.
Agent :",sad,sad,surprised,"REASONING: The divorce is unpleasant and beyond the speaker's control, but the expressed reaction is disbelief and shock (“still can't believe”) rather than anger, grief, or joy. This gives mildly negative valence, high arousal from the startling realization, and low dominance from helplessness over the event.
VAD_Estimate: [V: -0.30, A: +0.60, D: -0.30]
EMOTION: surprised",[-0.3  0.6 -0.3],0.35185224171518364,False,True
I cant believe my best friend is finally getting married,surprised,"Customer :I'm so happy for you! I am sure it will be a wonderful day for both of you!
Agent :",joyful,joyful,surprised,"REASONING: The speaker expresses disbelief about a positive event, but there is no explicit joy word like “happy” or “excited.” The high-arousal “can’t believe” reaction points to surprise rather than sustained joy.
VAD_Estimate: [V: +0.40, A: +0.70, D: -0.10]
EMOTION: surprised",[ 0.4  0.7 -0.1],0.40224370722237535,False,True
My boyfriend surprised me with a birthday trip,surprised,"Customer :To Vancouver to see a drag show!
Agent :",joyful,joyful,surprised,"REASONING: The explicit word “surprised” anchors the emotion; the birthday trip is positive, but the dominant reaction is high-arousal unexpectedness rather than sustained joy.
VAD_Estimate: [V: +0.20, A: +0.70, D: -0.10]
EMOTION: surprised",[ 0.2  0.7 -0.1],0.20445048300260873,False,True
I had a roommate up until about a month ago. He decided to outfit his car to travel across the country and sleep in it. He's been successful thus far.,surprised,"Customer :Wow that's a bold move. How is he getting along with that?
Agent :",joyful,joyful,surprised,"REASONING: The situation describes an unconventional plan that is surprisingly working out; the speaker seems mildly amazed but not personally in control. Valence is slightly positive due to success, arousal is moderate due to unexpectedness, and dominance is low because the speaker is only an observer.
VAD_Estimate: [V: +0.35, A: +0.45, D: -0.20]
EMOTION: surprised",[ 0.35  0.45 -0.2 ],0.41928510586473255,False,True
My girlfriend bought me concert tickets for my birthday. I thought the show was sold out.,surprised,"Customer :Im going see Phoenix. She even told me she wasnt able to get them. Haha
Agent :",joyful,joyful,surprised,"REASONING: The situation is positive, but the core reaction is disbelief and high-arousal shock because the tickets were thought to be sold out. The speaker is caught off guard, so momentary low control aligns with surprise rather than sustained joy.
VAD_Estimate: [V: +0.40, A: +0.70, D: -0.10]
EMOTION: surprised",[ 0.4  0.7 -0.1],0.40224370722237535,False,True
My baby is due in a couple months. My coworkers threw me a baby shower at work the other day. I had no idea they were planning that.,surprised,"Customer :My baby is due in a couple of months.
Agent :",joyful,joyful,surprised,"REASONING: The event is positive and warm, but the key is unexpectedness: the speaker explicitly says they had no idea, indicating surprise and a brief loss of control rather than sustained joy. Valence is positive, arousal is high, dominance is slightly lowered due to the unexpected nature.
VAD_Estimate: [V: +0.40, A: +0.70, D: -0.10]
EMOTION: surprised",[ 0.4  0.7 -0.1],0.40224370722237535,False,True
I saw a mom and baby bunny around 8 and they were letting me talk to them. It was a bit shocking as usually bunnies take off whenever they see or hear anything. They were so sweet!,surprised,"Customer :lol, oh no!  My albino rabbit I had when I was younger was like that....skittish beyond belief!  Those are adorable names!
Agent :",joyful,joyful,surprised,"REASONING: The situation is positive and delightful, but the dominant reaction is unexpectedness—wild bunnies usually flee, so letting the speaker interact is startling and surprising. Valence is pleasant, arousal is moderately high, and dominance is low because the event feels unsteady and unpredictable.
VAD_Estimate: [V: +0.55, A: +0.60, D: -0.15]
EMOTION: surprised",[ 0.55  0.6  -0.15],0.554797260267208,False,True
When I found out I was pregnant I was quite aghast. We weren't planning on kids.,surprised,"Customer :News that big would be a shock to anyone! How did you both handle it?
Agent :",afraid,afraid,surprised,"REASONING: “Aghast” explicitly signals shock and negative surprise; the unplanned pregnancy is unexpected and disrupts their plans, producing high arousal and a low sense of control.
VAD_Estimate: [V: -0.30, A: +0.68, D: -0.30]
EMOTION: surprised",[-0.3   0.68 -0.3 ],0.3449637662132068,False,True
My friends threw me a surprise party for my birthday last year!,surprised,"Customer :I really was, I had no idea! It was a lot of fun. 
Agent :",joyful,joyful,surprised,"REASONING: The situation is a positive, unexpected social event, but the explicit “surprise” cues high-arousal unexpectedness rather than a sustained, confident happiness. The speaker is caught off guard in a pleasant way, yielding positive valence, high arousal, and reduced control.
VAD_Estimate: [V: +0.40, A: +0.70, D: -0.10]
EMOTION: surprised",[ 0.4  0.7 -0.1],0.40224370722237535,False,True
I can't believe my friend didnt invite me to her sons birthday. I wonder if she is mad,surprised,"Customer :Yeah. I thought we were close. I don't think I did anything to her
Agent :",sad,sad,surprised,"REASONING: The situation is unexpected and negative—the speaker is excluded and puzzled, with disbelief and uncertainty about the friendship. This yields moderately negative valence, high arousal from the “I can’t believe” reaction, and low dominance due to the vulnerable social position.
VAD_Estimate: [V: -0.25, A: +0.60, D: -0.30]
EMOTION: surprised",[-0.25  0.6  -0.3 ],0.31032241298365804,False,True
When my friend showed up at my house,surprised,"Customer :My friend showed up at my new house in a completely different state! 
Agent :",joyful,joyful,surprised,"REASONING: The friend’s unannounced arrival is unexpected and mildly positive, creating a brief high-arousal reaction with uncertainty about control rather than sustained joy or anger.
VAD_Estimate: [V: +0.30, A: +0.60, D: -0.15]
EMOTION: surprised",[ 0.3   0.6  -0.15],0.30870698080866266,False,True
I saw a mom and baby bunny around 8 and they were letting me talk to them. It was a bit shocking as usually bunnies take off whenever they see or hear anything. They were so sweet!,surprised,"Customer :HUGS! I saw a mom and baby bunny around 8 and they were letting me talk to them. It was a bit shocking as usually bunnies take off whenever they see or hear anything. 
Agent :",joyful,joyful,surprised,"REASONING: The moment is positive and delightful, but the speaker emphasizes unexpectedness (""a bit shocking"") because the bunnies usually run away. This is high-arousal surprise with positive valence, not sustained joy.
VAD_Estimate: [V: +0.40, A: +0.70, D: -0.15]
EMOTION: surprised",[ 0.4   0.7  -0.15],0.4016217125604641,False,True
