Situation,emotion,empathetic_dialogues,baseline_prediction,baseline_raw_output,theory_prediction,theory_raw_output,theory_estimated_vec,theory_true_vad_error,baseline_correct,theory_correct
I was cleaning out my basement and a giant rat jumped out at me. I nearly jumped out of my skin. It ran away and now I can't find it anywhere!,afraid,"Customer :The worst part is now I can't find it anywhere. I am terrified it is still in my house.
Agent :",afraid,afraid,surprised,"REASONING: The sudden appearance of the rat is unexpected and highly startling, producing elevated arousal and a reduced sense of control. The reaction is mainly surprise/startle rather than sustained fear or disgust, though the rat makes the valence mildly negative.
VAD_Estimate: [V: -0.25, A: +0.75, D: -0.25]
EMOTION: surprised",[-0.25  0.75 -0.25],0.45497252664309307,True,False
"i want to move to new york , buy its all new to me there",afraid,"Customer :I want to evertually move to new york and be closer to my brother and friend , im just a bit afraid as i really dont know much about anything there
Agent :",afraid,afraid,joyful,"REASONING: The speaker expresses a clear desire to move to New York, indicating positive anticipation and excitement about the new experience, even with some uncertainty about unfamiliarity. Valence is positive, arousal is moderately high, and dominance is moderate because the move is desired and self-directed.
VAD_Estimate: [V: +0.60, A: +0.50, D: +0.25]
EMOTION: joyful",[0.6  0.5  0.25],1.4177446878757824,True,False
the braves are really good. i just dont know if we have the pitching to make a run,afraid,"Customer :at least you guys have votto!
Agent :",afraid,afraid,sad,"REASONING: The statement expresses doubt and mild concern about the team’s chances, with a calmly negative tone rather than panic or excitement. Valence is somewhat negative, arousal is low, and dominance is low due to uncertainty and lack of control over the outcome.
VAD_Estimate: [V: -0.35, A: -0.20, D: -0.35]
EMOTION: sad",[-0.35 -0.2  -0.35],0.854692927313664,True,False
"I don't know what that thing is, but it has way too many legs for my comfort.",afraid,"Customer :I guess its an insect?
Agent :",afraid,afraid,disgusted,"REASONING: The unknown many-legged creature triggers visual revulsion and discomfort, with a desire to avoid or reject it rather than life-threatening panic. This yields negative valence, moderate arousal, and slight assertive avoidance.
VAD_Estimate: [V: -0.60, A: +0.35, D: +0.11]
EMOTION: disgusted",[-0.6   0.35  0.11],0.5964059020499378,True,False
I don't think I'm going to do so well this semester.,afraid,"Customer :Im not excited about this semester at all.
Agent :",afraid,afraid,sad,"REASONING: The statement expresses a negative outlook and low confidence about future performance, with a passive, resigned tone rather than high-energy anxiety or anger. This suggests unpleasantness, low arousal, and a sense of low control/helplessness, matching sadness.
VAD_Estimate: [V: -0.55, A: -0.30, D: -0.35]
EMOTION: sad",[-0.55 -0.3  -0.35],0.9080198235721507,True,False
I don't think I'm going to do so well this semester.,afraid,"Customer :Im working now and I dont want to be slammed
Agent :",afraid,afraid,sad,"REASONING: The statement reflects a pessimistic, low-energy expectation of failure, with passive resignation and a sense of helplessness rather than active panic or irritation. This aligns with sadness: negative valence, low arousal, and low dominance.

VAD_Estimate: [V: -0.60, A: -0.30, D: -0.40]
EMOTION: sad",[-0.6 -0.3 -0.4],0.9013878188659973,True,False
There was a giant spider in my bathroom. I hate spiders!,afraid,"Customer :I don't, but I was really worried it was a black widow. It really scared me.
Agent :",afraid,afraid,disgusted,"REASONING: The giant spider triggers strong revulsion and dislike, especially with the explicit “I hate spiders,” indicating disgust rather than anger or fear. Valence is negative, arousal is moderately elevated, and the speaker feels some rejection/avoidance control.
VAD_Estimate: [V: -0.62, A: +0.40, D: +0.10]
EMOTION: disgusted",[-0.62  0.4   0.1 ],0.5668333088307356,True,False
Our home was broken into right after we moved in and I felt this way.,afraid,"Customer :Oh really? Did you recover?
Agent :",afraid,afraid,angry,"REASONING: The break-in is a negative violation of home and property caused by an intruder, triggering irritation and blame. It is high-arousal and assertive rather than helpless, and there is no immediate life-threatening threat, so it aligns most closely with anger.
VAD_Estimate: [V: -0.55, A: +0.60, D: +0.25]
EMOTION: angry",[-0.55  0.6   0.25],0.6859300255857006,True,False
I keep hearing things in my kitchen. I think the mouse is back.,afraid,"Customer :probably, time to get the traps and get rid of it.
Agent :",afraid,afraid,disgusted,"REASONING: The situation is unpleasant because a pest is invading the kitchen, suggesting contamination and revulsion rather than panic or anger. There is moderate alertness from the sounds, but no helplessness or life-threatening fear.
VAD_Estimate: [V: -0.50, A: +0.30, D: +0.10]
EMOTION: disgusted",[-0.5  0.3  0.1],0.6248999919987198,True,False
I am old.  I am seperated from my wife.  I live far from my children.  For pragmatoic reasons I am the one that can file for divorce.  I do not want to die alone.,afraid,"Customer :That is riduculous.  Death is inevitible.
Agent :",afraid,afraid,sad,"REASONING: The situation reflects isolation, loss, and a resigned fear of dying alone; the tone is low-energy melancholy and helplessness rather than acute panic or anger. Negative valence, low arousal, and low dominance point to sadness.
VAD_Estimate: [V: -0.70, A: -0.30, D: -0.40]
EMOTION: sad",[-0.7 -0.3 -0.4],0.9024965373894793,True,False
I started bleeding when I poo.,afraid,"Customer :I started bleeding when i poo.
Agent :",afraid,afraid,disgusted,"REASONING: The situation involves blood/body fluid, which triggers revulsion and a strong desire to reject/avoid; valence is negative, arousal is moderate, and there is slight control through avoidance.
VAD_Estimate: [V: -0.60, A: +0.35, D: +0.10]
EMOTION: disgusted",[-0.6   0.35  0.1 ],0.5873670062235365,True,False
Just watched season 2 of Luther last night on Netflix.  Keeps you on the edge of your seat.,afraid,"Customer :Oh, how did you like it?
Agent :",afraid,afraid,joyful,"REASONING: The situation describes watching an engaging, suspenseful show and enjoying the thrilling experience. The valence is positive because it is pleasurable entertainment, arousal is high due to the “edge of your seat” intensity, and dominance is moderate because the viewer is engaged but not in control of the plot twists.
VAD_Estimate: [V: +0.70, A: +0.65, D: +0.20]
EMOTION: joyful",[0.7  0.65 0.2 ],1.4815532390029051,True,False
abilities what they can cause,afraid,"Customer :What if what?  What has you so fearful?
Agent :",afraid,afraid,surprised,"REASONING: The phrase lacks any explicit emotion and does not clearly indicate a positive or negative outcome; it reads as an uncertain, mildly startled consideration of what abilities might cause.
VAD_Estimate: [V: 0.00, A: +0.60, D: -0.15]
EMOTION: surprised",[ 0.    0.6  -0.15],0.6985699678629192,True,False
Just watched season 2 of Luther last night on Netflix.  Keeps you on the edge of your seat.,afraid,"Customer :I finished season 2 of Luther on Netflix last night.
Agent :",afraid,afraid,joyful,"REASONING: Watching a gripping thriller is an engaging, exciting experience; “keeps you on the edge of your seat” signals high arousal and positive enjoyment, not fear or distress. Valence is positive, arousal is high, and the viewer has comfortable control in a safe entertainment context.
VAD_Estimate: [V: +0.65, A: +0.65, D: +0.25]
EMOTION: joyful",[0.65 0.65 0.25],1.4591093173576817,True,False
I saw a strange man on the street.,afraid,"Customer :I saw a strange man on the street whilst I was drinking tea on my porch at night.
Agent :",afraid,afraid,surprised,"REASONING: The situation is an unexpected encounter with an unfamiliar person, creating mild uncertainty and heightened alertness without a clear threat, strong displeasure, or positive excitement. The valence is slightly negative/neutral, arousal is moderate, and dominance is lowered by uncertainty.
VAD_Estimate: [V: -0.10, A: +0.55, D: -0.25]
EMOTION: surprised",[-0.1   0.55 -0.25],0.5714017850864661,True,False
My car started to make loud noises coming out of engine. It happens while accelerating,afraid,"Customer :Recently, i can hear loud noises coming out of my car's engine. It only happens when I accelerate
Agent :",afraid,afraid,angry,"REASONING: The car trouble is a frustrating annoyance with no immediate life-threatening danger, producing irritation and active complaint rather than helplessness or grief. Negative valence, moderately high arousal, and a somewhat assertive/blaming response point to anger.
VAD_Estimate: [V: -0.55, A: +0.55, D: +0.20]
EMOTION: angry",[-0.55  0.55  0.2 ],0.6383572667401852,True,False
I went in a haunted house for halloween. Saw some weird ghosts.,afraid,"Customer :I think they are fun to be. Especially, during Halloween, it gives you goosebumps and excitement of the moment
Agent :",afraid,afraid,surprised,"REASONING: The situation involves unexpected, odd sights in a haunted house, creating moderate surprise and uncertainty rather than explicit fear or joy. Valence is near-neutral/slightly negative, arousal is elevated, and dominance is lowered due to the startling context.  
VAD_Estimate: [V: -0.10, A: +0.60, D: -0.20]  
EMOTION: surprised",[-0.1  0.6 -0.2],0.5869412236331676,True,False
I was waiting in front of a store one day when a man approached me and whispered something scary in my ear. I was not pleased.,afraid,"Customer :He said he was going to kill some celebrity. It totally freaked me out.
Agent :",afraid,afraid,angry,"REASONING: A specific person caused an unwanted, creepy interaction, and the speaker says “not pleased,” signaling irritation and blame rather than helpless fear. This points to negative valence, moderate-high arousal, and assertive control.
VAD_Estimate: [V: -0.55, A: +0.55, D: +0.20]
EMOTION: angry",[-0.55  0.55  0.2 ],0.6383572667401852,True,False
My car started to make loud noises coming out of engine. It happens while accelerating,afraid,"Customer :I am really afraid of this being something of big concern. I do not want to spend that much money for now
Agent :",afraid,afraid,angry,"REASONING: The car engine noise creates frustration and irritation, with moderately high arousal and a sense of active annoyance rather than helplessness or fear.
VAD_Estimate: [V: -0.55, A: +0.55, D: +0.20]
EMOTION: angry",[-0.55  0.55  0.2 ],0.6383572667401852,True,False
I keep hearing things in my kitchen. I think the mouse is back.,afraid,"Customer :I think there is a mouse in my kitchen. I keep hearing squeaking noises at night.
Agent :",afraid,afraid,disgusted,"REASONING: The situation is mildly unpleasant because of an unwanted pest, creating moderate alertness and a desire to reject or handle the problem rather than intense fear or anger. This best matches disgusted.
VAD_Estimate: [V: -0.45, A: +0.30, D: +0.05]
EMOTION: disgusted",[-0.45  0.3   0.05],0.5970762095411272,True,False
I hit my head on the door corner and it left me with a wound. I feel it will scar,afraid,"Customer :I hit my head on the door's corner and it left me with a wound
Agent :",afraid,afraid,sad,"REASONING: The situation is unpleasant due to injury and concern about a lasting scar, producing low-energy distress and a sense of vulnerability rather than blame or panic.  
VAD_Estimate: [V: -0.55, A: -0.15, D: -0.35]  
EMOTION: sad",[-0.55 -0.15 -0.35],0.7596051605933177,True,False
A man approached me after I got out of my car in a shopping center parking lot.,afraid,"Customer :It was very unsettling. He told me to give him a dollar.
Agent :",afraid,afraid,surprised,"REASONING: The situation is unexpected but not explicitly positive or negative; the approach creates mild alertness and uncertainty but no clear threat, so valence is slightly negative/neutral, arousal is moderate, and dominance is slightly lowered.
VAD_Estimate: [V: -0.10, A: +0.50, D: -0.20]
EMOTION: surprised",[-0.1  0.5 -0.2],0.5953990258641678,True,False
I started bleeding when I poo.,afraid,"Customer :I'm concerned they will tell me something i do not want to hear.
Agent :",afraid,afraid,disgusted,"REASONING: The situation involves blood and a bodily function, triggering visceral revulsion and a strong desire to reject/avoid the unpleasantness. This is best captured by disgust rather than anger or fear, despite the potential concern about health.
VAD_Estimate: [V: -0.60, A: +0.40, D: +0.10]
EMOTION: disgusted",[-0.6  0.4  0.1],0.5678908345800273,True,False
I do not like being around bats.,afraid,"Customer :Why's that? Did you specifically have a bad experience with them, or just assume they're terrible no matter what?
Agent :",afraid,afraid,disgusted,"REASONING: The speaker expresses aversion and a desire to avoid bats, which is a negative, rejecting response rather than high-energy fear or anger. This aligns with moderate arousal and slight controlling/avoidance, characteristic of disgust.
VAD_Estimate: [V: -0.50, A: +0.30, D: +0.10]
EMOTION: disgusted",[-0.5  0.3  0.1],0.6248999919987198,True,False
"I don't know what that thing is, but it has way too many legs for my comfort.",afraid,"Customer :I don't know what that thing is, but it has way too many legs for my comfort
Agent :",afraid,afraid,disgusted,"REASONING: The unknown many-legged creature triggers visual revulsion and discomfort, with negative valence and moderate arousal, plus an urge to reject/avoid rather than panic or confront.
VAD_Estimate: [V: -0.60, A: +0.35, D: +0.10]
EMOTION: disgusted",[-0.6   0.35  0.1 ],0.5873670062235365,True,False
I got new neighbors and I don't think they are too nice. I don't want to speak to them,afraid,"Customer :Why is that?
Agent :",afraid,afraid,sad,"REASONING: The speaker evaluates the new neighbors negatively and withdraws passively rather than confronting them. This creates mild displeasure with low energy and a sense of low control/vulnerability, matching sadness more than anger or fear.  
VAD_Estimate: [V: -0.55, A: -0.25, D: -0.35]  
EMOTION: sad",[-0.55 -0.25 -0.35],0.85848704125339,True,False
They laid off 3 people at work yesterday. Still haven't mentioned it yet.,afraid,"Customer :They'd shut down then.
Agent :",afraid,afraid,angry,"REASONING: The layoffs are negative and frustrating, and the complaint about the company “still haven’t mentioned it” signals irritation and blame toward a specific entity, not helpless fear. This fits anger more than sadness or anxiety.
VAD_Estimate: [V: -0.60, A: +0.60, D: +0.25]
EMOTION: angry",[-0.6   0.6   0.25],0.681175454637056,True,False
My neighbor lets his dog poo in my yard.,angry,"Customer :yes and i have started throwing it on his porch with a shovel
Agent :",angry,angry,disgusted,"REASONING: Dog feces in the yard involves contamination and revulsion, making disgust the primary response despite some blame toward the neighbor. Negative valence, moderate arousal, slight sense of rejection/control.
VAD_Estimate: [V: -0.60, A: +0.35, D: +0.11]
EMOTION: disgusted",[-0.6   0.35  0.11],0.2920616373302047,True,False
my neighbor's cat keeps pooping on my balcony,angry,"Customer :not this one
Agent :",angry,angry,disgusted,"REASONING: The situation involves feces (contamination/revulsion) on the speaker's property, which triggers disgust more than anger; valence is clearly negative, arousal is moderate, and the speaker has some sense of control by attributing blame, but the dominant reaction is avoidance/rejection.
VAD_Estimate: [V: -0.60, A: +0.35, D: +0.10]
EMOTION: disgusted",[-0.6   0.35  0.1 ],0.29698484809834996,True,False
my neighbors dog keeps pooping on my driveway,angry,"Customer :my neighbor has this big old dog that keeps pooping huge poops on my driveway
Agent :",angry,angry,disgusted,"REASONING: The situation is unpleasant and involves a bodily waste contaminating the speaker’s property, triggering revulsion and irritation. The repeated nature adds moderate frustration/arousal, but the core reaction is disgust and rejection.

VAD_Estimate: [V: -0.65, A: +0.40, D: +0.10]
EMOTION: disgusted",[-0.65  0.4   0.1 ],0.27964262908219123,True,False
Why won't I get made at you?,angry,"Customer :Well ,you played hard! But did you work hard?
Agent :",angry,angry,joyful,"REASONING: Although “made” seems intended as “mad,” the speaker says they won’t get mad, so the felt state is affectionate exasperation rather than anger—positive valence, moderate arousal, and slightly reduced dominance from being unable to stay upset.
VAD_Estimate: [V: +0.60, A: +0.35, D: -0.10]
EMOTION: joyful",[ 0.6   0.35 -0.1 ],1.1883602147497196,True,False
I can't beleve I only got half of the maximum for my raise?,angry,"Customer :well congrats!! hopefully it  was a good raise for everybody
Agent :",angry,angry,surprised,"REASONING: The speaker’s “can’t believe” signals high-arousal shock and unexpectedness at receiving less than hoped. The valence is negative due to disappointment, and dominance is low because the outcome feels out of their control.
VAD_Estimate: [V: -0.35, A: +0.65, D: -0.25]
EMOTION: surprised",[-0.35  0.65 -0.25],0.5283937925449163,True,False
I had to work late yesterday.,angry,"Customer :You should quit. There's nothing worse than a workplace with employees who can't carry their own weight.
Agent :",angry,angry,sad,"REASONING: Working late is an unpleasant obligation with no active frustration or excitement; the tone suggests resignation and low energy, with little control over the situation.
VAD_Estimate: [V: -0.45, A: -0.25, D: -0.40]
EMOTION: sad",[-0.45 -0.25 -0.4 ],1.0638138934982941,True,False
My boss embarrassed me infront of the investors.,angry,"Customer :He was making of my hairstyle for no reason. i am angry with him!
Agent :",angry,angry,afraid,"REASONING: Being publicly humiliated by the boss is unpleasant and creates tense, self-focused arousal with a feeling of lowered status and vulnerability, not assertive anger. This maps to negative valence, moderate-high arousal, and low dominance.
VAD_Estimate: [V: -0.55, A: +0.55, D: -0.45]
EMOTION: afraid",[-0.55  0.55 -0.45],0.7022819946431774,True,False
People need to stop letting their dogs poop in my yard!,angry,"Customer :that is ridiculous! that's annoying when people don't clean up after their dogs! I love going to the local park with my son and there is dog poop in the grassy areas
Agent :",angry,angry,disgusted,"REASONING: The situation involves dog feces contaminating the speaker’s yard, which triggers revulsion and unease. There is blame toward people, but the core aversive element is bodily waste, so disgust is primary with moderate arousal and slight assertive rejection.
VAD_Estimate: [V: -0.60, A: +0.40, D: +0.15]
EMOTION: disgusted",[-0.6   0.4   0.15],0.23280893453645626,True,False
My boss embarrassed me infront of the investors.,angry,"Customer :My boss embarrassed me infront of the investors the other day.
Agent :",angry,angry,afraid,"REASONING: The speaker was publicly humiliated by their boss, creating a strongly negative, high-arousal experience with a sense of exposure and low control over the situation. This vulnerability and submissiveness align most closely with fear.
VAD_Estimate: [V: -0.60, A: +0.55, D: -0.45]
EMOTION: afraid",[-0.6   0.55 -0.45],0.7068946173228369,True,False
when my brother got jumped,angry,"Customer :he bumped into one of the main ones that jumped him, and my brother beat him up twice , shortly after we both joined jiu jitsu 
Agent :",angry,angry,afraid,"REASONING: The event is violent and threatening to a family member, creating intense negative arousal and a strong sense of helplessness or vulnerability rather than assertive anger.
VAD_Estimate: [V: -0.70, A: +0.65, D: -0.45]
EMOTION: afraid",[-0.7   0.65 -0.45],0.7278049189171505,True,False
My dog decided to pee on my bed when I wasn't home. I just cleaned it too!,angry,"Customer :Nope. I only discovered it when I tried to lay down on it too. So gross.
Agent :",angry,angry,disgusted,"REASONING: The dog’s urine on the bed involves bodily fluid contamination, triggering revulsion and a need to reject/avoid the mess; the negative experience is paired with moderate arousal and slight control through cleanup/rejection.
VAD_Estimate: [V: -0.60, A: +0.35, D: +0.11]
EMOTION: disgusted",[-0.6   0.35  0.11],0.2920616373302047,True,False
I was cut off today and crashed my car to avoid colliding with someone.,angry,"Customer :I was cut off today and crashed my car into a pole to avoid colliding with someone.
Agent :",angry,angry,afraid,"REASONING: The situation involves a sudden, life-threatening driving emergency where the speaker’s immediate reaction is fear and panic to avoid a collision, not anger or confrontation. High displeasure, very high arousal, and low sense of control.
VAD_Estimate: [V: -0.75, A: +0.70, D: -0.50]
EMOTION: afraid",[-0.75  0.7  -0.5 ],0.7951100552753688,True,False
I dropped a mug and my coffee went everywhere,angry,"Customer :I dropped a mug and my coffee went everywhere
Agent :",angry,angry,surprised,"REASONING: The event is sudden and unintentional, producing a brief startle response and mild frustration over the mess rather than directed anger or fear. Valence is negative but not extreme, arousal is high due to the unexpected spill, and control is low because the accident just happened.
VAD_Estimate: [V: -0.40, A: +0.60, D: -0.20]
EMOTION: surprised",[-0.4  0.6 -0.2],0.46335731352812376,True,False
My dog decided to pee on my bed when I wasn't home. I just cleaned it too!,angry,"Customer :Oh no!  And that is hard to get out!  Do you have a waterproof cover on the bed by any chance?
Agent :",angry,angry,disgusted,"REASONING: The dog urinating on the bed introduces bodily fluid contamination and a need to clean/reject, which triggers revulsion and frustration rather than pure fear or sadness. The valence is clearly negative, arousal is moderate from irritation, and dominance reflects slight assertive rejection.
VAD_Estimate: [V: -0.55, A: +0.40, D: +0.10]
EMOTION: disgusted",[-0.55  0.4   0.1 ],0.2453568829277059,True,False
My dog decided to pee on my bed when I wasn't home. I just cleaned it too!,angry,"Customer :My dog decided to pee on my bed when I wasn't home. Little jerk.
Agent :",angry,angry,disgusted,"REASONING: The situation involves a bodily fluid contaminating the speaker’s bed, which triggers revulsion and the urge to reject/avoid the mess. Although there is frustration with the dog, the primary reaction is disgust due to contamination.
VAD_Estimate: [V: -0.55, A: +0.40, D: +0.10]
EMOTION: disgusted",[-0.55  0.4   0.1 ],0.2453568829277059,True,False
My neighbor lets his dog poo in my yard.,angry,"Customer :That's not fair! Does it go on your property?
Agent :",angry,angry,disgusted,"REASONING: The situation involves dog feces contaminating the speaker’s yard, which triggers revulsion and a desire to reject/avoid the mess. There is blame toward the neighbor, but the primary reaction is disgust over the contamination rather than active confrontational anger.

VAD_Estimate: [V: -0.60, A: +0.35, D: +0.11]
EMOTION: disgusted",[-0.6   0.35  0.11],0.2920616373302047,True,False
I had a bad encounter of someone with horrible road rage.,angry,"Customer :That is so scary, I am glad that you are okay! People are so crazy!!!
Agent :",angry,angry,afraid,"REASONING: The situation describes an unpleasant, aggressive encounter with another driver, which triggers high arousal and a sense of vulnerability due to the unpredictable, potentially threatening nature of road rage. The speaker is not expressing irritation or blame but rather distress from being subjected to hostility, indicating fear.
VAD_Estimate: [V: -0.65, A: +0.60, D: -0.45]
EMOTION: afraid",[-0.65  0.6  -0.45],0.7139327699440613,True,False
when my brother got jumped,angry,"Customer :ah no thats horrible i hate to hear that
Agent :",angry,angry,afraid,"REASONING: A violent attack on the speaker’s brother is highly negative and arousing, with the speaker in a helpless, protective position rather than in control. The threat to a loved one triggers fear and vulnerability more than active blame.
VAD_Estimate: [V: -0.70, A: +0.65, D: -0.45]
EMOTION: afraid",[-0.7   0.65 -0.45],0.7278049189171505,True,False
I dropped a mug and my coffee went everywhere,angry,"Customer :No, just a hassle to clean it all up
Agent :",angry,angry,surprised,"REASONING: The sudden, accidental spill creates an unexpected, high-arousal startle. The outcome is mildly negative, but there is no clear blame, threat, or intense frustration, so the dominant reaction is surprise rather than anger or fear.
VAD_Estimate: [V: -0.30, A: +0.65, D: -0.20]
EMOTION: surprised",[-0.3   0.65 -0.2 ],0.500199960015992,True,False
I had a bad encounter of someone with horrible road rage.,angry,"Customer :I had a horrible experience with someone who had a horrible case of road rage.
Agent :",angry,angry,afraid,"REASONING: The situation involves encountering another person’s aggressive road rage, which is threatening and unpredictable. This creates high negative arousal and a sense of vulnerability or lack of control, pointing more toward fear than anger.
VAD_Estimate: [V: -0.65, A: +0.60, D: -0.45]
EMOTION: afraid",[-0.65  0.6  -0.45],0.7139327699440613,True,False
my neighbors dog keeps pooping on my driveway,angry,"Customer :I hate that, did you ask them to stop
Agent :",angry,angry,disgusted,"REASONING: The repeated dog feces on the driveway involves contamination and bodily waste, triggering revulsion rather than a clear life-threatening fear or confrontational anger. Negative valence, moderate arousal, and slight controlling rejection fit disgust.
VAD_Estimate: [V: -0.58, A: +0.38, D: +0.12]
EMOTION: disgusted",[-0.58  0.38  0.12],0.2567099530598687,True,False
I was cut off today and crashed my car to avoid colliding with someone.,angry,"Customer :I am, just a little bit winded. Also very angry that the person just drove away like nothing happened!
Agent :",angry,angry,afraid,"REASONING: The situation involves a sudden, dangerous traffic event where the speaker had to act quickly to avoid a collision, indicating high arousal, strongly negative valence, and a lack of control over the unfolding danger. The primary emotional response is fear/panic rather than anger because the focus is on avoiding harm, not confronting a blamed party.
VAD_Estimate: [V: -0.75, A: +0.70, D: -0.45]
EMOTION: afraid",[-0.75  0.7  -0.45],0.7481310045707236,True,False
My dog decided to take a break from potty training and go all over my house while I was at work. No more free roaming for that bad dog,angry,"Customer :well, something must have gone wrong somehow, I think you should talk to your vet doctor
Agent :",angry,angry,disgusted,"REASONING: The situation involves dog waste all over the house, which is a contamination/bodily-fluid trigger causing revulsion and frustration. The speaker also blames the dog, but the primary visceral reaction is disgust at the mess.
VAD_Estimate: [V: -0.65, A: 0.40, D: 0.10]
EMOTION: disgusted",[-0.65  0.4   0.1 ],0.27964262908219123,True,False
"I was sitting on my couch the other day, when my two year old came out of nowhere, and threw my phone at my head.  It hurt really bad.",angry,"Customer :Sometimes he is just trying to be helpful, and hand me things.  I think sometimes he just gets too excited to be helpful, and clocks me in the face.
Agent :",angry,angry,surprised,"REASONING: A sudden, unexpected physical impact from the toddler causes pain and a startled, high-arousal reaction with little sense of control. The focus is on the surprising nature of the event rather than blame or threat.
VAD_Estimate: [V: -0.35, A: +0.65, D: -0.20]
EMOTION: surprised",[-0.35  0.65 -0.2 ],0.48135226186234964,True,False
"I was sitting on my couch the other day, when my two year old came out of nowhere, and threw my phone at my head.  It hurt really bad.",angry,"Customer :I see, well kids will be kids
Agent :",angry,angry,surprised,"REASONING: The event is sudden and unexpected (“came out of nowhere”), causing a startle response and physical pain, with no clear intentional threat or frustration aimed at a blameworthy agent. High arousal, mildly negative valence, and low control/dominance fit surprise more than anger or fear.
VAD_Estimate: [V: -0.30, A: +0.70, D: -0.20]
EMOTION: surprised",[-0.3  0.7 -0.2],0.5086255990411809,True,False
My boss embarrassed me infront of the investors.,angry,"Customer :Oh no! What happened?
Agent :",angry,angry,afraid,"REASONING: Public embarrassment is highly unpleasant, arousing, and leaves the speaker feeling exposed and low in control — not assertive or dominant. This VAD profile is closest to the afraid prototype among the benchmark emotions.
VAD_Estimate: [V: -0.65, A: +0.55, D: -0.50]
EMOTION: afraid",[-0.65  0.55 -0.5 ],0.7640026177965623,True,False
My flight was cancelled,angry,"Customer :That is unfortunate. You must have really angry to have wasted your time.
Agent :",angry,angry,sad,"REASONING: The cancellation is an unwanted, uncontrollable event that produces disappointment and passivity; valence is clearly negative, arousal is relatively low, and dominance is low because the speaker has no control. This aligns best with sadness rather than anger or fear.
VAD_Estimate: [V: -0.55, A: -0.15, D: -0.40]
EMOTION: sad",[-0.55 -0.15 -0.4 ],0.9857484466130292,True,False
My daughters's boy friend got drunk and started a fight with my husband. We had to call the police.,angry,"Customer :It was awful. We had to call the police. He was crazy!
Agent :",angry,angry,afraid,"REASONING: A drunk person starting a physical fight is a negative, high-arousal event; having to call the police suggests the speaker felt the situation was dangerous and out of their control, indicating vulnerability rather than assertive anger.
VAD_Estimate: [V: -0.70, A: +0.65, D: -0.45]
EMOTION: afraid",[-0.7   0.65 -0.45],0.7278049189171505,True,False
when my food wasnt cooked right,disgusted,"Customer :i am normally not picky with mistakes on my food,,,but i ordered a chicken sandwch and the chicken was still very pink/ red in the middle
Agent :",disgusted,disgusted,angry,"REASONING: Poorly cooked food triggers frustration and irritation rather than fear or sadness; it involves blame toward the preparation, with moderate-to-high arousal and assertive displeasure, not revulsion.
VAD_Estimate: [V: -0.55, A: +0.55, D: +0.25]
EMOTION: angry",[-0.55  0.55  0.25],0.2491987158875423,True,False
My garbage bad broke and spilled all over the bed of my truck.,disgusted,"Customer :thats awful, did it clean up easily?
Agent :",disgusted,disgusted,angry,"REASONING: The broken garbage bag creates an irritating, unpleasant mess rather than a physical threat, and the reaction is active frustration about the cleanup. This fits high displeasure, moderate-high arousal, and a sense of frustrated control.
VAD_Estimate: [V: -0.55, A: +0.55, D: +0.25]
EMOTION: angry",[-0.55  0.55  0.25],0.2491987158875423,True,False
I really do not like the free education law.,disgusted,"Customer :Why not?
Agent :",disgusted,disgusted,angry,"REASONING: The speaker expresses strong disapproval of a policy, which is a negative and actively irritated stance rather than sadness or fear. This reflects negative valence, moderate-to-high arousal, and assertive control.
VAD_Estimate: [V: -0.55, A: +0.55, D: +0.25]
EMOTION: angry",[-0.55  0.55  0.25],0.2491987158875423,True,False
"One time, I told my friend who lives outside of city limits that she could bring her recyclables to my house since city recycling isn't offered where she lives. She said she didn't want to because it would be too much work for her.",disgusted,"Customer :I think so too! But, unfortunately, she seemed to think that it would be too much work for her.
Agent :",disgusted,disgusted,angry,"REASONING: The friend’s refusal of a helpful offer is mildly unpleasant and frustrating, with active irritation rather than sadness or fear. There is a clear target (the friend) for blame, so anger is the closest fit.

VAD_Estimate: [V: -0.45, A: +0.45, D: +0.20]
EMOTION: angry",[-0.45  0.45  0.2 ],0.20149441679609884,True,False
I was shocked to see how many hotdogs they were eating at once. This has to be a sin...and a waste of food!,disgusted,"Customer :Where did this happen?
Agent :",disgusted,disgusted,surprised,"REASONING: The speaker explicitly says “shocked,” which signals surprise with high arousal; the situation is judged negatively (waste of food, sin), but the dominant emotional reaction is disbelief rather than sustained anger or disgust.
VAD_Estimate: [V: -0.15, A: +0.65, D: -0.20]
EMOTION: surprised",[-0.15  0.65 -0.2 ],0.623377895020348,True,False
I can't believe my neighbors left trash all over the steps. I dont get it,disgusted,"Customer :My neighbors left trash all over the stairs.
Agent :",disgusted,disgusted,surprised,"REASONING: The situation is unpleasant but not threatening, and the speaker emphasizes disbelief and confusion rather than confrontation. This suggests moderately negative valence, heightened arousal from unexpectedness, and low dominance due to uncertainty.
VAD_Estimate: [V: -0.30, A: +0.55, D: -0.30]
EMOTION: surprised",[-0.3   0.55 -0.3 ],0.545985347788748,True,False
I am so embarrassed at Trump.,disgusted,"Customer :Absolutely everything.He has no manners.
Agent :",disgusted,disgusted,afraid,"REASONING: Embarrassment involves unpleasant self-consciousness and a sense of exposure, producing negative valence, moderate-to-high arousal, and low dominance/vulnerability. This VAD profile is closest to the afraid prototype among the given benchmark emotions.
VAD_Estimate: [V: -0.55, A: +0.50, D: -0.40]
EMOTION: afraid",[-0.55  0.5  -0.4 ],0.5339475629684998,True,False
I ordered wings yesterday and they put seasoned salt on the fries. Terrible,disgusted,"Customer :Did you call to complain?
Agent :",disgusted,disgusted,angry,"REASONING: The speaker is expressing irritation and critical frustration about a specific food mistake by the restaurant, not revulsion or fear. This is low-level anger with clear blame and active displeasure.
VAD_Estimate: [V: -0.55, A: +0.55, D: +0.20]
EMOTION: angry",[-0.55  0.55  0.2 ],0.2249444375840399,True,False
My roommate's friend comes over and just eats all of the food in our fridge without really asking. I don't get how people can have a total lack of self-awareness and can be so selfish to just barge in and eat other people's food. I cringe at thinking about being that rude to someone,disgusted,"Customer :Well, I might leave him a surprise in the fridge for the next time he comes over. Some Ex-Lax chocolate pudding or something.
Agent :",disgusted,disgusted,angry,"REASONING: The situation involves irritation and blame toward a specific person for selfish, inconsiderate behavior, with active frustration rather than helplessness or disgust. This maps to high displeasure, high arousal, and assertive control.
VAD_Estimate: [V: -0.60, A: +0.65, D: +0.25]
EMOTION: angry",[-0.6   0.65  0.25],0.331058907144937,True,False
I went shopping at a new store and bought all of my meat for the week.  When I got home I realized it was all expired.,disgusted,"Customer :I thought they were good deals, until I got home and smelled some of the meat.
Agent :",disgusted,disgusted,angry,"REASONING: The situation is negative because the meat is unusable, and the frustration is directed at the store's negligence. There is active irritation and a sense of being wronged, with assertive blame rather than helplessness or revulsion.
VAD_Estimate: [V: -0.60, A: +0.60, D: +0.25]
EMOTION: angry",[-0.6   0.6   0.25],0.2865309756378881,True,False
So I saw a guy at the gas station yesterday and he was over 40..listening to nasty rap and of course he got out to use the free air pump then just THREW it on the ground.,disgusted,"Customer :Oh, that sound alful! Some people have zero respect for others belonging and even less for things we all need to share.
Agent :",disgusted,disgusted,angry,"REASONING: The speaker is criticizing a specific person’s rude and disrespectful behavior, showing irritation and frustration rather than helplessness or revulsion. This is active annoyance with a clear target, fitting anger.
VAD_Estimate: [V: -0.55, A: +0.60, D: +0.30]
EMOTION: angry",[-0.55  0.6   0.3 ],0.3179622619116929,True,False
I ordered some chicken from a nearby restaurant the other day and it almost killed me.,disgusted,"Customer :Oh no! I would have been so disgusted! And mad!
Agent :",disgusted,disgusted,afraid,"REASONING: The situation describes a severe, life-threatening health danger from food, which triggers high negative arousal and a sense of vulnerability/helplessness rather than assertive blame. The closest VAD match is high displeasure, high arousal, and low dominance.
VAD_Estimate: [V: -0.70, A: +0.60, D: -0.45]
EMOTION: afraid",[-0.7   0.6  -0.45],0.6213694553162394,True,False
So I saw a guy at the gas station yesterday and he was over 40..listening to nasty rap and of course he got out to use the free air pump then just THREW it on the ground.,disgusted,"Customer :So I saw a guy at the gas station yesterday and he was over 40..listening to nasty rap and of course he got out to use the free air pump then just THREW it on the ground. They constantly have to replace it and it's the only free one in the area.
Agent :",disgusted,disgusted,angry,"REASONING: The speaker is expressing irritation and frustration toward a specific person’s rude, inconsiderate behavior, with clear blame directed at the man. This is active annoyance rather than fear, sadness, or physical revulsion, so anger fits best.
VAD_Estimate: [V: -0.55, A: +0.60, D: +0.25]
EMOTION: angry",[-0.55  0.6   0.25],0.2908607914449797,True,False
Tried eggplant the other day,disgusted,"Customer :I ate some fried EGGPLANT!!!!  It was so gross!!
Agent :",disgusted,disgusted,surprised,"REASONING: The statement gives no explicit emotion word and no clear positive or negative outcome. Trying an unfamiliar food involves mild novelty and uncertainty, with neutral valence and slightly heightened arousal, aligning most closely with the surprised prototype.
VAD_Estimate: [V: 0.00, A: +0.50, D: -0.20]
EMOTION: surprised",[ 0.   0.5 -0.2],0.6918092222571192,True,False
I ordered a half pound of turley and the lady at the deli gave me roast beef. I didn't notice until we got home. It was terrible,disgusted,"Customer :I ordered a half pound of turkey at the deli. That is not what I got.
Agent :",disgusted,disgusted,angry,"REASONING: The mistake at the deli is a frustrating, avoidable error caused by a specific person, producing irritation and blame rather than sadness or fear. This is moderately high arousal displeasure with assertive frustration.
VAD_Estimate: [V: -0.55, A: +0.60, D: +0.20]
EMOTION: angry",[-0.55  0.6   0.2 ],0.27037011669191546,True,False
I ordered mcdonalds today from uber and it was terrible.,disgusted,"Customer :Yea, Mcdonald's can be so hit or miss sometimes.
Agent :",disgusted,disgusted,angry,"REASONING: The speaker is actively frustrated and irritated by the poor quality of the food they received, expressing blame toward the order/service rather than sadness or fear. This is a negative, moderately arousing, assertive reaction → anger.
VAD_Estimate: [V: -0.55, A: +0.55, D: +0.20]
EMOTION: angry",[-0.55  0.55  0.2 ],0.2249444375840399,True,False
My roommate's friend comes over and just eats all of the food in our fridge without really asking. I don't get how people can have a total lack of self-awareness and can be so selfish to just barge in and eat other people's food. I cringe at thinking about being that rude to someone,disgusted,"Customer :I would be mad as heck. Did you confront them about this behavior?
Agent :",disgusted,disgusted,angry,"REASONING: The speaker is actively irritated and frustrated by a specific person’s selfish behavior, showing blame and annoyance rather than fear, sadness, or physical revulsion. This fits high displeasure, high arousal, and assertive control.
VAD_Estimate: [V: -0.60, A: +0.65, D: +0.25]
EMOTION: angry",[-0.6   0.65  0.25],0.331058907144937,True,False
I am sick of what Harvey Weinstein did.,disgusted,"Customer :He raped women, terrible.
Agent :",disgusted,disgusted,angry,"REASONING: The speaker expresses frustration and blame toward a specific person (Harvey Weinstein), indicating irritation and confrontation rather than helplessness or revulsion. Valence is negative, arousal is moderately high, and dominance is assertive.
VAD_Estimate: [V: -0.55, A: +0.60, D: +0.25]
EMOTION: angry",[-0.55  0.6   0.25],0.2908607914449797,True,False
One of my classmates asked me to copy my homework and submit as his own. Can't stand such a shameful behavior,disgusted,"Customer :One of my classmate shamelessly asked me to copy my homework and submit as his own. So disgusted at his behavior
Agent :",disgusted,disgusted,angry,"REASONING: The speaker is irritated and blaming a specific person for an unethical action, showing high displeasure and active frustration rather than helplessness or revulsion.  
VAD_Estimate: [V: -0.60, A: +0.65, D: +0.25]  
EMOTION: angry",[-0.6   0.65  0.25],0.331058907144937,True,False
i hate being around negative people and situations,disgusted,"Customer :i hate being around negative people and situations
Agent :",disgusted,disgusted,angry,"REASONING: The word “hate” expresses strong negative displeasure and active irritation, not sadness or fear. Arousal is moderately high due to frustration, with a somewhat assertive stance against the disliked people/situations → closest to anger.
VAD_Estimate: [V: -0.65, A: +0.55, D: +0.25]
EMOTION: angry",[-0.65  0.55  0.25],0.2491987158875423,True,False
A kid I went to school with is in jail for harming a puppy!,disgusted,"Customer :That is terrible. 
Agent :",disgusted,disgusted,angry,"REASONING: Clear moral outrage at a specific person’s harmful actions; active blaming and irritation indicate high displeasure, high arousal, and assertive control → anger.
VAD_Estimate: [V: -0.65, A: +0.60, D: +0.20]
EMOTION: angry",[-0.65  0.6   0.2 ],0.27037011669191546,True,False
I went to a buffet today and ate wayyyyy too much,disgusted,"Customer :That sounds awesome, I'm so stuffed but I would still go for some seafood
Agent :",disgusted,disgusted,sad,"REASONING: No explicit emotion word; overeating at a buffet suggests unpleasant fullness, regret, low energy, and a sense of losing self-control, which aligns with low-arousal negative affect rather than anger or active disgust.
VAD_Estimate: [V: -0.45, A: -0.30, D: -0.35]
EMOTION: sad",[-0.45 -0.3  -0.35],0.8103085831953157,True,False
My best friend's husband cheated on her with his sister in law!,disgusted,"Customer :She does but I imagine it's going to be very hard for her.
Agent :",disgusted,disgusted,angry,"REASONING: The situation describes a clear betrayal by a specific person, triggering outrage, blame, and indignation rather than fear or helplessness. The negative valence is paired with high arousal and assertive control, fitting anger more than disgust or sadness.
VAD_Estimate: [V: -0.55, A: +0.65, D: +0.30]
EMOTION: angry",[-0.55  0.65  0.3 ],0.3586084215408222,True,False
"I put my garbage out on the side of the road and raccoons had gotten into it,",disgusted,"Customer :Something really gross happened to me last week
Agent :",disgusted,disgusted,angry,"REASONING: The situation is irritating and mildly angering because the person’s effort was ruined by raccoons, with no fear or sadness involved; it reflects active frustration rather than passivity or revulsion.
VAD_Estimate: [V: -0.55, A: +0.55, D: +0.20]
EMOTION: angry",[-0.55  0.55  0.2 ],0.2249444375840399,True,False
I can't believe they put onions on my burger today I hate onions.,disgusted,"Customer :Obviously I didn't ask for them
Agent :",disgusted,disgusted,angry,"REASONING: The speaker is annoyed and frustrated because a specific party incorrectly added onions, a strongly disliked ingredient, to their burger. This is a negative, irritating event with moderate-high arousal and assertive blame rather than helplessness or revulsion.
VAD_Estimate: [V: -0.55, A: +0.60, D: +0.25]
EMOTION: angry",[-0.55  0.6   0.25],0.2908607914449797,True,False
I went to a buffet today and ate wayyyyy too much,disgusted,"Customer :i only do that at the seafood buffet.
Agent :",disgusted,disgusted,sad,"REASONING: Overeating at a buffet leads to unpleasant physical fullness and regret, with low energy and a passive sense of loss of control rather than high-arousal anger, fear, or disgust.
VAD_Estimate: [V: -0.40, A: -0.35, D: -0.30]
EMOTION: sad",[-0.4  -0.35 -0.3 ],0.8355237878121723,True,False
My friend left the house in dirt.,disgusted,"Customer :I just got home and saw that my friend left the house in dirt. There were beers cans everywhere. 
Agent :",disgusted,disgusted,angry,"REASONING: The friend’s action created a negative, annoying situation with clear blame, causing irritation and frustration rather than sadness or fear.
VAD_Estimate: [V: -0.55, A: +0.60, D: +0.20]
EMOTION: angry",[-0.55  0.6   0.2 ],0.27037011669191546,True,False
I once Had a giant gash on my leg.,disgusted,"Customer :I almost did actually,  I had to just look away and pretend nothing happened!
Agent :",disgusted,disgusted,afraid,"REASONING: A giant gash on the leg is a painful, potentially alarming injury that creates vulnerability and a sense of danger. The situation is strongly unpleasant, high in arousal due to pain and panic, and low in control, matching fear more than sadness or anger.
VAD_Estimate: [V: -0.70, A: +0.60, D: -0.45]
EMOTION: afraid",[-0.7   0.6  -0.45],0.6213694553162394,True,False
Had lunch with my friend for his birthday.  Not feeling too well now.,disgusted,"Customer :What did you guys eat?
Agent :",disgusted,disgusted,sad,"REASONING: The situation is negative because the speaker feels physically unwell after a pleasant lunch, with low energy and a passive, vulnerable quality rather than anger, fear, or disgust. Valence is negative, arousal is low/calm, and dominance is low.
VAD_Estimate: [V: -0.55, A: -0.35, D: -0.30]
EMOTION: sad",[-0.55 -0.35 -0.3 ],0.8127730310486438,True,False
I am sick of what Harvey Weinstein did.,disgusted,"Customer :I am sick of what Harvey Weinstein did.
Agent :",disgusted,disgusted,angry,"REASONING: The speaker expresses irritation and blame toward a specific person, Harvey Weinstein. “Sick of” here means fed up and frustrated, not physical revulsion, so this is active anger rather than fear or disgust. High displeasure, moderately high arousal, and assertive blame fit anger.
VAD_Estimate: [V: -0.55, A: +0.60, D: +0.30]
EMOTION: angry",[-0.55  0.6   0.3 ],0.3179622619116929,True,False
I watched a news report about the mistreatment of animals. The behavior of these people is something I can't stand.,disgusted,"Customer :I am with you.  It is horrendous
Agent :",disgusted,disgusted,angry,"REASONING: The speaker is reacting to animal mistreatment with active irritation and blame toward the people responsible. This is high-arousal frustration with assertive control rather than helplessness or physical revulsion.
VAD_Estimate: [V: -0.60, A: +0.65, D: +0.25]
EMOTION: angry",[-0.6   0.65  0.25],0.331058907144937,True,False
I ordered wings yesterday and they put seasoned salt on the fries. Terrible,disgusted,"Customer :I ordered food yesterday and my fries came with seasoned salt. I hate that.
Agent :",disgusted,disgusted,angry,"REASONING: The speaker is frustrated and complaining about a specific restaurant mistake (seasoned salt on fries), with clear irritation and blame directed at an external cause. This is negative in valence, moderately high in arousal, and somewhat assertive rather than helpless or sad.
VAD_Estimate: [V: -0.55, A: +0.55, D: +0.25]
EMOTION: angry",[-0.55  0.55  0.25],0.2491987158875423,True,False
A kid I went to school with is in jail for harming a puppy!,disgusted,"Customer :It really is, what possesses someone to do that?
Agent :",disgusted,disgusted,angry,"REASONING: The situation involves a specific person causing harm to a vulnerable animal, which triggers moral outrage and blame. Negative valence, high arousal, and a sense of assertive condemnation point clearly to anger rather than fear or disgust.
VAD_Estimate: [V: -0.65, A: +0.60, D: +0.30]
EMOTION: angry",[-0.65  0.6   0.3 ],0.3179622619116929,True,False
"My daughter hides food under her bed,",disgusted,"Customer :That is gross, what kind of food?
Agent :",disgusted,disgusted,angry,"REASONING: The statement describes a repeated, irritating behavior by a specific person (the daughter), which suggests frustration and a desire to correct it rather than helplessness, fear, or revulsion. The valence is negative, arousal is moderately high from annoyance, and dominance is slightly assertive.
VAD_Estimate: [V: -0.55, A: +0.55, D: +0.20]
EMOTION: angry",[-0.55  0.55  0.2 ],0.2249444375840399,True,False
My friend left the house in dirt.,disgusted,"Customer :You're right. But first I have to call the cleaning company because I am beyond disgusted by all the filth he left.
Agent :",disgusted,disgusted,angry,"REASONING: The friend left the house dirty, which is a negative event caused by a specific person, triggering irritation and blame rather than sadness or fear. This fits moderate-to-high arousal with assertive frustration.
VAD_Estimate: [V: -0.55, A: +0.55, D: +0.20]
EMOTION: angry",[-0.55  0.55  0.2 ],0.2249444375840399,True,False
So I saw a guy at the gas station yesterday and he was over 40..listening to nasty rap and of course he got out to use the free air pump then just THREW it on the ground.,disgusted,"Customer :I know right? It is so ghetto in my neighborhood but I just cannot stand people who behave that way. Yes zero respect and zero care for even their own things, let alone others. Its sad.
Agent :",disgusted,disgusted,angry,"REASONING: The speaker is irritably judging the man’s behavior and his careless disrespect, expressing active frustration rather than fear, sadness, or visceral disgust. This is negative valence with moderate-to-high arousal and a somewhat assertive, complaining stance.
VAD_Estimate: [V: -0.55, A: +0.55, D: +0.20]
EMOTION: angry",[-0.55  0.55  0.2 ],0.2249444375840399,True,False
Tried eggplant the other day,disgusted,"Customer :what did you try?
Agent :",disgusted,disgusted,surprised,"REASONING: The statement reports a novel food experience without explicit positive or negative evaluation, so valence is neutral; trying something new may involve mild unexpectedness and curiosity, aligning most closely with surprise.
VAD_Estimate: [V: 0.00, A: +0.50, D: -0.10]
EMOTION: surprised",[ 0.   0.5 -0.1],0.6531462317123172,True,False
I really do not like the free education law.,disgusted,"Customer :If your parents make too much money you do not qualify.
Agent :",disgusted,disgusted,angry,"REASONING: The speaker expresses clear disapproval and irritation toward a specific target (the free education law), indicating frustration with an external cause rather than sadness or fear. This is active annoyance with assertive opposition, fitting anger.
VAD_Estimate: [V: -0.55, A: +0.40, D: +0.20]
EMOTION: angry",[-0.55  0.4   0.2 ],0.11445523142259596,True,False
I went shopping at a new store and bought all of my meat for the week.  When I got home I realized it was all expired.,disgusted,"Customer :Uh oh...Was it tainted? I wouldn't risk it...
Agent :",disgusted,disgusted,angry,"REASONING: Negative event caused by a specific store’s mistake; the reaction is irritation and frustration over wasted food and money rather than fear, sadness, or revulsion. This fits high displeasure, high arousal, and assertive blame.
VAD_Estimate: [V: -0.55, A: +0.60, D: +0.30]
EMOTION: angry",[-0.55  0.6   0.3 ],0.3179622619116929,True,False
I am so embarrassed at Trump.,disgusted,"Customer :I am so embarrassed at Trump.
Agent :",disgusted,disgusted,afraid,"REASONING: “Embarrassed” signals negative, self-conscious discomfort with vulnerability and a desire to hide, not confrontational anger. The closest VAD match is a high-arousal, low-dominance negative state like afraid.
VAD_Estimate: [V: -0.55, A: +0.45, D: -0.45]
EMOTION: afraid",[-0.55  0.45 -0.45],0.5710516614107695,True,False
I am so embarrassed at Trump.,disgusted,"Customer :I understand a lot of people have issues with him.  What makes you embarrassed?
Agent :",disgusted,disgusted,afraid,"REASONING: The speaker’s embarrassment is a negative, self-conscious state with heightened arousal and a sense of exposure or vulnerability. Among the benchmark emotions, it is closest to afraid because of the negative valence, active arousal, and low dominance.
VAD_Estimate: [V: -0.60, A: +0.55, D: -0.40]
EMOTION: afraid",[-0.6   0.55 -0.4 ],0.5478138369920935,True,False
I watched a news report about the mistreatment of animals. The behavior of these people is something I can't stand.,disgusted,"Customer :I hope that the punishment they receive will be a warning for others.
Agent :",disgusted,disgusted,angry,"REASONING: The speaker is reacting to cruelty toward animals with strong irritation and blame toward the people responsible. This is a negative, high-arousal, fairly assertive response rather than helplessness or revulsion, so anger fits best.
VAD_Estimate: [V: -0.65, A: +0.60, D: +0.20]
EMOTION: angry",[-0.65  0.6   0.2 ],0.27037011669191546,True,False
I really do not like the free education law.,disgusted,"Customer :I really do not like the free education law.
Agent :",disgusted,disgusted,angry,"REASONING: The speaker expresses clear displeasure and irritation toward a specific policy, with active frustration rather than fear, sadness, or revulsion. This suggests negative valence, moderate-high arousal, and assertive blaming control.
VAD_Estimate: [V: -0.55, A: +0.50, D: +0.30]
EMOTION: angry",[-0.55  0.5   0.3 ],0.2471841418861655,True,False
I was shocked to see how many hotdogs they were eating at once. This has to be a sin...and a waste of food!,disgusted,"Customer :I was shocked to see how many hotdogs they were eating at one. This has to be a sin...and a gigantic waste of food.
Agent :",disgusted,disgusted,surprised,"REASONING: The explicit emotion word “shocked” signals surprise as the dominant reaction. The speaker’s disapproving aside adds mildly negative valence, but the high arousal and startled disbelief still align with surprise.
VAD_Estimate: [V: -0.20, A: +0.67, D: -0.13]
EMOTION: surprised",[-0.2   0.67 -0.13],0.565685424949238,True,False
My roommate's friend comes over and just eats all of the food in our fridge without really asking. I don't get how people can have a total lack of self-awareness and can be so selfish to just barge in and eat other people's food. I cringe at thinking about being that rude to someone,disgusted,"Customer :I'm not really a confrontational person... I asked my roommate to say something since he knows him better obviously. He said he brought it up, but didn't seem to change much. Then I kind of said something too, but the guy just kind of laughed it off, like he thinks we're just joking. I dunno what goes through his head
Agent :",disgusted,disgusted,angry,"REASONING: The situation centers on an interpersonal boundary violation that triggers active irritation, blame, and frustration toward the roommate's friend, rather than physical revulsion or helplessness. The speaker responds with assertive criticism, so valence is negative, arousal is high, and dominance is moderately high.
VAD_Estimate: [V: -0.60, A: +0.65, D: +0.30]
EMOTION: angry",[-0.6   0.65  0.3 ],0.3551056180912941,True,False
My best friend's husband cheated on her with his sister in law!,disgusted,"Customer :I guarantee you have never heard a thing more vile. My best friend's husband cheated on her with his sister in law!
Agent :",disgusted,disgusted,angry,"REASONING: The situation involves a severe interpersonal betrayal by specific people, triggering outrage and blame rather than helplessness or revulsion. Valence is strongly negative, arousal is high with active irritation, and dominance reflects assertive condemnation toward the wrongdoers.
VAD_Estimate: [V: -0.65, A: +0.65, D: +0.25]
EMOTION: angry",[-0.65  0.65  0.25],0.3348133808556642,True,False
Tried eggplant the other day,disgusted,"Customer :Man I tried something really GROSS the other day
Agent :",disgusted,disgusted,surprised,"REASONING: No explicit emotion word is used; the statement reports a novel, mildly uncertain experience without strong pleasure/displeasure. The near-neutral valence and slight arousal/uncertainty place it closest to the surprised prototype.
VAD_Estimate: [V: 0.00, A: 0.30, D: -0.10]
EMOTION: surprised",[ 0.   0.3 -0.1],0.6376519426771944,True,False
One of my classmates asked me to copy my homework and submit as his own. Can't stand such a shameful behavior,disgusted,"Customer :Well maybe he trusted you as a good friend, next time try to help him with his homework instead
Agent :",disgusted,disgusted,angry,"REASONING: The speaker is actively irritated and morally condemns a classmate’s dishonest behavior, with a clear target for blame. This reflects high displeasure, high arousal, and assertive control rather than fear, sadness, or physical revulsion.
VAD_Estimate: [V: -0.60, A: +0.60, D: +0.30]
EMOTION: angry",[-0.6  0.6  0.3],0.31400636936215165,True,False
I ordered wings yesterday and they put seasoned salt on the fries. Terrible,disgusted,"Customer :Less salt is always better than to much salt on food.
Agent :",disgusted,disgusted,angry,"REASONING: The speaker is actively irritated by a specific external cause—the restaurant’s mistake with the fries—expressing displeasure and complaint rather than fear, sadness, or revulsion.
VAD_Estimate: [V: -0.55, A: +0.55, D: +0.25]
EMOTION: angry",[-0.55  0.55  0.25],0.2491987158875423,True,False
I ordered some chicken from a nearby restaurant the other day and it almost killed me.,disgusted,"Customer :That sounds awful. I hope you filed a complaint with the restaurant!  
Agent :",disgusted,disgusted,afraid,"REASONING: The event is highly negative and life-threatening, with intense physical distress and lack of control over the outcome. This matches high displeasure, high arousal, and vulnerable low dominance rather than anger or disgust.
VAD_Estimate: [V: -0.70, A: +0.60, D: -0.45]
EMOTION: afraid",[-0.7   0.6  -0.45],0.6213694553162394,True,False
I ordered a half pound of turley and the lady at the deli gave me roast beef. I didn't notice until we got home. It was terrible,disgusted,"Customer :I got some weird cajun roast beef. I didn't even notice until I was gonna make sandwiches.
Agent :",disgusted,disgusted,angry,"REASONING: The situation is a clear service mistake caused by the deli worker, producing frustration and irritation rather than fear, sadness, or revulsion. The negative valence and active irritation point to anger.
VAD_Estimate: [V: -0.55, A: +0.60, D: +0.25]
EMOTION: angry",[-0.55  0.6   0.25],0.2908607914449797,True,False
"I cannot stand my sister in law.  I'm literally sick over how she treats her boys - she says she loves them but my mother in law raises them, clothes them, feeds them, shelters them.  All so she can go get tummy tucks, boob jobs, etc..",disgusted,"Customer :She says that she loves them, but my mother in law is the one who raised them, clothed them, fed them, etc..  and my sister in law spends all her money on herself.
Agent :",disgusted,disgusted,angry,"REASONING: The speaker directs strong irritation and blame at a specific person (the sister-in-law) for neglecting her children, with active frustration and condemnation. This is negative, high-arousal anger rather than helpless fear or contamination-based disgust.

VAD_Estimate: [V: -0.60, A: +0.60, D: +0.25]
EMOTION: angry",[-0.6   0.6   0.25],0.2865309756378881,True,False
I love corn dogs but today I was given one with a por hot dog in it,disgusted,"Customer :I didnt buy the one I had today. IT was pork and I could tell. It was terrible
Agent :",disgusted,disgusted,sad,"REASONING: The situation is mildly negative because a favorite food turned out to be poor-quality, creating disappointment rather than active anger or revulsion. The tone is passive and low-energy, with little sense of control over the bad outcome.
VAD_Estimate: [V: -0.55, A: -0.30, D: -0.35]
EMOTION: sad",[-0.55 -0.3  -0.35],0.7978721702127477,True,False
I love corn dogs but today I was given one with a por hot dog in it,disgusted,"Customer :corn dogs are yummy. where do you get yours from?
Agent :",disgusted,disgusted,sad,"REASONING: The person’s general love for corn dogs sets up an expectation, but the event of being given one with a poor/low-quality hot dog is an unpleasant letdown rather than a threat or outrage. This produces mildly negative valence, low-energy disappointment, and low control over the situation.

VAD_Estimate: [V: -0.45, A: -0.25, D: -0.30]

EMOTION: sad",[-0.45 -0.25 -0.3 ],0.7420242583635659,True,False
I can't believe they put onions on my burger today I hate onions.,disgusted,"Customer :Why did you ask for onions then?
Agent :",disgusted,disgusted,angry,"REASONING: The speaker is irritated and frustrated because a specific cause (the restaurant/cook) put an unwanted ingredient on their burger. This is active annoyance with clear blame, not fear, sadness, or physical revulsion. High negative valence, elevated arousal, assertive irritation → anger.
VAD_Estimate: [V: -0.60, A: +0.65, D: +0.25]
EMOTION: angry",[-0.6   0.65  0.25],0.331058907144937,True,False
One of my classmates asked me to copy my homework and submit as his own. Can't stand such a shameful behavior,disgusted,"Customer :We are not that close and that is the thing that he dared to directly ask me for it. Plagiarism is unacceptable no matter what
Agent :",disgusted,disgusted,angry,"REASONING: The situation is a clear interpersonal wrongdoing, and the speaker reacts with active irritation and moral condemnation (“can’t stand”) rather than helplessness, sadness, or physical revulsion. This fits high displeasure, moderately high arousal, and assertive control.
VAD_Estimate: [V: -0.55, A: +0.55, D: +0.20]
EMOTION: angry",[-0.55  0.55  0.2 ],0.2249444375840399,True,False
A kid I went to school with is in jail for harming a puppy!,disgusted,"Customer :A kid I went to school with is in jail for harming a puppy, what a vile human!
Agent :",disgusted,disgusted,angry,"REASONING: A specific person caused harm to a vulnerable animal, which triggers clear moral outrage and blame rather than helplessness or revulsion. The reaction is high-arousal irritation with an assertive desire to condemn, fitting anger.
VAD_Estimate: [V: -0.55, A: +0.60, D: +0.25]
EMOTION: angry",[-0.55  0.6   0.25],0.2908607914449797,True,False
I had the most horrible lunch yeterday. It was at my favorite place to eat too so I'm even more upset.,disgusted,"Customer :ohno, what did you have? what was bad about it?
Agent :",disgusted,disgusted,angry,"REASONING: The speaker is reflecting on a negative dining experience with frustration and irritation, especially because it ruined a favorite restaurant. This is an active, blame-oriented reaction rather than sadness or revulsion, so it aligns with anger.
VAD_Estimate: [V: -0.55, A: +0.60, D: +0.25]
EMOTION: angry",[-0.55  0.6   0.25],0.2908607914449797,True,False
"One time, I told my friend who lives outside of city limits that she could bring her recyclables to my house since city recycling isn't offered where she lives. She said she didn't want to because it would be too much work for her.",disgusted,"Customer :That is thoughtful. Recycling is a great way to help the environment.
Agent :",disgusted,disgusted,angry,"REASONING: The friend’s refusal to make a small effort is frustrating and mildly irritating, with no threat or revulsion. The energy is moderate irritation rather than passive sadness, so it aligns closest with anger.

VAD_Estimate: [V: -0.45, A: +0.40, D: +0.20]
EMOTION: angry",[-0.45  0.4   0.2 ],0.1819340539866025,True,False
I can't believe my neighbors left trash all over the steps. I dont get it,disgusted,"Customer :They are new. There were bags of chips and crumbs everywhere.
Agent :",disgusted,disgusted,surprised,"REASONING: The speaker expresses disbelief and confusion about the neighbors’ actions, with no explicit anger, fear, or sadness word. The situation is mildly negative and unexpected, creating moderate-to-high arousal and low control/uncertainty, consistent with surprise.
VAD_Estimate: [V: -0.25, A: +0.60, D: -0.30]
EMOTION: surprised",[-0.25  0.6  -0.3 ],0.5942221806698231,True,False
I was shocked to see how many hotdogs they were eating at once. This has to be a sin...and a waste of food!,disgusted,"Customer :I think New York? I wasn't there personally but I saw it on TV. It was an eating contest but it was disgusting!
Agent :",disgusted,disgusted,surprised,"REASONING: The speaker explicitly says “shocked,” indicating a high-arousal unexpected reaction. There is also mild negative evaluation (“a sin...and a waste of food”), but the dominant emotion is surprise, not anger or disgust.
VAD_Estimate: [V: -0.20, A: +0.70, D: -0.15]
EMOTION: surprised",[-0.2   0.7  -0.15],0.5916924876994806,True,False
I saw my neighbor litter the driveway with some chocolate bars he ate. What a irresponsible person,disgusted,"Customer :Did you tell him anything?
Agent :",disgusted,disgusted,angry,"REASONING: The speaker directly blames the neighbor for a deliberate, irresponsible action, creating irritation and frustration rather than fear or sadness. This is an active, other-directed annoyance with moderate arousal and assertive judgment → anger.
VAD_Estimate: [V: -0.55, A: +0.50, D: +0.20]
EMOTION: angry",[-0.55  0.5   0.2 ],0.18193405398660253,True,False
I went shopping at a new store and bought all of my meat for the week.  When I got home I realized it was all expired.,disgusted,"Customer :I tried shopping at a new discount grocery last week.
Agent :",disgusted,disgusted,angry,"REASONING: The situation is negative because the meat is unusable, and the speaker blames the new store for selling expired products, creating frustration and irritation with a desire to complain. This is active annoyance rather than fear, sadness, or revulsion.
VAD_Estimate: [V: -0.60, A: +0.60, D: +0.25]
EMOTION: angry",[-0.6   0.6   0.25],0.2865309756378881,True,False
"My daughter hides food under her bed,",disgusted,"Customer :My daughter hides food under her bed, how nasty!
Agent :",disgusted,disgusted,sad,"REASONING: The situation is described as a concerning, undesirable behavior, producing a negative and low-energy emotional tone with a sense of helplessness rather than anger or disgust.
VAD_Estimate: [V: -0.60, A: -0.25, D: -0.40]
EMOTION: sad",[-0.6  -0.25 -0.4 ],0.7874642849044012,True,False
I ordered some chicken from a nearby restaurant the other day and it almost killed me.,disgusted,"Customer :I was both. I almost went to the hospital because i had gotten sick later, but it didn't last very long. 
Agent :",disgusted,disgusted,afraid,"REASONING: The situation describes a life-threatening physical danger from food, evoking high-arousal distress and vulnerability rather than a clear desire to confront someone. This matches high negative valence, high arousal, and low dominance.
VAD_Estimate: [V: -0.75, A: +0.60, D: -0.45]
EMOTION: afraid",[-0.75  0.6  -0.45],0.6313477647065839,True,False
"I cannot stand my sister in law.  I'm literally sick over how she treats her boys - she says she loves them but my mother in law raises them, clothes them, feeds them, shelters them.  All so she can go get tummy tucks, boob jobs, etc..",disgusted,"Customer :I cannot stand my sister in law.  I'm literally sick over how she treats her boys.
Agent :",disgusted,disgusted,angry,"REASONING: The speaker is actively frustrated and blaming a specific person for neglecting her children, with high arousal and assertive indignation rather than helplessness or physical revulsion. This maps to high negative valence, high arousal, and moderate dominance.
VAD_Estimate: [V: -0.65, A: +0.60, D: +0.30]
EMOTION: angry",[-0.65  0.6   0.3 ],0.3179622619116929,True,False
"I left some food in the microwave while I went on a trip a while ago. That was such a bad move,",disgusted,"Customer :I left some food in the microwave on accident while I left my house to take a trip.
Agent :",disgusted,disgusted,sad,"REASONING: The speaker expresses regret and self-blame about a past careless mistake, without immediate revulsion or active anger. The tone is negative, low-energy, and deflated rather than assertive or excited.
VAD_Estimate: [V: -0.55, A: -0.25, D: -0.35]
EMOTION: sad",[-0.55 -0.25 -0.35],0.7576938695805846,True,False
"I knew I was looking forward to the birth of my first daughter, but I wasn't expecting that feeling when I saw her for the first time.",joyful,"Customer :Yeah, It's priceless moment. Being a mother, I can understand your feelings.
Agent :",joyful,joyful,surprised,"REASONING: The event is highly positive, but the speaker emphasizes that the feeling was unexpected and overwhelming, indicating high arousal and a loss of composure rather than calm, sustained joy. Valence is positive, but dominance is lowered due to the startling intensity of the moment.
VAD_Estimate: [V: +0.40, A: +0.70, D: -0.10]
EMOTION: surprised",[ 0.4  0.7 -0.1],0.6168468205316454,True,False
I finally have enough money to quit my bad job. It has made me miserable for years.,joyful,"Customer :I finally have enough money to quit my bad job. It has made me miserable for years.
Agent :",joyful,joyful,sad,"REASONING: The speaker explicitly describes the job as having made them “miserable” for years, which anchors the emotion to sadness/dejection. Even though quitting is now possible, the explicit emotion word governs the final label, with low valence, low arousal, and low dominance.
VAD_Estimate: [V: -0.65, A: -0.25, D: -0.35]
EMOTION: sad",[-0.65 -0.25 -0.35],1.7352233285660956,True,False
"I watched the new Smash Bros video and they're coming out with some of my favorite characters. I can't believe this is happening, I've been wanting these characters for years. Now I gotta wait for the game to come out.",joyful,"Customer :The new Smash Bros direct came out today, and they revealed 5 characters that people have been wanting for years!
Agent :",joyful,joyful,surprised,"REASONING: The announcement of favorite characters is positive, but the dominant reaction is “I can’t believe this is happening,” indicating high-arousal disbelief and uncertainty rather than sustained joy. The waiting part adds mild impatience but does not override the surprise.
VAD_Estimate: [V: +0.40, A: +0.70, D: -0.10]
EMOTION: surprised",[ 0.4  0.7 -0.1],0.6168468205316454,True,False
"I told my mom that I didin't want to be in compsci anymore, because I was really miserable. She said that I should do what makes me happy.",joyful,"Customer :I told my mom that I didin't want to be in compsci anymore, because I was really miserable. She said that I should do what makes me happy.
Agent :",joyful,joyful,sad,"REASONING: The speaker explicitly describes feeling “really miserable” about their current situation, which anchors the emotion in sadness despite the mother’s supportive reply. The tone is passive and dejected rather than angry or energized, indicating negative valence, low arousal, and low dominance.

VAD_Estimate: [V: -0.65, A: -0.25, D: -0.35]

EMOTION: sad",[-0.65 -0.25 -0.35],1.7352233285660956,True,False
"I told my mom that I didin't want to be in compsci anymore, because I was really miserable. She said that I should do what makes me happy.",joyful,"Customer :Thanks. My mom is usually very strict, and I thought she would be really upset.
Agent :",joyful,joyful,sad,"REASONING: The speaker explicitly says they were “really miserable,” which anchors the felt emotion as sadness; the mom’s supportive response does not override the explicit emotion word. This is low-energy distress rather than anger, fear, or revulsion.
VAD_Estimate: [V: -0.65, A: -0.25, D: -0.35]
EMOTION: sad",[-0.65 -0.25 -0.35],1.7352233285660956,True,False
"I watched the new Smash Bros video and they're coming out with some of my favorite characters. I can't believe this is happening, I've been wanting these characters for years. Now I gotta wait for the game to come out.",joyful,"Customer :For sure, it's definitely worth playing. The first game was on the N64, the newest one is going to be on the Switch. If you have a Wii U or 3DS there's a Smash game on each of those. I love the game, I used to play in tournaments with my friends.
Agent :",joyful,joyful,surprised,"REASONING: The situation is positive because favorite characters are announced, but the speaker’s dominant reaction is “I can’t believe this is happening,” indicating astonishment and disbelief rather than an explicit “happy” or “excited” label. This maps to high-arousal surprise with mildly positive valence and reduced control.
VAD_Estimate: [V: +0.35, A: +0.70, D: -0.10]
EMOTION: surprised",[ 0.35  0.7  -0.1 ],0.6473020933072903,True,False
"I told my mom that I didin't want to be in compsci anymore, because I was really miserable. She said that I should do what makes me happy.",joyful,"Customer :That's good advice.  If you're not happy doing something you should spend time thinking about what you'd really like to be doing.
Agent :",joyful,joyful,sad,"REASONING: The speaker explicitly says they were “really miserable,” and the mother’s encouraging words are future-oriented rather than a description of the speaker’s current emotion. This points to negative valence, low arousal, and low dominance/dejection.
VAD_Estimate: [V: -0.65, A: -0.25, D: -0.35]
EMOTION: sad",[-0.65 -0.25 -0.35],1.7352233285660956,True,False
I used to be mad when girls wouldn't text me back....but now I'm more happy being unattached and busy making money and as a result they're the ones chasing me now,joyful,"Customer :I used to hate it when girls wouldn't text me back.  Now that I'm focused on my job and networking I put little to zero effort in meeting girls...and as a result they're the ones checkin up on me every night lmao
Agent :",joyful,joyful,angry,"REASONING: The speaker explicitly says they “used to be mad” when girls didn’t text back. Temporal anchoring requires focusing on the emotion felt during that past situation, not the later contrast of being happy. That past reaction involves irritation, frustration, and blame toward the girls → anger.
VAD_Estimate: [V: -0.51, A: +0.59, D: +0.25]
EMOTION: angry",[-0.51  0.59  0.25],1.2786711852544421,True,False
"I watched the new Smash Bros video and they're coming out with some of my favorite characters. I can't believe this is happening, I've been wanting these characters for years. Now I gotta wait for the game to come out.",joyful,"Customer :That's pretty cool. I've never played it before, What genre is it?
Agent :",joyful,joyful,surprised,"REASONING: The event is clearly positive and long-awaited, but the speaker’s dominant reaction is “I can’t believe this is happening,” indicating pleasant shock and high-arousal disbelief rather than sustained joy. Valence is positive, arousal is high, and control is lower due to the unexpectedness.

VAD_Estimate: [V: +0.45, A: +0.70, D: -0.10]
EMOTION: surprised",[ 0.45  0.7  -0.1 ],0.5890670590009256,True,False
I entered a contest to win a free vacation last month. Much to my shock I won it! So I will be going to Puerto Rico for free at the end of the month!,joyful,"Customer :Congratulations. Are you going by yourself? 
Agent :",joyful,joyful,surprised,"REASONING: The explicit word “shock” signals surprise; the event is positive but the dominant reaction is disbelief and high arousal rather than sustained joy. Valence is mildly positive, arousal is high, and control is somewhat lowered by the unexpectedness.
VAD_Estimate: [V: +0.40, A: +0.70, D: -0.10]
EMOTION: surprised",[ 0.4  0.7 -0.1],0.6168468205316454,True,False
I'm working on being happier on a day to day basis.,joyful,"Customer :I'm sorry you're having trouble :(  Is there anyone you can talk to about it?
Agent :",joyful,joyful,sad,"REASONING: “Happier” is a goal being worked toward, not a current emotional state; the statement implies dissatisfaction or low mood that motivates the effort, giving low valence, low arousal, and low control.
VAD_Estimate: [V: -0.45, A: -0.20, D: -0.25]
EMOTION: sad",[-0.45 -0.2  -0.25],1.512117720285031,True,False
"I suffered from such terrible acne when I was younger that thankfully, I rarely ever have when I started college.",joyful,"Customer :Well, I have some scars but at least I don't have acne anymore.
Agent :",joyful,joyful,sad,"REASONING: The speaker is describing a past experience of suffering from severe acne, which was unpleasant and disheartening. The word “thankfully” reflects a later relief about improvement, but the emotion during the described suffering itself is negative, low-energy, and disempowered.

VAD_Estimate: [V: -0.60, A: -0.10, D: -0.35]
EMOTION: sad",[-0.6  -0.1  -0.35],1.6358484037342822,True,False
I cant believe my daughter performed so well in the recital. She practiced so hard for it,joyful,"Customer :I cant believe my daughter performed so well in the recital.
Agent :",joyful,joyful,surprised,"REASONING: The event is clearly positive, but the speaker’s dominant reaction is disbelief (“I can’t believe”) rather than an explicit happiness word, creating high arousal with mildly positive valence and reduced control.
VAD_Estimate: [V: +0.50, A: +0.65, D: -0.10]
EMOTION: surprised",[ 0.5   0.65 -0.1 ],0.5468089245796927,True,False
I was going to visit my grandmother today!,joyful,"Customer :I am so happy for you!
Agent :",joyful,joyful,sad,"REASONING: The speaker’s plan to visit their grandmother was thwarted, creating disappointment and longing rather than anger or fear; there is no clear agent to blame, so the emotion is passive and low-energy sadness.
VAD_Estimate: [V: -0.55, A: -0.20, D: -0.35]
EMOTION: sad",[-0.55 -0.2  -0.35],1.6335544068074377,True,False
"I watched the new Smash Bros video and they're coming out with some of my favorite characters. I can't believe this is happening, I've been wanting these characters for years. Now I gotta wait for the game to come out.",joyful,"Customer :Yup! The first one came out when I was in like middle school. So it's crazy finally getting a character you wanted in the game over 10 years later.
Agent :",joyful,joyful,surprised,"REASONING: The situation is positive because favorite characters are announced, but the dominant reaction is disbelief and high arousal from unexpected good news; the speaker’s sense of control is low because they are overwhelmed by surprise.
VAD_Estimate: [V: +0.40, A: +0.70, D: -0.10]
EMOTION: surprised",[ 0.4  0.7 -0.1],0.6168468205316454,True,False
"I suffered from such terrible acne when I was younger that thankfully, I rarely ever have when I started college.",joyful,"Customer :That's really bad, but really good that your faced didn't turn out scarred for life. 
Agent :",joyful,joyful,sad,"REASONING: The speaker describes having suffered from severe acne in the past, indicating ongoing distress and low mood during that time. The situation involves negative valence, low arousal, and a sense of helplessness or vulnerability, which aligns with sadness.

VAD_Estimate: [V: -0.62, A: -0.25, D: -0.35]
EMOTION: sad",[-0.62 -0.25 -0.35],1.710935416665398,True,False
"I watched the new Smash Bros video and they're coming out with some of my favorite characters. I can't believe this is happening, I've been wanting these characters for years. Now I gotta wait for the game to come out.",joyful,"Customer :That's great. You must be excited.    Have you played all the smash bros games?
Agent :",joyful,joyful,surprised,"REASONING: The announcement is positive and long-awaited, but the speaker emphasizes disbelief (“can’t believe this is happening”) rather than explicitly saying happy or excited, so surprise is the dominant reaction with positive valence and high arousal.
VAD_Estimate: [V: +0.45, A: +0.65, D: -0.10]
EMOTION: surprised",[ 0.45  0.65 -0.1 ],0.5722761571129799,True,False
"I watched the new Smash Bros video and they're coming out with some of my favorite characters. I can't believe this is happening, I've been wanting these characters for years. Now I gotta wait for the game to come out.",joyful,"Customer :That sounds fun I might have to check it out.  It sounds pretty nostalgic.
Agent :",joyful,joyful,surprised,"REASONING: The event is highly positive because favorite characters are announced, but the speaker explicitly says ""I can't believe this is happening,"" emphasizing disbelief and excitement rather than sustained calm joy. The valence is positive, arousal is high due to the exciting announcement, and dominance is slightly lowered because the experience feels overwhelming/unbelievable.
VAD_Estimate: [V: +0.40, A: +0.70, D: -0.10]
EMOTION: surprised",[ 0.4  0.7 -0.1],0.6168468205316454,True,False
I cant believe my daughter performed so well in the recital. She practiced so hard for it,joyful,"Customer :Congratulations! You must be very proud of her. What kind of recital was it?
Agent :",joyful,joyful,surprised,"REASONING: The phrase “I can’t believe” signals unexpectedness and surprise, even though the event is positive. The high arousal comes from the startling realization of her success, while control feels low because the reaction is disbelief rather than a sustained, assertive emotion like joy.
VAD_Estimate: [V: +0.35, A: +0.70, D: -0.15]
EMOTION: surprised",[ 0.35  0.7  -0.15],0.6830080526611674,True,False
The start of school is soon!,joyful,"Customer :The start of school is soon, I'm ready to get back to work!
Agent :",joyful,joyful,afraid,"REASONING: The statement conveys an impending, unavoidable event with high arousal via the exclamation point, but includes no positive emotion words to indicate joy or excitement. The start of school is a common source of anxiety, suggesting dread and low control over the approaching situation.
VAD_Estimate: [V: -0.50, A: +0.55, D: -0.35]
EMOTION: afraid",[-0.5   0.55 -0.35],1.4430869689661812,True,False
I went to the Grand Canyon for the first time during winter. It was breathtaking.,joyful,"Customer :I assumed people did it all the time. I guess it depends on how you get down there. I think there are easier paths.
Agent :",joyful,joyful,surprised,"REASONING: The Grand Canyon is breathtaking and awe-inspiring, which is a positive but high-arousal reaction involving unexpected grandeur and a sense of being overwhelmed, not sustained happy excitement.

VAD_Estimate: [V: +0.45, A: +0.65, D: -0.10]
EMOTION: surprised",[ 0.45  0.65 -0.1 ],0.5722761571129799,True,False
I'm going to ask my girlfriend of 10 years to marry me next weekend.,joyful,"Customer :I'm going to ask my girlfriend of 10 years to marry me next weekend.
Agent :",joyful,joyful,afraid,"REASONING: The situation is a high-stakes, uncertain proposal with no positive emotion word stated; the speaker is focused on a vulnerable future event, producing anxiety and low control despite romantic intentions.
VAD_Estimate: [V: -0.50, A: +0.60, D: -0.40]
EMOTION: afraid",[-0.5  0.6 -0.4],1.4712239802287075,True,False
"I went to the casino with my spouse, lo and behold I won a large amount of money.",joyful,"Customer :That's great!  Did you win it on a table game or at a machine?
Agent :",joyful,joyful,surprised,"REASONING: Winning a large amount of money unexpectedly is a highly positive event, but the phrase “lo and behold” emphasizes surprise and disbelief rather than sustained joy or pride. Valence is positive, arousal is high, and dominance is slightly uncertain due to the startling nature.
VAD_Estimate: [V: +0.45, A: +0.70, D: -0.10]
EMOTION: surprised",[ 0.45  0.7  -0.1 ],0.5890670590009256,True,False
I went to the Grand Canyon for the first time during winter. It was breathtaking.,joyful,"Customer :Im the same, but I think in a place like the grand canyon, it's really dangerous to try to go down there alone.
Agent :",joyful,joyful,surprised,"REASONING: The speaker emphasizes an intense, awe-filled reaction to the Grand Canyon’s beauty (“breathtaking”), suggesting high arousal and a sense of being overwhelmed rather than calm contentment. Valence is positive, but the dominant feeling is astonishment/wonder rather than sustained joy.
VAD_Estimate: [V: +0.45, A: +0.70, D: -0.20]
EMOTION: surprised",[ 0.45  0.7  -0.2 ],0.6685805860178712,True,False
"I went to the casino with my spouse, lo and behold I won a large amount of money.",joyful,"Customer :That would be sad to win a lot of money, then lose it all.
Agent :",joyful,joyful,surprised,"REASONING: Winning a large amount of money is clearly positive, but “lo and behold” emphasizes unexpectedness and surprise rather than sustained joy or excitement. The high-arousal surprise reaction fits a mildly positive, uncertain-control state.
VAD_Estimate: [V: +0.45, A: +0.70, D: -0.10]
EMOTION: surprised",[ 0.45  0.7  -0.1 ],0.5890670590009256,True,False
I found $50 in my desk drawer at work.,joyful,"Customer :I found $50 in my desk drawer at work.
Agent :",joyful,joyful,surprised,"REASONING: Finding unexpected money is pleasant and mildly exciting, but the dominant reaction comes from suddenness and uncertainty rather than sustained joy or empowerment. This fits a positive-valenced surprise.
VAD_Estimate: [V: +0.40, A: +0.65, D: -0.10]
EMOTION: surprised",[ 0.4   0.65 -0.1 ],0.6008327554319921,True,False
I got a promotion at work that was completely unexpected. It was actually a very nice day!,joyful,"Customer :I got a promotion at work which was unexpected!
Agent :",joyful,joyful,surprised,"REASONING: The promotion is clearly positive, but the speaker emphasizes that it was completely unexpected, making surprise the dominant reaction rather than sustained joy. Valence is positive but not maximally intense, arousal is high, and control is somewhat reduced due to the unexpectedness.
VAD_Estimate: [V: +0.40, A: +0.70, D: -0.10]
EMOTION: surprised",[ 0.4  0.7 -0.1],0.6168468205316454,True,False
"I watched the new Smash Bros video and they're coming out with some of my favorite characters. I can't believe this is happening, I've been wanting these characters for years. Now I gotta wait for the game to come out.",joyful,"Customer :It's like a fighting game, but some people call it a ""party game"", but basically it's a fighting game with all kinds of Nintendo characters. You have stuff like Mario, Donkey Kong, Link, Zelda, Pikachu, etc etc. So every time a new game comes out, people post online about who they want to see in it next. This new game is filled with characters and I think most people will be happy. The first game came out in 1999. Time sure flies. 
Agent :",joyful,joyful,surprised,"REASONING: The situation is clearly positive, but the phrase “I can’t believe this is happening” signals disbelief and surprise rather than pure sustained joy. Arousal is high from excitement, while the sense of being overwhelmed lowers dominance slightly.
VAD_Estimate: [V: +0.40, A: +0.70, D: -0.10]
EMOTION: surprised",[ 0.4  0.7 -0.1],0.6168468205316454,True,False
I got a raise today at work. I was not expecting it!,joyful,"Customer :I am! I wasn't expecting it at all!
Agent :",joyful,joyful,surprised,"REASONING: The raise is clearly positive, but the speaker emphasizes unexpectedness (“not expecting it”) rather than stating happiness or excitement. This triggers high arousal and a reduced sense of control, aligning more with surprise than sustained joy.
VAD_Estimate: [V: +0.45, A: +0.70, D: -0.10]
EMOTION: surprised",[ 0.45  0.7  -0.1 ],0.5890670590009256,True,False
I went to the Grand Canyon for the first time during winter. It was breathtaking.,joyful,"Customer :Thats sounds cool. Im more of an independent traveler. I try to avoid guides. 
Agent :",joyful,joyful,surprised,"REASONING: The Grand Canyon in winter is overwhelmingly beautiful, producing positive awe and high arousal; the word “breathtaking” signals astonished wonder rather than sustained joy or excitement, with a sense of being moved/overwhelmed.
VAD_Estimate: [V: +0.60, A: +0.70, D: -0.20]
EMOTION: surprised",[ 0.6  0.7 -0.2],0.6135959582656979,True,False
"I went to the casino with my spouse, lo and behold I won a large amount of money.",joyful,"Customer :I won it at the machine. I am not  gambler so I guess it was beginner's luck.
Agent :",joyful,joyful,surprised,"REASONING: The phrase “lo and behold” signals unexpectedness, and winning a large amount of money is a positive but startling event. The dominant response is surprise and excitement rather than sustained, high-control joy.
VAD_Estimate: [V: +0.40, A: +0.70, D: -0.10]
EMOTION: surprised",[ 0.4  0.7 -0.1],0.6168468205316454,True,False
"When people buy assorted doughnuts, and somebody eats the only flavor you like.",sad,"Customer :You ever have the situation where somebody buys doughnuts for your group, and somebody else eats the last one of the only flavor you like?
Agent :",sad,sad,angry,"REASONING: This is an irritating, mildly frustrating situation caused by someone else's thoughtless action, producing negative valence, moderate-to-high arousal, and a sense of assertive blame rather than helplessness.
VAD_Estimate: [V: -0.55, A: +0.55, D: +0.25]
EMOTION: angry",[-0.55  0.55  0.25],1.0075713374247999,True,False
My iguana ran away today. I never have been so distraught.,sad,"Customer :They sure can't! I was so upset. I do hope I find him in the next couple of days.
Agent :",sad,sad,afraid,"REASONING: The speaker explicitly says “distraught,” indicating intense emotional distress and agitation over the iguana’s disappearance. The situation feels negative, highly arousing, and uncontrollable, which aligns most closely with fear-like vulnerability.
VAD_Estimate: [V: -0.65, A: +0.60, D: -0.40]
EMOTION: afraid",[-0.65  0.6  -0.4 ],0.8730406634286859,True,False
I missed the bus today. I ended up being late for school.,sad,"Customer :I didn't get out of the shower fast enough today so I missed the bus
Agent :",sad,sad,angry,"REASONING: Missing the bus and being late is an unpleasant, frustrating event that triggers irritation and active annoyance rather than sadness or fear. The energy is moderate-to-high with a sense of frustration, aligning closest with anger.
VAD_Estimate: [V: -0.55, A: +0.55, D: +0.20]
EMOTION: angry",[-0.55  0.55  0.2 ],0.979642792042079,True,False
"I was upset when I found out my new job does not have paid lunches, I was hoping they would be",sad,"Customer :I was upset when I found out my new job does not have paid lunches, I was hoping they would be
Agent :",sad,sad,angry,"REASONING: The situation is negative because an expected perk (paid lunches) is missing, creating frustration and irritation rather than sadness or fear. Arousal is moderately high from active annoyance, and there is some assertive control in blaming the employer’s policy.
VAD_Estimate: [V: -0.45, A: +0.45, D: +0.15]
EMOTION: angry",[-0.45  0.45  0.15],0.8838551917593741,True,False
I had to take my dog to the vet today.,sad,"Customer :I had to take my dog to the vet today.
Agent :",sad,sad,afraid,"REASONING: The situation suggests concern and worry about the dog’s health, with negative feelings, anxious arousal, and low control over the outcome.
VAD_Estimate: [V: -0.55, A: +0.40, D: -0.40]
EMOTION: afraid",[-0.55  0.4  -0.4 ],0.6783804242458652,True,False
I lost my wallet and had to get all new cards,sad,"Customer :I hope someone turns it in soon to you.. did you lose out on money too? 
Agent :",sad,sad,angry,"REASONING: Losing a wallet and replacing all cards is an annoying, inconvenient event with clear negative valence. The irritation and frustration of dealing with the hassle give moderate arousal and some assertive frustration, rather than helpless fear or low-energy sadness.

VAD_Estimate: [V: -0.55, A: +0.50, D: +0.15]
EMOTION: angry",[-0.55  0.5   0.15],0.9108786966440701,True,False
"I left my phone on the bus last night as I was coming home, I am still very upset,",sad,"Customer :Yes it would! It was even a relatively new phone so I would be devastated if my phone did not appear.
Agent :",sad,sad,angry,"REASONING: Losing the phone is a negative, frustrating event; the lingering “very upset” feeling points to irritation/self-blame rather than helplessness or low-energy sadness.
VAD_Estimate: [V: -0.55, A: +0.60, D: +0.20]
EMOTION: angry",[-0.55  0.6   0.2 ],1.0218610473053564,True,False
I broke my phone today. It was the worst.,sad,"Customer :Dang. Well I bet that really worked to get your point across haha
Agent :",sad,sad,angry,"REASONING: Breaking a phone is a frustrating negative event, with irritation and active complaint rather than helplessness or grief. The phrase “worst” signals high displeasure and annoyed energy, matching anger more than sadness.
VAD_Estimate: [V: -0.60, A: +0.55, D: +0.20]
EMOTION: angry",[-0.6   0.55  0.2 ],0.976831612920057,True,False
My friends went out drinking last weekend without me. They didn't even both sending me a text to see what I was doing.,sad,"Customer :My friends didn't invite me out drinking last weekend. They didn't even bother texting me!
Agent :",sad,sad,angry,"REASONING: The speaker is actively complaining about being excluded by specific friends, showing irritation and blame rather than passive sadness; this is high-arousal negative emotion with assertive frustration.
VAD_Estimate: [V: -0.55, A: +0.55, D: +0.20]
EMOTION: angry",[-0.55  0.55  0.2 ],0.979642792042079,True,False
I dropped a bowl of mashed potatoes and it smashed all over the floor,sad,"Customer :that's good. what are you having for dinner?
Agent :",sad,sad,surprised,"REASONING: The event is sudden and unintended, causing mild displeasure and high arousal from the crash. There is no clear target for blame or active frustration, so it is best characterized by unexpectedness and low control rather than anger.
VAD_Estimate: [V: -0.30, A: +0.65, D: -0.30]
EMOTION: surprised",[-0.3   0.65 -0.3 ],0.9778547949465708,True,False
My dog broke its leg this morning.,sad,"Customer :that is so sad did you take him to the vet imidiatly
Agent :",sad,sad,afraid,"REASONING: The dog’s injury is clearly negative and upsetting, with no one to blame. The event likely triggers urgent concern and worry for the pet’s well-being, producing high arousal and a low sense of control over the situation.
VAD_Estimate: [V: -0.70, A: +0.50, D: -0.45]
EMOTION: afraid",[-0.7   0.5  -0.45],0.7824321056807421,True,False
When I was walking I saw a dog that got hit by a car. Seeing that mess the rest of my day up.,sad,"Customer :When I was looking at the scene he was still alive. I don't know what happen later on.
Agent :",sad,sad,disgusted,"REASONING: Witnessing a dog hit by a car involves a disturbing, visually repulsive scene that triggers strong unpleasantness and avoidance, which fits disgust more than sadness or anger.
VAD_Estimate: [V: -0.65, A: +0.40, D: +0.10]
EMOTION: disgusted",[-0.65  0.4   0.1 ],0.7963667496825819,True,False
my brother is in the hospital really sick,sad,"Customer :he had pnemonia that got out of hand
Agent :",sad,sad,afraid,"REASONING: A close loved one is seriously ill in the hospital, which creates worry, helplessness, and anxious vigilance rather than anger or joy. Valence is strongly negative, arousal is elevated due to uncertainty, and dominance is low because the outcome feels out of the speaker’s control.
VAD_Estimate: [V: -0.65, A: +0.55, D: -0.45]
EMOTION: afraid",[-0.65  0.55 -0.45],0.8289752710425082,True,False
"Don't you hate it when you're feeling confident in a new hairstyle or some clothes you're wearing, and then someone makes fun of you? Had that happen the other day. Makes you want to be able to hide in the background and never try anything new again",sad,"Customer :It was actually a stranger, and I was on public transportation. They didn't actually say anything to me, I could just tell the way they were giving me a look, and kind of shaking their head and then laughing to themselves, that it was pointed at me. Maybe I read too much into it. Either way, made me want to sink into the ground
Agent :",sad,sad,angry,"REASONING: The speaker explicitly says they “hate” being mocked, indicating irritation/frustration with a clear external cause. This is negative in valence, high in arousal, and assertive in blame toward the person mocking them.
VAD_Estimate: [V: -0.55, A: +0.60, D: +0.25]
EMOTION: angry",[-0.55  0.6   0.25],1.048665819029113,True,False
My girlfriend left me for my best friend,sad,"Customer :My girlfriend broke up with me and now is in a relationship with my best friend
Agent :",sad,sad,angry,"REASONING: The situation involves betrayal by two close people, which is highly unpleasant and activating. The speaker has a clear target to blame, so the response is more assertive anger than helpless sadness or fear.
VAD_Estimate: [V: -0.70, A: +0.60, D: +0.25]
EMOTION: angry",[-0.7   0.6   0.25],1.047950380504726,True,False
My dog ran away today and I cant find her.,sad,"Customer :My dog ran away today. What kind of pet did you have as a kid?
Agent :",sad,sad,afraid,"REASONING: The situation is highly negative and uncontrollable, with immediate anxiety and helplessness about the missing dog rather than anger or passive resignation. This aligns with high displeasure, high arousal, and low dominance/control.
VAD_Estimate: [V: -0.70, A: +0.60, D: -0.50]
EMOTION: afraid",[-0.7  0.6 -0.5],0.8892131353055914,True,False
When I was walking I saw a dog that got hit by a car. Seeing that mess the rest of my day up.,sad,"Customer :I saw a dog that got hit by a car.
Agent :",sad,sad,disgusted,"REASONING: The situation is clearly unpleasant, and the focus on “that mess” signals visual revulsion and a desire to avoid the disturbing sight, rather than anger, fear, or grief. Valence is strongly negative, arousal is moderately high from shock, and dominance reflects rejection/avoidance.
VAD_Estimate: [V: -0.60, A: +0.40, D: +0.10]
EMOTION: disgusted",[-0.6  0.4  0.1],0.7966806135459806,True,False
I do not want my vacation to end. I would like to stay here forever,sad,"Customer :where are you vacationing
Agent :",sad,sad,joyful,"REASONING: The vacation is a positive, pleasurable experience, and the desire to stay and not have it end reflects enjoyment and attachment. This yields positive valence, moderately high arousal, and a sense of empowered contentment.

VAD_Estimate: [V: +0.75, A: +0.45, D: +0.35]
EMOTION: joyful",[0.75 0.45 0.35],1.698587648606924,True,False
I dropped my phone in the toilet and I didn't have insurance on it. It was a pretty expensive phone too.,sad,"Customer :Oh no! Have you tried the old ""put it in a bag of rice"" trick?
Agent :",sad,sad,disgusted,"REASONING: The phone falling into the toilet introduces contamination/revulsion, which triggers disgust as the primary response; the added frustration over the expensive loss worsens the negativity but does not override the core repulsion. Moderate arousal and a slight sense of rejection/avoidance fit the disgust prototype.
VAD_Estimate: [V: -0.60, A: +0.40, D: +0.10]
EMOTION: disgusted",[-0.6  0.4  0.1],0.7966806135459806,True,False
"I lost my wallet the other day, I think I left it on a bus",sad,"Customer :I lost my wallet the other day, I think I left it on a bus
Agent :",sad,sad,afraid,"REASONING: Losing a wallet involves sudden worry about finances and personal items, with helplessness about recovering it. Negative valence, elevated arousal, and low dominance best fit fear rather than sadness or anger.
VAD_Estimate: [V: -0.65, A: +0.55, D: -0.40]
EMOTION: afraid",[-0.65  0.55 -0.4 ],0.8232253640407347,True,False
my dog got hit by a car when he got out of the backyard gate,sad,"Customer :Awwww, I am sorry to hear that. That is a terrible thing to experience. I hope that you are ok.
Agent :",sad,sad,afraid,"REASONING: The event is sudden, distressing, and uncontrollable, with the speaker likely feeling alarmed and helpless while the dog is struck. There is no clear target for anger and no indication of later calm grief; the dominant response is high-arousal vulnerability.
VAD_Estimate: [V: -0.65, A: +0.60, D: -0.45]
EMOTION: afraid",[-0.65  0.6  -0.45],0.8784645695758025,True,False
"My dog passed away this morning. He was 13 years old, a golden lab. I'm just happy he's not in pain anymore.",sad,"Customer :Not right now. I think I will wait a while until I am ready.
Agent :",sad,sad,joyful,"REASONING: The speaker explicitly says they are “happy,” which anchors the final emotion. Although the context involves loss, the feeling expressed is positive relief that the dog is no longer suffering, with moderate arousal and a sense of acceptance.  
VAD_Estimate: [V: +0.65, A: +0.25, D: +0.30]  
EMOTION: joyful",[0.65 0.25 0.3 ],1.518453160291749,True,False
I miss being a kid. I hate all the responsibility I have now,sad,"Customer :I know right. I want to go back to like 8
Agent :",sad,sad,angry,"REASONING: The speaker expresses frustration and irritation with current responsibilities, using the strong word ""hate,"" which signals active displeasure rather than passive sadness. Valence is negative, arousal is moderately high from irritation, and the tone is assertive/blaming rather than helpless.
VAD_Estimate: [V: -0.55, A: +0.55, D: +0.20]
EMOTION: angry",[-0.55  0.55  0.2 ],0.979642792042079,True,False
"My daughter lost her last baby tooth today, she's growing up.",sad,"Customer :I was just talking about this with my friend. They are getting too old
Agent :",sad,sad,joyful,"REASONING: The loss of a last baby tooth is a positive developmental milestone, evoking warmth, pride, and tenderness rather than distress or fear. Valence is positive, arousal is moderate/gentle, and the parent feels a sense of cherished control/pride in their child growing up.
VAD_Estimate: [V: +0.75, A: +0.30, D: +0.35]
EMOTION: joyful",[0.75 0.3  0.35],1.6406401189779556,True,False
"When people buy assorted doughnuts, and somebody eats the only flavor you like.",sad,"Customer :Yes, I hate that. I usually end up going back and getting some more just for me.
Agent :",sad,sad,angry,"REASONING: A specific person caused the frustration by taking the only liked doughnut, creating irritation and blame rather than sadness or fear. This is a mildly negative, moderately aroused, assertive response consistent with anger.
VAD_Estimate: [V: -0.55, A: +0.55, D: +0.25]
EMOTION: angry",[-0.55  0.55  0.25],1.0075713374247999,True,False
I broke my laptop screen.,sad,"Customer :I broke my laptop screen yesterday and now I am out a hundred bucks to get it fixed!
Agent :",sad,sad,angry,"REASONING: The broken laptop is a negative, frustrating event that likely triggers irritation and active annoyance rather than passive sadness or fear. The arousal is elevated because the speaker is upset about the damage, and the reaction involves frustration with the situation.
VAD_Estimate: [V: -0.55, A: +0.55, D: +0.20]
EMOTION: angry",[-0.55  0.55  0.2 ],0.979642792042079,True,False
I was sad at how mad I got at my mom when she threw my vitamins away,sad,"Customer :I also have a great parent. However I got a bit too mad at her when she threw away a lot of moneys worth of special vitamins accidentally.
Agent :",sad,sad,angry,"REASONING: The emotion during the event was anger directed at the mom for throwing away the vitamins; the word “sad” is a retrospective reflection about that anger, not the in-the-moment feeling. Anger suits negative valence, high arousal, and assertive blame.
VAD_Estimate: [V: -0.51, A: +0.59, D: +0.25]
EMOTION: angry",[-0.51  0.59  0.25],1.044222198576529,True,False
I am having to be strong and not respond when it comes to a person I care about at times. It is hard to not be an enabler sometimes. It requires a LOT of strength and tough love. I,sad,"Customer :Yes or when they try and bait you.  It is hard to not be an enabler sometimes. It requires a LOT of strength and tough love.
Agent :",sad,sad,angry,"REASONING: The situation is difficult and painful (negative valence), requires active effort and emotional strain (moderate-high arousal), and involves self-control and assertiveness through “strength” and “tough love” (positive dominance). This best matches the controlled frustration/assertive displeasure of the angry prototype.

VAD_Estimate: [V: -0.40, A: +0.50, D: +0.55]
EMOTION: angry",[-0.4   0.5   0.55],1.1917214439624724,True,False
My cat got ran over by someone. He sped off like it didn't matter.,sad,"Customer :She got ran over by some rude driver, she passed away.
Agent :",sad,sad,angry,"REASONING: The situation involves a clear blameworthy agent (the driver) who caused harm and showed callous disregard, which triggers active irritation and frustration rather than passive grief. Valence is strongly negative, arousal is high, and dominance reflects assertive blame toward the driver.
VAD_Estimate: [V: -0.65, A: +0.60, D: +0.20]
EMOTION: angry",[-0.65  0.6   0.2 ],1.018920997918877,True,False
My dog is missing. We have been looking for her for almost a week. He is a three year old rescue dog that we have only had for a few months.,sad,"Customer :My dog is missing! She has been gone for almost a week.
Agent :",sad,sad,afraid,"REASONING: A missing pet is a negative, uncertain event with no clear person to blame; the active searching and helplessness suggest anxious worry rather than grief or anger. Valence is negative, arousal is elevated from concern, and dominance is low due to lack of control over the outcome.
VAD_Estimate: [V: -0.65, A: +0.50, D: -0.45]
EMOTION: afraid",[-0.65  0.5  -0.45],0.7795511529078768,True,False
My dog ran away from home!,sad,"Customer :Oh no, when did this happen? Do you think you'll find him?
Agent :",sad,sad,afraid,"REASONING: The dog disappearing is a negative, uncontrollable event that triggers urgent worry and helplessness rather than anger or happiness. Valence is strongly negative, arousal is high, and dominance is low due to lack of control over the situation.
VAD_Estimate: [V: -0.70, A: +0.65, D: -0.55]
EMOTION: afraid",[-0.7   0.65 -0.55],0.948525170989152,True,False
All of the good shows are ending. It really ruins tv for me.,sad,"Customer :What shows are you thinking of specifically?
Agent :",sad,sad,angry,"REASONING: The situation expresses frustration and active irritation about losing enjoyable shows, which is more complaint-driven than passive sadness. This yields negative valence, moderately high arousal, and slight assertive control.
VAD_Estimate: [V: -0.55, A: +0.50, D: +0.15]
EMOTION: angry",[-0.55  0.5   0.15],0.9108786966440701,True,False
It was a surprise to me when I found that my grandmother had passed away,sad,"Customer :I am sorry to hear that, I lost my grandmother to cancer, which did not make it anny better, knowing it was coming
Agent :",sad,sad,surprised,"REASONING: The speaker explicitly frames the reaction as “a surprise,” indicating unexpectedness; although the news of a death is negative, the dominant response is startled disbelief rather than sustained grief.
VAD_Estimate: [V: -0.20, A: +0.65, D: -0.25]
EMOTION: surprised",[-0.2   0.65 -0.25],1.0186756107809787,True,False
My dog ran away today. I was so distraught.,sad,"Customer :My dog ran away today.
Agent :",sad,sad,afraid,"REASONING: The dog running away is a distressing, uncontrollable loss, and the word “distraught” signals intense agitation and helplessness rather than calm sadness or anger. This maps to high negative valence, high arousal, and low dominance, closest to afraid.
VAD_Estimate: [V: -0.70, A: +0.60, D: -0.45]
EMOTION: afraid",[-0.7   0.6  -0.45],0.8810221336606703,True,False
My dog got very sick the other day and had to go to the vet. He is my best friend.,sad,"Customer :Did the vet fix the dog?
Agent :",sad,sad,afraid,"REASONING: The dog’s illness and emergency vet visit create strong negative feelings and concern for a beloved companion. The speaker feels helpless about the outcome, with elevated worry and anxious arousal rather than calm sadness or anger.
VAD_Estimate: [V: -0.70, A: +0.50, D: -0.45]
EMOTION: afraid",[-0.7   0.5  -0.45],0.7824321056807421,True,False
I lost my cell phone today. I can't believe it,sad,"Customer :oh no. did you try to retrace your steps to find it?
Agent :",sad,sad,surprised,"REASONING: Losing the phone is mildly negative, but the speaker’s “I can’t believe it” centers on unexpectedness and disbelief rather than anger or fear, producing high arousal and reduced control.
VAD_Estimate: [V: -0.30, A: +0.60, D: -0.30]
EMOTION: surprised",[-0.3  0.6 -0.3],0.9309672389509741,True,False
my brother is sick,sad,"Customer :Im sorry to hear that, Is he going to the doctor for help?
Agent :",sad,sad,afraid,"REASONING: A family member being sick is unpleasant and evokes worry or concern, with no clear person to blame and little control over the outcome. This creates negative valence, anxious arousal, and low dominance, matching fear.
VAD_Estimate: [V: -0.65, A: +0.50, D: -0.40]
EMOTION: afraid",[-0.65  0.5  -0.4 ],0.7734339015067803,True,False
I stubbed my toe. I never felt so much anguish in my life.,sad,"Customer :I did! That pesky shower stall had it in for me, I suppose. Luckily, I didn't have to go to the ER.
Agent :",sad,sad,afraid,"REASONING: Stubbing a toe causes sharp physical pain, which is strongly unpleasant and generates high arousal; feeling “anguish” also implies helplessness and vulnerability rather than assertive anger or low-energy sadness. Thus, the VAD profile most closely matches the afraid prototype.

VAD_Estimate: [V: -0.75, A: +0.55, D: -0.55]
EMOTION: afraid",[-0.75  0.55 -0.55],0.8574380444090407,True,False
My dog got very sick the other day and had to go to the vet. He is my best friend.,sad,"Customer :My dog got very sick the other day and had to go to the vet. 
Agent :",sad,sad,afraid,"REASONING: The dog’s sudden illness creates worry and concern for a loved pet, with an uncertain outcome and limited control, producing negative valence, elevated arousal, and low dominance.
VAD_Estimate: [V: -0.65, A: +0.55, D: -0.45]
EMOTION: afraid",[-0.65  0.55 -0.45],0.8289752710425082,True,False
I was sad at how mad I got at my mom when she threw my vitamins away,sad,"Customer :No. I am poor so it's a big deal. However she did it absent minded-ly as they were in a big package. Still- I shouldn't have gotten so mad
Agent :",sad,sad,angry,"REASONING: The explicit “mad” is the in-the-moment reaction when the mother threw the vitamins away; “sad” is a reflective response to that anger, not the emotion during the event. This fits high displeasure, high arousal, and assertive control.
VAD_Estimate: [V: -0.55, A: +0.60, D: +0.25]
EMOTION: angry",[-0.55  0.6   0.25],1.048665819029113,True,False
My friend was hit by a meteor.,sad,"Customer :My friend was struck by a meteor
Agent :",sad,sad,afraid,"REASONING: A sudden, catastrophic, uncontrollable event like a friend being hit by a meteor creates intense distress, helplessness, and high arousal rather than anger or calm sadness.
VAD_Estimate: [V: -0.70, A: +0.65, D: -0.45]
EMOTION: afraid",[-0.7   0.65 -0.45],0.9304300081145277,True,False
My grandfather passed from medical malpractice a year ago.,sad,"Customer :Oh no, I am so sorry to hear that. That must be so hard. How have you been coping?
Agent :",sad,sad,angry,"REASONING: The death of a family member is deeply negative, but the specific attribution to “medical malpractice” signals blame toward a responsible party, producing frustration, indignation, and assertive anger rather than passive grief.  
VAD_Estimate: [V: -0.60, A: +0.55, D: +0.20]  
EMOTION: angry",[-0.6   0.55  0.2 ],0.976831612920057,True,False
My goldfish ran away yesterday. I was so distraught!,sad,"Customer :....I never thought about that! WILSON! WHERE ARE YOU!!!!
Agent :",sad,sad,afraid,"REASONING: The explicit word “distraught” signals intense, agitated negative emotion with helplessness. There is no blame or revulsion, and the arousal is too high for passive sadness, so it aligns most closely with fear/anxiety.
VAD_Estimate: [V: -0.72, A: +0.62, D: -0.45]
EMOTION: afraid",[-0.72  0.62 -0.45],0.9025519375637061,True,False
"Harvey weinstein was such a good studio , they just ruined their business and now there arent any good movies",sad,"Customer :harvey weinstein made such great movies until he ruined it
Agent :",sad,sad,angry,"REASONING: The speaker is actively complaining and blaming a specific entity for ruining the movie industry, which signals frustration and irritation rather than sadness or fear. The tone is negative but energetic, with a sense of assertive judgment.
VAD_Estimate: [V: -0.55, A: +0.55, D: +0.25]
EMOTION: angry",[-0.55  0.55  0.25],1.0075713374247999,True,False
I dropped my 5 dollar ice cream as soon as I left the store,sad,"Customer :Ohh that's bad. How did you feel?
Agent :",sad,sad,surprised,"REASONING: The dropped ice cream is an accidental, unexpected negative event with no clear external agent to blame, producing momentary shock and displeasure with high arousal and low control. This best matches surprise rather than anger, fear, or sadness.
VAD_Estimate: [V: -0.30, A: +0.55, D: -0.30]
EMOTION: surprised",[-0.3   0.55 -0.3 ],0.8844207143661891,True,False
I shouldn't have to cook on my birthday. This is when I miss having a boyfriend.,sad,"Customer :It makes me sad to be single nowadays.
Agent :",sad,sad,angry,"REASONING: The speaker is complaining about an unfair situation on her birthday, expressing irritation and frustration rather than passive despair; the longing for a boyfriend adds sadness, but the active complaint points to anger.
VAD_Estimate: [V: -0.55, A: +0.55, D: +0.20]
EMOTION: angry",[-0.55  0.55  0.2 ],0.979642792042079,True,False
I dropped a bowl of mashed potatoes and it smashed all over the floor,sad,"Customer :Thanks, you're so sweet. It was fine, my boyfriend helped me clean it up.
Agent :",sad,sad,surprised,"REASONING: Dropping and smashing the bowl is sudden and unexpected, causing a brief startled reaction with mild frustration. There is no specific person to blame, no revulsion, and no sustained sadness, so the closest emotion is surprise with slightly negative valence and reduced control.
VAD_Estimate: [V: -0.30, A: +0.60, D: -0.20]
EMOTION: surprised",[-0.3  0.6 -0.2],0.9395211546314431,True,False
"When people buy assorted doughnuts, and somebody eats the only flavor you like.",sad,"Customer :Yes, I'm a picky eater.
Agent :",sad,sad,angry,"REASONING: A specific person caused a minor but irritating loss, leading to frustration and blame rather than sadness or fear. Negative valence, moderate arousal, and slightly assertive control point to anger.
VAD_Estimate: [V: -0.45, A: +0.45, D: +0.20]
EMOTION: angry",[-0.45  0.45  0.2 ],0.9119758768739445,True,False
My girlfriend left me for my best friend,sad,"Customer :That is the worst thing ever.
Agent :",sad,sad,angry,"REASONING: The situation involves betrayal by two close people, creating clear blame and active frustration rather than passive grief. High displeasure and high arousal with assertive irritation point to anger.

VAD_Estimate: [V: -0.55, A: +0.60, D: +0.25]
EMOTION: angry",[-0.55  0.6   0.25],1.048665819029113,True,False
My iguana ran away today. I never have been so distraught.,sad,"Customer :That is not good, I don't think iguana's can live out in the wild.
Agent :",sad,sad,afraid,"REASONING: The situation is clearly negative due to losing a pet, and “distraught” signals intense emotional distress, high arousal, and a sense of helplessness rather than calm sadness or anger. This best matches the VAD profile for fear.
VAD_Estimate: [V: -0.70, A: +0.60, D: -0.45]
EMOTION: afraid",[-0.7   0.6  -0.45],0.8810221336606703,True,False
My dog ran away today. I was so distraught.,sad,"Customer :I have! I put up signs all over the neighborhood. I do hope somebody returns her soon.
Agent :",sad,sad,afraid,"REASONING: Losing a dog is highly distressing, with strong negative feelings, anxious agitation, and a sense of helplessness about the pet's safety. The explicit emotion word “distraught” indicates high arousal and low dominance, closest to fear.
VAD_Estimate: [V: -0.75, A: +0.55, D: -0.45]
EMOTION: afraid",[-0.75  0.55 -0.45],0.8373768566183329,True,False
I was sad at how mad I got at my mom when she threw my vitamins away,sad,"Customer :oh no that is not cool
Agent :",sad,sad,angry,"REASONING: The emotion during the event is the anger the speaker felt toward their mom for throwing away the vitamins; the sadness is a reflective reaction to that anger. This is high-arousal irritation with assertive blame, matching anger.  
VAD_Estimate: [V: -0.60, A: +0.65, D: +0.25]  
EMOTION: angry",[-0.6   0.65  0.25],1.0879797792238606,True,False
My dog pooped on the rug today. I was so distraught.,sad,"Customer :Oh that's so aggravating, my dog still has accidents but not many
Agent :",sad,sad,afraid,"REASONING: The explicit word “distraught” signals intense negative distress with agitation and a sense of being emotionally overwhelmed, rather than clear anger or disgust. This maps to high negative valence, elevated arousal, and low dominance/control.

VAD_Estimate: [V: -0.65, A: +0.55, D: -0.45]
EMOTION: afraid",[-0.65  0.55 -0.45],0.8289752710425082,True,False
"My two dogs got into a fight with each other, and now they're avoiding one another. They even drew blood on each other during the fight. They're usually good buddies, so it kind of bothers me that they did that.",sad,"Customer :Are they okay now?
Agent :",sad,sad,angry,"REASONING: The speaker expresses mild irritation and frustration that the dogs fought, drew blood, and are now avoiding each other. This is an active negative reaction with moderate arousal and some assertive annoyance, rather than fear, sadness, or surprise.

VAD_Estimate: [V: -0.45, A: +0.45, D: +0.15]

EMOTION: angry",[-0.45  0.45  0.15],0.8838551917593741,True,False
My favorite cake stand was stolen.,sad,"Customer :Did they take anything else?
Agent :",sad,sad,angry,"REASONING: The theft is a deliberate wrongdoing that causes frustration and blame toward the thief, not an ambiguous threat or passive grief. The negative event triggers irritation and assertive indignation, fitting anger more than sadness or fear.
VAD_Estimate: [V: -0.60, A: +0.55, D: +0.20]
EMOTION: angry",[-0.6   0.55  0.2 ],0.976831612920057,True,False
I lost my wallet and had to get all new cards,sad,"Customer :So I lost my wallet and had to get a new ID issued to me.
Agent :",sad,sad,angry,"REASONING: Losing a wallet and dealing with the hassle of replacing cards is an unpleasant, frustrating inconvenience. The reaction is active irritation rather than sadness, fear, or disgust, matching moderate-to-high arousal and a slight sense of frustrated control.
VAD_Estimate: [V: -0.55, A: +0.50, D: +0.10]
EMOTION: angry",[-0.55  0.5   0.1 ],0.8855506761332183,True,False
"I was upset when I found out my job does not pay for you to take a lunch break, that ruined my day",sad,"Customer :Oh, most jobs don't unfortunately
Agent :",sad,sad,angry,"REASONING: The situation involves frustration and irritation with a specific workplace policy, which signals active displeasure rather than helplessness or grief. The energy is moderately high with blame directed at the employer, matching anger more than sadness or fear.
VAD_Estimate: [V: -0.55, A: +0.55, D: +0.20]
EMOTION: angry",[-0.55  0.55  0.2 ],0.979642792042079,True,False
My friends went out drinking last weekend without me. They didn't even both sending me a text to see what I was doing.,sad,"Customer :That's terrible! Did you say anything about it?
Agent :",sad,sad,angry,"REASONING: The speaker is negatively affected by being excluded and explicitly criticizes their friends for not even texting them. There is a clear source of blame and active irritation rather than passive grief, fitting anger.
VAD_Estimate: [V: -0.55, A: +0.55, D: +0.20]
EMOTION: angry",[-0.55  0.55  0.2 ],0.979642792042079,True,False
I woke up to something quite terrible this morning.  My vegetable garden has been ravaged through by some strange animal.,sad,"Customer :I woke up this morning only to find out that some wild animal had destroyed my garden!
Agent :",sad,sad,angry,"REASONING: The destruction of the vegetable garden is a negative, frustrating event caused by an animal, leading to irritation and blame rather than fear, sadness, or disgust. This fits moderate-to-high arousal with assertive frustration.
VAD_Estimate: [V: -0.55, A: +0.55, D: +0.20]
EMOTION: angry",[-0.55  0.55  0.2 ],0.979642792042079,True,False
All of the good shows are ending. It really ruins tv for me.,sad,"Customer :I didn't realize it was ending? You must be disappointed.
Agent :",sad,sad,angry,"REASONING: The situation expresses active frustration and irritation about a disliked change, with negative valence and moderately high arousal; there is no fear, sadness, or revulsion present.
VAD_Estimate: [V: -0.55, A: +0.50, D: +0.20]
EMOTION: angry",[-0.55  0.5   0.2 ],0.9381897462667134,True,False
All of the good shows are ending. It really ruins tv for me.,sad,"Customer :Game of thrones is the top one. I want it to last forever
Agent :",sad,sad,angry,"REASONING: The end of favorite shows triggers frustration and irritation about a loss of entertainment, with negative valence and moderate-high arousal; the complaining tone (“really ruins tv”) indicates assertive displeasure rather than passive sadness.
VAD_Estimate: [V: -0.55, A: +0.50, D: +0.20]
EMOTION: angry",[-0.55  0.5   0.2 ],0.9381897462667134,True,False
My car stop working last week. I took it to the mechanic. It need a lot of money to fix it.,sad,"Customer :My car stop working last week. I took it to the mechanic. It need a lot of money to fix it.
Agent :",sad,sad,angry,"REASONING: The car needing expensive repairs is a frustrating, negative event that prompts active irritation and complaining rather than passive sadness or fear. Valence is negative, arousal is elevated from frustration, and dominance is mildly assertive due to expressed annoyance.

VAD_Estimate: [V: -0.55, A: +0.55, D: +0.20]

EMOTION: angry",[-0.55  0.55  0.2 ],0.979642792042079,True,False
I dropped my phone in the toilet and I didn't have insurance on it. It was a pretty expensive phone too.,sad,"Customer :It's actually in a bag of rice right now. I'm trying not to get my hopes up though, I'm bummed out enough as is.
Agent :",sad,sad,angry,"REASONING: The situation is negative because the speaker lost an expensive phone through an avoidable accident and has no insurance to fix it. The tone is one of active frustration and irritation rather than deep grief or fear, pointing to moderate-high arousal with some assertive annoyance.
VAD_Estimate: [V: -0.55, A: +0.60, D: +0.25]
EMOTION: angry",[-0.55  0.6   0.25],1.048665819029113,True,False
My pet fish ran away today. I left him in my room like I always do and when I got home he was gone.,sad,"Customer :Pretty sure my pet fish ran away today.
Agent :",sad,sad,surprised,"REASONING: The pet fish’s disappearance is unexpected and puzzling, with no clear cause or agent to blame. The immediate reaction is startled disbelief and mild distress rather than grief or frustration → mildly negative valence, high arousal, low control.
VAD_Estimate: [V: -0.30, A: +0.65, D: -0.30]
EMOTION: surprised",[-0.3   0.65 -0.3 ],0.9778547949465708,True,False
My favorite cake stand was stolen.,sad,"Customer :Yes, it was a moving company we hired, but I didn't have a way to prove it.
Agent :",sad,sad,angry,"REASONING: The theft of a valued possession is clearly unpleasant, and the situation involves a wrongful act by another person, which typically triggers irritation and blame rather than helplessness or grief. The arousal is moderately high, with a slight sense of assertive frustration.
VAD_Estimate: [V: -0.55, A: +0.55, D: +0.20]
EMOTION: angry",[-0.55  0.55  0.2 ],0.979642792042079,True,False
I dropped a bowl of mashed potatoes and it smashed all over the floor,sad,"Customer :oh no! i'm sorry to hear that. I wish i could come over and help you clean up
Agent :",sad,sad,surprised,"REASONING: Dropping and smashing a bowl is sudden and unexpected, causing high arousal and a sense of losing control; the mess is unpleasant, but there is no clear person to blame or active anger.
VAD_Estimate: [V: -0.25, A: +0.65, D: -0.20]
EMOTION: surprised",[-0.25  0.65 -0.2 ],1.0038426171467318,True,False
"My two dogs got into a fight with each other, and now they're avoiding one another. They even drew blood on each other during the fight. They're usually good buddies, so it kind of bothers me that they did that.",sad,"Customer :That is too bad. Are they getting along now.
Agent :",sad,sad,angry,"REASONING: The speaker describes an unpleasant conflict between their dogs and expresses irritation (“bothers me”), indicating frustration rather than fear, sadness, or disgust. This is a mild anger response with negative valence and moderate arousal.
VAD_Estimate: [V: -0.50, A: +0.40, D: +0.10]
EMOTION: angry",[-0.5  0.4  0.1],0.8066597795849252,True,False
I am having a hard time with someone who keeps repeating the same mistakes. It's hard to see they keep going back to the same path.,sad,"Customer :I am having a hard time with someone who keeps repeating the same mistakes.
Agent :",sad,sad,angry,"REASONING: The speaker expresses ongoing frustration and irritation toward someone who keeps making the same mistakes, which points to active displeasure and moderate arousal. There is a clear target of blame, and the tone reflects annoyance rather than sadness, fear, or disgust.
VAD_Estimate: [V: -0.55, A: +0.50, D: +0.20]
EMOTION: angry",[-0.55  0.5   0.2 ],0.9381897462667134,True,False
I miss being a kid. I hate all the responsibility I have now,sad,"Customer :I want to be a kid again
Agent :",sad,sad,angry,"REASONING: The speaker explicitly says “hate,” signaling active frustration and irritation rather than passive sadness. The sense of being burdened by responsibility creates negative valence, moderate-to-high arousal, and an assertive edge from complaining.
VAD_Estimate: [V: -0.60, A: +0.55, D: +0.20]
EMOTION: angry",[-0.6   0.55  0.2 ],0.976831612920057,True,False
My dog ran away today and I cant find her.,sad,"Customer :Have you ever had a pet run away?
Agent :",sad,sad,afraid,"REASONING: The speaker faces an uncontrollable, ambiguous loss with no clear cause to blame, triggering worry, helplessness, and anxious distress more than anger or sadness. This is high displeasure, high arousal, and low dominance.
VAD_Estimate: [V: -0.70, A: +0.60, D: -0.50]
EMOTION: afraid",[-0.7  0.6 -0.5],0.8892131353055914,True,False
My dog ran away from home!,sad,"Customer :My dog ran away from home!
Agent :",sad,sad,afraid,"REASONING: The sudden loss of a beloved pet creates strongly negative feelings of worry and helplessness, with high arousal from alarm and low dominance due to lack of control over the situation.
VAD_Estimate: [V: -0.65, A: +0.55, D: -0.45]
EMOTION: afraid",[-0.65  0.55 -0.45],0.8289752710425082,True,False
My dog ran away today. I was so distraught.,sad,"Customer :Oh no!  hav you been out looking for her?
Agent :",sad,sad,afraid,"REASONING: The explicit emotion ""distraught"" signals intense worry and upset, not calm sadness or anger. The situation is highly unpleasant, agitating, and largely uncontrollable, which maps to strong negative valence, high arousal, and low dominance.
VAD_Estimate: [V: -0.70, A: +0.60, D: -0.45]
EMOTION: afraid",[-0.7   0.6  -0.45],0.8810221336606703,True,False
It was a surprise to me when I found that my grandmother had passed away,sad,"Customer :My grandmother passed without any warning to us
Agent :",sad,sad,surprised,"REASONING: The speaker explicitly labels the moment as a “surprise,” referring to the unexpected discovery of the death. The negative context makes valence slightly negative, but the dominant reaction is high-arousal startle and low control rather than sustained grief.

VAD_Estimate: [V: -0.20, A: +0.65, D: -0.20]

EMOTION: surprised",[-0.2   0.65 -0.2 ],1.023816389788716,True,False
I dropped my 5 dollar ice cream as soon as I left the store,sad,"Customer :I dropped my 5 dollar ice cream as soon as I left the store
Agent :",sad,sad,angry,"REASONING: The situation is negative and frustrating because a treat was lost immediately after purchase, causing irritation and active annoyance. This is high-energy displeasure rather than passive sadness or fear.
VAD_Estimate: [V: -0.50, A: +0.55, D: +0.20]
EMOTION: angry",[-0.5   0.55  0.2 ],0.9849873095629202,True,False
i knew i shouldnt have trusted my brother with my dog,sad,"Customer :Oh no, what happened?
Agent :",sad,sad,angry,"REASONING: The speaker is blaming their brother for a trust violation that likely harmed the dog, which is a clear interpersonal grievance rather than an ambiguous threat. This produces negative valence with moderate-to-high irritation and assertive blame.
VAD_Estimate: [V: -0.55, A: +0.55, D: +0.30]
EMOTION: angry",[-0.55  0.55  0.3 ],1.037159582706538,True,False
I broke my phone today. It was the worst.,sad,"Customer :That's no good. How did that happen?
Agent :",sad,sad,angry,"REASONING: Breaking a valued possession is frustrating and irritating, with clear negative valence and moderate-to-high arousal from the annoyance of the loss. The speaker’s “it was the worst” signals active complaint rather than passive grief, aligning with anger.
VAD_Estimate: [V: -0.60, A: +0.55, D: +0.20]
EMOTION: angry",[-0.6   0.55  0.2 ],0.976831612920057,True,False
i knew i shouldnt have trusted my brother with my dog,sad,"Customer :my brother left the gate open and my dog got out, needless to say my brother got beatdown.
Agent :",sad,sad,angry,"REASONING: The speaker expresses regret and blame toward a specific person (their brother), reflecting frustration and irritation rather than helplessness or passive sadness. This fits anger: negative valence, moderately high arousal, and assertive blame.
VAD_Estimate: [V: -0.55, A: +0.55, D: +0.25]
EMOTION: angry",[-0.55  0.55  0.25],1.0075713374247999,True,False
"Harvey weinstein was such a good studio , they just ruined their business and now there arent any good movies",sad,"Customer :What were some of your favorites?
Agent :",sad,sad,angry,"REASONING: The speaker is complaining with irritation and blame toward the studio/person for ruining their business and causing a lack of good movies. This is active frustration rather than passive grief, so negative valence, moderate-high arousal, and assertive control point to anger.
VAD_Estimate: [V: -0.60, A: +0.55, D: +0.25]
EMOTION: angry",[-0.6   0.55  0.25],1.0048382954485762,True,False
I lost my cell phone today. I can't believe it,sad,"Customer :We were at Old Navy. I think I set it on top of the car and drove away like and idiot
Agent :",sad,sad,surprised,"REASONING: Losing the phone is a negative, unexpected event, and the phrase ""I can't believe it"" signals shock and momentary disbelief more than sustained anger or grief.  
VAD_Estimate: [V: -0.25, A: +0.60, D: -0.25]  
EMOTION: surprised",[-0.25  0.6  -0.25],0.952732911156112,True,False
My car stop working last week. I took it to the mechanic. It need a lot of money to fix it.,sad,"Customer :Oh no! Hopefully you're able to get it all fixed up so you can use it again.
Agent :",sad,sad,angry,"REASONING: The car breakdown and expensive repair are clearly negative and frustrating, with irritation about the cost and inconvenience. This is active complaining rather than helpless fear or passive sadness, matching anger most closely.
VAD_Estimate: [V: -0.55, A: +0.55, D: +0.20]
EMOTION: angry",[-0.55  0.55  0.2 ],0.979642792042079,True,False
My dog pooped on the rug today. I was so distraught.,sad,"Customer :Yeah, she doesn't do it often, but she ruined the rug. I was so sad.
Agent :",sad,sad,afraid,"REASONING: The speaker explicitly uses “distraught,” which signals high-intensity negative distress and a sense of being overwhelmed, rather than pure revulsion or anger. This maps to strongly negative valence, high arousal, and low dominance—closest to the afraid prototype.  
VAD_Estimate: [V: -0.70, A: +0.55, D: -0.45]  
EMOTION: afraid",[-0.7   0.55 -0.45],0.83168503653727,True,False
I lost my wallet and had to get all new cards,sad,"Customer :I usually dont have much cash on me but the cards are hard to replace.
Agent :",sad,sad,angry,"REASONING: Losing a wallet and dealing with the hassle of replacing cards is frustrating and irritating, with moderate-to-high activation and a sense of annoyance rather than helplessness or grief. This fits anger more than sadness or fear.
VAD_Estimate: [V: -0.55, A: +0.55, D: +0.20]
EMOTION: angry",[-0.55  0.55  0.2 ],0.979642792042079,True,False
"Don't you hate it when you're feeling confident in a new hairstyle or some clothes you're wearing, and then someone makes fun of you? Had that happen the other day. Makes you want to be able to hide in the background and never try anything new again",sad,"Customer :Hi are you still here?
Agent :",sad,sad,afraid,"REASONING: The mockery is a negative, socially threatening experience that triggers a desire to hide and withdraw rather than confront. This suggests negative valence, moderately high arousal from humiliation, and low dominance/vulnerability.
VAD_Estimate: [V: -0.65, A: +0.50, D: -0.45]
EMOTION: afraid",[-0.65  0.5  -0.45],0.7795511529078768,True,False
"In school, people would always bully me.",sad,"Customer :I am sorry that happened to you
Agent :",sad,sad,afraid,"REASONING: The repeated bullying is a negative, distressing experience that places the speaker in a vulnerable, low-control position. The ongoing threat and intimidation evoke anxious, high-arousal distress rather than calm sadness or assertive anger.
VAD_Estimate: [V: -0.70, A: +0.55, D: -0.45]
EMOTION: afraid",[-0.7   0.55 -0.45],0.83168503653727,True,False
I dropped a bowl of mashed potatoes and it smashed all over the floor,sad,"Customer :I dropped a bowl of mashed potatoes and it smashed all over the floor
Agent :",sad,sad,surprised,"REASONING: The event is an unexpected accident that likely causes a brief startle and frustration, with negative but not intense valence, high arousal from the sudden crash, and low control since it was unintentional. This aligns most closely with surprise.
VAD_Estimate: [V: -0.25, A: +0.65, D: -0.30]
EMOTION: surprised",[-0.25  0.65 -0.3 ],0.9958413528268446,True,False
I broke my laptop screen.,sad,"Customer :I agree, its still functional so I probably shouldn't be too sad.
Agent :",sad,sad,angry,"REASONING: Breaking a laptop screen is a negative, frustrating event that triggers irritation and annoyance, with moderate-to-high arousal and a sense of blame toward the clumsy action rather than helpless sadness or fear.
VAD_Estimate: [V: -0.55, A: +0.55, D: +0.20]
EMOTION: angry",[-0.55  0.55  0.2 ],0.979642792042079,True,False
My pet fish ran away today. I left him in my room like I always do and when I got home he was gone.,sad,"Customer :lmao how the heck did that happen
Agent :",sad,sad,surprised,"REASONING: The pet fish disappearing is an unexpected, puzzling event rather than a clear threat or prolonged grief. The valence is mildly negative due to the loss, arousal is increased by the sudden discovery, and control is low because the cause is unclear.
VAD_Estimate: [V: -0.25, A: +0.60, D: -0.30]
EMOTION: surprised",[-0.25  0.6  -0.3 ],0.9498420921395303,True,False
I found out my niece may be autistic.,sad,"Customer :She's currently going to appointments and things. So they'll find out more soon. 
Agent :",sad,sad,afraid,"REASONING: Discovering a potential developmental condition in a loved one creates worry, uncertainty, and helplessness rather than anger or joy; the negative valence and low control point to anxious concern.
VAD_Estimate: [V: -0.55, A: +0.40, D: -0.45]
EMOTION: afraid",[-0.55  0.4  -0.45],0.6853466276272177,True,False
I miss being a kid. I hate all the responsibility I have now,sad,"Customer :yes just playing outside all the time, no smartphones no snapchat
Agent :",sad,sad,angry,"REASONING: The speaker expresses active frustration and irritation toward their current responsibilities (“hate”), which points to anger rather than passive sadness; the nostalgic longing for childhood is secondary and does not override the explicit complaint.
VAD_Estimate: [V: -0.55, A: +0.45, D: +0.15]
EMOTION: angry",[-0.55  0.45  0.15],0.8690224392960172,True,False
My dog ran away today and I cant find her.,sad,"Customer :Yes when I was little.
Agent :",sad,sad,afraid,"REASONING: The loss of a pet is highly unpleasant and uncontrollable; the speaker is likely anxious and panicked about the dog’s safety, with high arousal and low dominance.
VAD_Estimate: [V: -0.65, A: +0.60, D: -0.45]
EMOTION: afraid",[-0.65  0.6  -0.45],0.8784645695758025,True,False
My favorite cake stand was stolen.,sad,"Customer :My favorite cake stand that my aunt gave me was stolen.
Agent :",sad,sad,angry,"REASONING: The theft of a valued possession is a negative, unjust event that triggers frustration and blame toward an external wrongdoer, with moderately high arousal and assertive irritation rather than helplessness or sadness.
VAD_Estimate: [V: -0.55, A: +0.55, D: +0.25]
EMOTION: angry",[-0.55  0.55  0.25],1.0075713374247999,True,False
I broke my phone today. It was the worst.,sad,"Customer :I got in a heated conversation and threw it lol
Agent :",sad,sad,angry,"REASONING: Breaking a phone is a negative, frustrating event that likely triggers irritation and complaint rather than deep grief or fear. The statement “It was the worst” conveys active displeasure and annoyance, with moderate-high arousal and some sense of frustrated control.
VAD_Estimate: [V: -0.60, A: +0.55, D: +0.20]
EMOTION: angry",[-0.6   0.55  0.2 ],0.976831612920057,True,False
I broke my phone today. It was the worst.,sad,"Customer :I broke my phone today.
Agent :",sad,sad,angry,"REASONING: Breaking a phone is a frustrating, undesirable event that triggers active irritation and complaint rather than helpless grief or fear. The phrase “worst” conveys displeasure with moderate-to-high arousal and a sense of assertive frustration.
VAD_Estimate: [V: -0.55, A: +0.55, D: +0.20]
EMOTION: angry",[-0.55  0.55  0.2 ],0.979642792042079,True,False
I woke up to something quite terrible this morning.  My vegetable garden has been ravaged through by some strange animal.,sad,"Customer :oh no, did you catch them?
Agent :",sad,sad,angry,"REASONING: The destruction of the garden is a negative event that provokes irritation and frustration; the speaker is likely upset and blames the animal, with moderate-high arousal and assertive annoyance rather than fear or sadness.
VAD_Estimate: [V: -0.55, A: +0.60, D: +0.25]
EMOTION: angry",[-0.55  0.6   0.25],1.048665819029113,True,False
My pet fish ran away today. I left him in my room like I always do and when I got home he was gone.,sad,"Customer :I don't know, I went to work and left him in my room like I always do and when I got home he was gone!
Agent :",sad,sad,surprised,"REASONING: The pet fish’s disappearance is unexpected and confusing, with no clear source to blame or immediate threat. This creates mildly negative valence, high arousal from the startling discovery, and low control/uncertainty.
VAD_Estimate: [V: -0.20, A: +0.60, D: -0.30]
EMOTION: surprised",[-0.2  0.6 -0.3],0.9709273917240155,True,False
My friend was hit by a meteor.,sad,"Customer :Was his name Joe Dirt?
Agent :",sad,sad,afraid,"REASONING: A friend being hit by a meteor is a sudden, catastrophic, and uncontrollable event, causing intense distress and a sense of helplessness rather than anger or calm sadness. The valence is strongly negative, arousal is high, and dominance is low/vulnerable.
VAD_Estimate: [V: -0.75, A: +0.65, D: -0.45]
EMOTION: afraid",[-0.75  0.65 -0.45],0.93552124508212,True,False
I lost my cell phone today. I can't believe it,sad,"Customer :I do. We just got home so I am going to call once we get settled in. I can't believe it
Agent :",sad,sad,surprised,"REASONING: Losing the phone is a negative event, but the phrase “I can’t believe it” signals disbelief and unexpectedness rather than prolonged sadness or anger. The response is moderately high arousal with a lowered sense of control.
VAD_Estimate: [V: -0.30, A: +0.60, D: -0.25]
EMOTION: surprised",[-0.3   0.6  -0.25],0.9339164844888433,True,False
I stubbed my toe. I never felt so much anguish in my life.,sad,"Customer :I stubbed my little toe. Never felt so much anguish and despair in my life.
Agent :",sad,sad,afraid,"REASONING: Stubbing a toe causes sharp pain, and the explicit word “anguish” indicates intense suffering rather than blame or amusement. The experience is strongly unpleasant, highly arousing, and leaves the speaker feeling overwhelmed/helpless, which aligns most closely with the fear prototype.
VAD_Estimate: [V: -0.70, A: +0.55, D: -0.45]
EMOTION: afraid",[-0.7   0.55 -0.45],0.83168503653727,True,False
My cat ignores me until she wants food from me,sad,"Customer :A couple years, she's an old cat though, 15 years old
Agent :",sad,sad,angry,"REASONING: The situation is mildly unpleasant because the speaker feels used or ignored by their cat, with active irritation and blame directed at the cat. This is low-to-moderate arousal frustration rather than fear, sadness, or disgust.
VAD_Estimate: [V: -0.40, A: +0.35, D: +0.20]
EMOTION: angry",[-0.4   0.35  0.2 ],0.8474668135095321,True,False
I lost my cell phone today. I can't believe it,sad,"Customer :I lost my cell phone today
Agent :",sad,sad,surprised,"REASONING: The negative event of losing the phone is unexpected, and the phrase “I can’t believe it” signals shock/disbelief rather than active anger or sadness. Valence is negative, arousal is elevated from the surprise, and dominance is lowered by helplessness over the loss.
VAD_Estimate: [V: -0.40, A: +0.55, D: -0.30]
EMOTION: surprised",[-0.4   0.55 -0.3 ],0.8521736912155878,True,False
My dog is missing. We have been looking for her for almost a week. He is a three year old rescue dog that we have only had for a few months.,sad,"Customer :Yes we have. I feel so bad. We have only had her for a few months. She was a rescue dog.
Agent :",sad,sad,afraid,"REASONING: The situation is deeply negative and involves uncertainty about the dog’s safety, with prolonged searching and helplessness. This creates high displeasure, moderate-to-high anxious arousal, and low control over the outcome, aligning closest with fear/worry rather than passive sadness.

VAD_Estimate: [V: -0.60, A: +0.50, D: -0.45]

EMOTION: afraid",[-0.6   0.5  -0.45],0.7798717843338095,True,False
"My dog passed away this morning. He was 13 years old, a golden lab. I'm just happy he's not in pain anymore.",sad,"Customer :My 13 year old golden lab passed away this morning. I miss him so much, but I'm glad he is not in pain anymore.
Agent :",sad,sad,joyful,"REASONING: The speaker explicitly says “happy” regarding their dog no longer being in pain, so the explicit emotion word must drive the final label. The valence is positive from relief, with moderate positive arousal and a sense of settled control rather than helplessness.

VAD_Estimate: [V: +0.65, A: +0.30, D: +0.30]
EMOTION: joyful",[0.65 0.3  0.3 ],1.5362942426501507,True,False
my brother is in the hospital really sick,sad,"Customer :Is he ok now?
Agent :",sad,sad,afraid,"REASONING: A serious illness in a loved one creates strong negative emotion, anxious arousal about their health, and a sense of helplessness because the outcome feels uncontrollable.
VAD_Estimate: [V: -0.65, A: +0.55, D: -0.45]
EMOTION: afraid",[-0.65  0.55 -0.45],0.8289752710425082,True,False
All of the good shows are ending. It really ruins tv for me.,sad,"Customer :Every good show on tv is ending or has already ended.
Agent :",sad,sad,angry,"REASONING: The speaker is actively complaining and expressing irritation about good shows ending, which is frustration with a clear cause rather than passive sadness. This reflects negative valence, moderate-to-high arousal, and some assertive control.
VAD_Estimate: [V: -0.55, A: +0.55, D: +0.20]
EMOTION: angry",[-0.55  0.55  0.2 ],0.979642792042079,True,False
I was upset when the spurs traded away Khawi Leonard,sad,"Customer :I was upset when the spurs traded away Khawi Leonard
Agent :",sad,sad,angry,"REASONING: A specific entity (the Spurs) caused an unwanted outcome, and “upset” here conveys irritation/frustration with the trade. This negative event has elevated arousal and outward blame, fitting anger rather than low-energy sadness or fear.
VAD_Estimate: [V: -0.55, A: +0.55, D: +0.20]
EMOTION: angry",[-0.55  0.55  0.2 ],0.979642792042079,True,False
I am having a hard time with someone who keeps repeating the same mistakes. It's hard to see they keep going back to the same path.,sad,"Customer :Bad behaviors and attitudes. It's hard to see they keep going back to the same path.
Agent :",sad,sad,angry,"REASONING: The speaker is frustrated with a specific person's repeated behavior, indicating active irritation and blame rather than helplessness or grief. This fits anger: negative valence, moderate-high arousal, and assertive control.
VAD_Estimate: [V: -0.55, A: +0.50, D: +0.20]
EMOTION: angry",[-0.55  0.5   0.2 ],0.9381897462667134,True,False
I broke my laptop screen.,sad,"Customer :That sucks! It happens to the best of us. At least the computer didn't break.
Agent :",sad,sad,angry,"REASONING: Breaking a laptop screen is a negative, frustrating event that causes irritation and self-anger. The reaction involves moderate-to-high arousal and assertive blame toward the situation/self, rather than passive grief or helplessness.
VAD_Estimate: [V: -0.55, A: +0.55, D: +0.20]
EMOTION: angry",[-0.55  0.55  0.2 ],0.979642792042079,True,False
"I had 20 dollars sitting in my car and I opened my windows. Next thing you know, the 20 dollars flew out the window.",sad,"Customer :I had a 20 dollar bill in my car and I opened my windows. I couldn't find it so I'm thinking it flew out the window...
Agent :",sad,sad,surprised,"REASONING: The situation is unexpected and abrupt—the money flies out due to the open window—creating a sudden, mildly unpleasant jolt rather than sustained anger or grief. This fits high arousal, slightly negative valence, and low control.
VAD_Estimate: [V: -0.30, A: +0.60, D: -0.30]
EMOTION: surprised",[-0.3  0.6 -0.3],0.9309672389509741,True,False
I woke up to something quite terrible this morning.  My vegetable garden has been ravaged through by some strange animal.,sad,"Customer :Unfortunately, no.  I am sad in some ways but happy the wild creature had a full meal last night.
Agent :",sad,sad,angry,"REASONING: Discovering one’s garden destroyed by an animal is a negative, frustrating event with a clear external cause, triggering active irritation and blame rather than helplessness or passive grief. This aligns with high negative valence, moderately high arousal, and assertive control.

VAD_Estimate: [V: -0.55, A: +0.55, D: +0.20]
EMOTION: angry",[-0.55  0.55  0.2 ],0.979642792042079,True,False
My dog is missing. We have been looking for her for almost a week. He is a three year old rescue dog that we have only had for a few months.,sad,"Customer :Oh my god! Have you posted everywhere and checked shelters?
Agent :",sad,sad,afraid,"REASONING: The prolonged disappearance of a beloved pet creates strongly negative feelings, anxious vigilance, and a sense of helplessness over the outcome. The active searching and uncertainty about the dog’s safety elevate arousal, while control remains low.
VAD_Estimate: [V: -0.65, A: +0.50, D: -0.45]
EMOTION: afraid",[-0.65  0.5  -0.45],0.7795511529078768,True,False
I am having a hard time with someone who keeps repeating the same mistakes. It's hard to see they keep going back to the same path.,sad,"Customer :What are they repeating?
Agent :",sad,sad,angry,"REASONING: The situation involves frustration with another person’s repeated behavior, with a clear source of irritation and a sense of wanting them to change. This reflects negative valence, moderately high arousal, and assertive control.
VAD_Estimate: [V: -0.55, A: +0.60, D: +0.20]
EMOTION: angry",[-0.55  0.6   0.2 ],1.0218610473053564,True,False
My dog pooped on the rug today. I was so distraught.,sad,"Customer :My dog pooped on the rug today.
Agent :",sad,sad,disgusted,"REASONING: The event involves dog feces, a bodily contaminant, so revulsion and avoidance are primary. The word “distraught” amplifies the negative intensity, but the core emotional response is disgust.
VAD_Estimate: [V: -0.60, A: +0.40, D: +0.10]
EMOTION: disgusted",[-0.6  0.4  0.1],0.7966806135459806,True,False
"In school, people would always bully me.",sad,"Customer :I do not know, i was always smarter than the rest so i think they did not like me
Agent :",sad,sad,afraid,"REASONING: Repeated bullying creates an ongoing threatening and powerless experience for the victim, marked by high distress and low control rather than active confrontation or positive feelings. This aligns with high negative valence, high arousal, and vulnerable helplessness.
VAD_Estimate: [V: -0.65, A: +0.55, D: -0.45]
EMOTION: afraid",[-0.65  0.55 -0.45],0.8289752710425082,True,False
I missed the bus today. I ended up being late for school.,sad,"Customer :omg, Yesterday I did the same thing, but I was late to class!
Agent :",sad,sad,angry,"REASONING: Missing the bus and being late is an unpleasant, frustrating event with moderate arousal from irritation rather than helpless fear or sadness; the annoyance is active but not intense.
VAD_Estimate: [V: -0.50, A: +0.40, D: -0.10]
EMOTION: angry",[-0.5  0.4 -0.1],0.7202083032012337,True,False
"Don't you hate it when you're feeling confident in a new hairstyle or some clothes you're wearing, and then someone makes fun of you? Had that happen the other day. Makes you want to be able to hide in the background and never try anything new again",sad,"Customer :I think it was my haircut :( But thank you for the kind words. I need you to hype me up in the morning and make me feel confident!
Agent :",sad,sad,angry,"REASONING: Being mocked after feeling confident is clearly unpleasant, and the phrase “hate it” signals frustration and irritation with moderate-to-high arousal. The speaker blames the mockers rather than feeling helpless, so dominance is slightly assertive, despite an avoidant afterthought.

VAD_Estimate: [V: -0.55, A: +0.60, D: +0.10]
EMOTION: angry",[-0.55  0.6   0.1 ],0.973755616158387,True,False
My first date with a woman that I met at a party didn't go as expected.,sad,"Customer :We didn't have any common interest. At some point, during the date, she seemed bored. I called her but she didn't reply.
Agent :",sad,sad,surprised,"REASONING: The phrase “didn’t go as expected” signals an unexpected outcome rather than a clear positive or negative emotion. There is no explicit emotion word or clear target for blame, so the dominant response is likely startle/confusion with moderately high arousal, mildly negative or mixed valence, and reduced sense of control.
VAD_Estimate: [V: -0.20, A: +0.60, D: -0.30]
EMOTION: surprised",[-0.2  0.6 -0.3],0.9709273917240155,True,False
I dropped my phone in the toilet and I didn't have insurance on it. It was a pretty expensive phone too.,sad,"Customer :I dropped my phone in the toilet last night and now it's not functioning right. I also didn't have insurance on it which is a huge bummer, because this phone was expensive!
Agent :",sad,sad,disgusted,"REASONING: The situation involves the phone falling into toilet water, which triggers revulsion/contamination, alongside frustration over the financial loss. Valence is clearly negative, arousal is moderate from the disgust and irritation, and dominance is slightly positive because the reaction is rejection/avoidance rather than helplessness.
VAD_Estimate: [V: -0.60, A: +0.40, D: +0.10]
EMOTION: disgusted",[-0.6  0.4  0.1],0.7966806135459806,True,False
My cat ignores me until she wants food from me,sad,"Customer :My cat ignores me until she wants food from me
Agent :",sad,sad,angry,"REASONING: The cat’s conditional affection is mildly frustrating and irritating, creating negative valence with moderate arousal. The speaker feels a slight sense of control/assertive annoyance rather than helplessness, so this aligns closest with anger.

VAD_Estimate: [V: -0.50, A: +0.50, D: +0.25]
EMOTION: angry",[-0.5   0.5   0.25],0.9727281223445738,True,False
"Don't you hate it when you're feeling confident in a new hairstyle or some clothes you're wearing, and then someone makes fun of you? Had that happen the other day. Makes you want to be able to hide in the background and never try anything new again",sad,"Customer :Don't you hate it when you're feeling confident in a new hairstyle or some clothes you're wearing, and then someone makes fun of you? Had that happen the other day. Makes you want to be able to hide in the background and never try anything new again
Agent :",sad,sad,afraid,"REASONING: The situation involves social ridicule that undermines confidence and triggers a strong desire to hide and avoid future exposure, reflecting negative valence, elevated arousal, and low dominance/vulnerability rather than anger or sadness.
VAD_Estimate: [V: -0.68, A: +0.50, D: -0.50]
EMOTION: afraid",[-0.68  0.5  -0.5 ],0.7901265721389201,True,False
I miss being a kid. I hate all the responsibility I have now,sad,"Customer :wouldnt that be nice, no worries no responsibilities, not a care in the world
Agent :",sad,sad,angry,"REASONING: The explicit word “hate” signals active frustration and irritation, not passive sadness; the longing for childhood adds wistfulness, but the dominant feeling is anger toward current responsibilities. This maps to high negative valence, elevated arousal, and moderate assertive control.
VAD_Estimate: [V: -0.55, A: +0.60, D: +0.20]
EMOTION: angry",[-0.55  0.6   0.2 ],1.0218610473053564,True,False
I lost my cell phone today. I can't believe it,sad,"Customer :i'm so sorry. hopefully there is something they can do for you
Agent :",sad,sad,surprised,"REASONING: Losing the phone is negative, but “I can’t believe it” signals shock and disbelief rather than sustained sadness or anger; arousal is elevated and control feels low.
VAD_Estimate: [V: -0.30, A: +0.60, D: -0.30]
EMOTION: surprised",[-0.3  0.6 -0.3],0.9309672389509741,True,False
"In school, people would always bully me.",sad,"Customer :In school, the kids would always bully me and call me names
Agent :",sad,sad,afraid,"REASONING: Repeated bullying by peers is a negative, threatening experience that creates vulnerability and helplessness, with high arousal from intimidation rather than calm sadness or assertive anger.
VAD_Estimate: [V: -0.65, A: +0.55, D: -0.45]
EMOTION: afraid",[-0.65  0.55 -0.45],0.8289752710425082,True,False
"My daughter lost her last baby tooth today, she's growing up.",sad,"Customer :My daughter lost her last baby tooth today, she's growing up and it gets me a little choked up.
Agent :",sad,sad,joyful,"REASONING: This is a tender, prideful milestone—watching a child grow up—which carries positive valence and calm, warm contentment rather than sadness or fear. The mood is reflective but emotionally pleasant, with a gentle sense of control and appreciation.
VAD_Estimate: [V: +0.55, A: +0.20, D: +0.25]
EMOTION: joyful",[0.55 0.2  0.25],1.3963165830140385,True,False
I was upset when the spurs traded away Khawi Leonard,sad,"Customer :I understand that, he seemed to seal his own fate there, but still sad
Agent :",sad,sad,angry,"REASONING: The speaker is upset about a specific trade decision made by the Spurs, showing frustration and blame toward an identifiable party. This is negative, moderately high in arousal, and carries a sense of assertive irritation rather than helpless sadness.
VAD_Estimate: [V: -0.55, A: +0.50, D: +0.20]
EMOTION: angry",[-0.55  0.5   0.2 ],0.9381897462667134,True,False
I just found out my brother had to get checked into rehab!  I had no idea he had a problem and am quite upset over it!,sad,"Customer :I just found out my brother had to get checked into rehab! I had no idea he had a problem and am quite upset over it!
Agent :",sad,sad,afraid,"REASONING: The news about rehab is strongly negative and sudden, creating high-arousal distress. The speaker feels helpless and concerned, with no clear person to blame, so this aligns more with vulnerable fear than with sadness or anger.

VAD_Estimate: [V: -0.65, A: +0.55, D: -0.45]
EMOTION: afraid",[-0.65  0.55 -0.45],0.8289752710425082,True,False
"When people buy assorted doughnuts, and somebody eats the only flavor you like.",sad,"Customer :It's tough being picky.
Agent :",sad,sad,angry,"REASONING: The situation describes a minor but irritating injustice with a clear cause—someone else took the only doughnut flavor you wanted. This triggers frustration and annoyance rather than fear, sadness, or disgust, with moderate-to-high arousal and a mildly assertive sense of irritation.
VAD_Estimate: [V: -0.45, A: +0.55, D: +0.20]
EMOTION: angry",[-0.45  0.55  0.2 ],0.9928242543370907,True,False
I feel bad I don't always get to go through bad things and full get healed. I have someone who was around me during the worst times of my life who took that away from me and made the focus be on them..which disrupted my process of grief and healing/,sad,"Customer :Do you mean you feel bad that you don't get to go through bad things or that you don't get to be healed?
Agent :",sad,sad,angry,"REASONING: The speaker is blaming a specific person for disrupting their grief and healing, which creates active frustration and irritation rather than passive sadness or fear. The valence is strongly negative, arousal is moderately high from resentful energy, and dominance is somewhat assertive because the speaker is identifying the other person as the cause of the harm.

VAD_Estimate: [V: -0.55, A: +0.55, D: +0.20]
EMOTION: angry",[-0.55  0.55  0.2 ],0.979642792042079,True,False
I had to take my dog to the vet today.,sad,"Customer :He has been really sick for a while now, but unfortunately he didn't get to come home with me today.  
Agent :",sad,sad,afraid,"REASONING: The phrase ""had to"" suggests an obligatory and possibly stressful situation, with concern for the pet’s health creating negative valence, anxious arousal, and reduced control.
VAD_Estimate: [V: -0.45, A: +0.45, D: -0.30]
EMOTION: afraid",[-0.45  0.45 -0.3 ],0.7427651041883968,True,False
My cat ignores me until she wants food from me,sad,"Customer :How long have you had your cat? Mine used to be like that.
Agent :",sad,sad,angry,"REASONING: The speaker expresses frustration and mild blame toward the cat’s self-serving behavior, with negative valence and moderate irritation rather than sadness or fear.  
VAD_Estimate: [V: -0.55, A: +0.50, D: +0.20]  
EMOTION: angry",[-0.55  0.5   0.2 ],0.9381897462667134,True,False
i was upset when i couldnt get the day off,sad,"Customer :yea, didnt matter.
Agent :",sad,sad,angry,"REASONING: Being denied a requested day off is a frustrating, goal-blocking event that produces irritation and active displeasure rather than passive sadness. The arousal is moderate-high and the speaker feels some assertive annoyance, consistent with anger.
VAD_Estimate: [V: -0.55, A: +0.50, D: +0.15]
EMOTION: angry",[-0.55  0.5   0.15],0.9108786966440701,True,False
my brother is in the hospital really sick,sad,"Customer :I am so sorry... What happened?
Agent :",sad,sad,afraid,"REASONING: The situation is negative and serious, with a close family member hospitalized and seriously ill; this creates high unpleasantness, anxious arousal, and a helpless sense of uncertainty about the outcome, aligning with fear/worry rather than passive sadness or anger.
VAD_Estimate: [V: -0.65, A: +0.55, D: -0.45]
EMOTION: afraid",[-0.65  0.55 -0.45],0.8289752710425082,True,False
i knew i shouldnt have trusted my brother with my dog,sad,"Customer :i knew i shouldnt have trusted my brother with my dog
Agent :",sad,sad,angry,"REASONING: The speaker expresses regret and blame toward a specific person (brother), implying frustration and irritation over a preventable outcome. This is active displeasure with assertive blame rather than passive sadness or fear.
VAD_Estimate: [V: -0.60, A: +0.55, D: +0.20]
EMOTION: angry",[-0.6   0.55  0.2 ],0.976831612920057,True,False
my brother is in the hospital really sick,sad,"Customer :my brother was in the hospital really sick
Agent :",sad,sad,afraid,"REASONING: The situation is highly negative and involves concern for a loved one’s health, creating anxious uncertainty and helplessness rather than anger or sadness. Valence is strongly negative, arousal is elevated due to worry, and dominance is low because the outcome feels out of the speaker’s control.
VAD_Estimate: [V: -0.70, A: +0.55, D: -0.45]
EMOTION: afraid",[-0.7   0.55 -0.45],0.83168503653727,True,False
I walked outside this morning and witnessed a six car pile up!,surprised,"Customer :I walked out the door this morning and saw a six-car pile up!
Agent :",surprised,surprised,afraid,"REASONING: Witnessing a sudden multi-car accident is highly unpleasant and alarming; the chaotic, unpredictable scene triggers high arousal and a sense of helplessness as a bystander, aligning with fear rather than amusement or calm surprise.
VAD_Estimate: [V: -0.65, A: +0.70, D: -0.40]
EMOTION: afraid",[-0.65  0.7  -0.4 ],0.7044856279584418,True,False
"My mom used to put one of my christmas presents in something like a poptart box as a prank every year. Last year, the prank was that it was really poptarts in the box.",surprised,"Customer :Lol! That is hilarious. I hope you got it on video
Agent :",surprised,surprised,joyful,"REASONING: The situation is a fond, playful memory about a humorous Christmas prank. The twist is amusing and positive, with lighthearted energy and a sense of shared warmth rather than fear, sadness, or anger.
VAD_Estimate: [V: +0.70, A: +0.40, D: +0.30]
EMOTION: joyful",[0.7 0.4 0.3],0.8647543003651383,True,False
Once my brother bought me an exbox for no reason,surprised,"Customer :What a nice gift! My little brother did the same for me actually. Xbox one S last year
Agent :",surprised,surprised,joyful,"REASONING: Receiving an unexpected gift from a brother is a clearly positive event, with feelings of happiness, excitement, and appreciation rather than fear, sadness, or disgust. The high positive pleasure and elevated arousal align most closely with joy.
VAD_Estimate: [V: +0.80, A: +0.60, D: +0.40]
EMOTION: joyful",[0.8 0.6 0.4],0.9621850133939939,True,False
I once won an award for writing a poem in a competition I didn't enter.,surprised,"Customer :Wow, cool how did that happen?
Agent :",surprised,surprised,joyful,"REASONING: The situation is a positive, unexpected achievement—winning an award—which likely produces elation and pride. Valence is strongly positive, arousal is high from excitement, and dominance is moderately high from a sense of accomplishment, despite the unexpected nature.
VAD_Estimate: [V: +0.75, A: +0.60, D: +0.35]
EMOTION: joyful",[0.75 0.6  0.35],0.8931965069345044,True,False
My mom gave me an unexpected gift this past Christmas. It was a family heirloom that is quite valuable.,surprised,"Customer :My mom decided to give me a precious family heirloom this past Christmas. It was quite unexpected!
Agent :",surprised,surprised,joyful,"REASONING: The event is clearly positive and meaningful—receiving a valuable family heirloom from mom likely brings happiness, appreciation, and warmth. There is an element of surprise, but no explicit surprise emotion word like “shocked” or “astonished,” so the dominant feeling is joy.
VAD_Estimate: [V: +0.75, A: +0.50, D: +0.35]
EMOTION: joyful",[0.75 0.5  0.35],0.9065318527222307,True,False
"I thought that physics was gonna be a really simple class. Contrary to this, it was really tough and was one of the hardest I was in.",surprised,"Customer :Agreed, since it was way harder than I anticipated.
Agent :",surprised,surprised,angry,"REASONING: The speaker expresses frustration and irritation from unmet expectations, focusing on the class being unfairly difficult. This is active complaining rather than passive sadness or fear, so valence is negative, arousal is moderately high, and dominance is slightly assertive.
VAD_Estimate: [V: -0.55, A: +0.50, D: +0.20]
EMOTION: angry",[-0.55  0.5   0.2 ],0.6635510530471639,True,False
I cant believe Game of Thrones is almost over,surprised,"Customer :Game of Thrones only has one season left
Agent :",surprised,surprised,sad,"REASONING: The impending end of a beloved show triggers a sense of loss and resignation; “can’t believe” conveys dejection and denial rather than excitement or startle. This is negative valence, low energy, and low control, closest to sadness.
VAD_Estimate: [V: -0.55, A: -0.10, D: -0.35]
EMOTION: sad",[-0.55 -0.1  -0.35],0.9714936952960631,True,False
"I took a university test that I was sure I was going to fail, and somehow I got a B on it.",surprised,"Customer :I just knew I bombed this chemistry test and we got the results yesterday. I somehow squeaked by with a B!
Agent :",surprised,surprised,joyful,"REASONING: The situation involves an unexpectedly positive outcome—getting a B after expecting to fail—which is pleasant and relieving. There is moderate to high arousal from the surprise, but the overall feeling is positive with a sense of accomplishment/control, not vulnerability or confusion.
VAD_Estimate: [V: +0.65, A: +0.55, D: +0.30]
EMOTION: joyful",[0.65 0.55 0.3 ],0.7885429601486529,True,False
I was walking alone at midnight. Then suddenly there came a storm and it down poured.,surprised,"Customer :I was walking around outside!
Agent :",surprised,surprised,afraid,"REASONING: The sudden storm while walking alone at midnight is an unexpected, uncontrollable environmental threat, creating high arousal and vulnerability. The negative valence and low dominance point to fear rather than mere surprise.
VAD_Estimate: [V: -0.60, A: +0.65, D: -0.45]
EMOTION: afraid",[-0.6   0.65 -0.45],0.680294054067798,True,False
It was an unusually slow monday today.,surprised,"Customer :Why? What's going on? Or, y'know, not going on ?
Agent :",surprised,surprised,sad,"REASONING: An unusually slow Monday feels dull and uneventful, with mild displeasure, low energy, and a passive sense of being stuck. This best fits low-arousal negative affect rather than anger, fear, or surprise.

VAD_Estimate: [V: -0.40, A: -0.45, D: -0.25]

EMOTION: sad",[-0.4  -0.45 -0.25],1.1953242237987147,True,False
I had not seen my best friend in over 3 years. When I came home from work she was sitting my living room. It was great!,surprised,"Customer :He had just been busy with life. But he was at my house when I got home for work.
Agent :",surprised,surprised,joyful,"REASONING: The unexpected reunion with a close friend is clearly positive and elicits elation and warmth; high pleasure, high activation/excitement, and a sense of social connection/empowerment. The explicit positive evaluation ""It was great!"" anchors it as joy rather than mere surprise.
VAD_Estimate: [V: 0.80, A: 0.60, D: 0.40]
EMOTION: joyful",[0.8 0.6 0.4],0.9621850133939939,True,False
I can't believe I'm still single,surprised,"Customer :A woman. I am 34 and not even dating. I thought I would be set by now.
Agent :",surprised,surprised,sad,"REASONING: The statement expresses dissatisfaction and helplessness about being single, with no clear target for blame or high-energy confrontation. It reflects a resigned, dejected state with low dominance and slightly negative arousal.

VAD_Estimate: [V: -0.55, A: -0.20, D: -0.35]
EMOTION: sad",[-0.55 -0.2  -0.35],1.0525207836427746,True,False
My parents surprised me with a trip up to see me for 4 days.  I was so shocked and am so happy they are here!,surprised,"Customer :My parents surprised me with a trip up to see me for 4 days. I was so shocked and am so happy they are here!
Agent :",surprised,surprised,joyful,"REASONING: The event is clearly positive and the speaker explicitly says they are happy, which anchors the emotion to joy; the surprise adds excitement but does not override the explicit happiness. High pleasure, high arousal, and a sense of empowerment → joyful.
VAD_Estimate: [V: +0.85, A: +0.70, D: +0.35]
EMOTION: joyful",[0.85 0.7  0.35],0.9766268478799873,True,False
My sister actually paid back the money she borrowed on time for a change,surprised,"Customer :My sister actually paid my back on time last week
Agent :",surprised,surprised,joyful,"REASONING: The situation is a positive outcome—the sister repaid a debt on time—which creates pleasant relief and satisfaction. The “actually… for a change” adds mild surprise, but the dominant tone is positive and appreciative, with moderate energy and a sense of control/trust. This aligns closest with joyful rather than neutral-surprised.
VAD_Estimate: [V: +0.65, A: +0.40, D: +0.30]
EMOTION: joyful",[0.65 0.4  0.3 ],0.8248030067840442,True,False
I once won an award for writing a poem in a competition I didn't enter.,surprised,"Customer :I once won an award for writing a poem in a competition I didn't enter.
Agent :",surprised,surprised,joyful,"REASONING: Winning an award is a positive achievement that brings pleasure, excitement, and a sense of pride/empowerment, even if it was unexpected. The dominant feeling is joy rather than mere surprise.
VAD_Estimate: [V: +0.75, A: +0.55, D: +0.35]
EMOTION: joyful",[0.75 0.55 0.35],0.8984987479123162,True,False
"I haven't seen my friend in 4 years, and she was at my doorstep yesterday.",surprised,"Customer :That's really nice! Did you guys reconnect?
Agent :",surprised,surprised,joyful,"REASONING: Surprising reunion with a friend is highly pleasant and energizing; the dominant emotional experience is happiness and excitement at reconnecting, with positive engagement rather than helplessness.
VAD_Estimate: [V: +0.80, A: +0.60, D: +0.35]
EMOTION: joyful",[0.8  0.6  0.35],0.9355746896961248,True,False
My sister actually paid back the money she borrowed on time for a change,surprised,"Customer :Perhaps she's turned over a new leaf. It's very good of you to lend her money, even if she is your sister.
Agent :",surprised,surprised,joyful,"REASONING: The event is positive—being repaid is pleasant and satisfying, with only mild surprise at her reliability. The dominant tone is happiness/relief rather than shock or fear, yielding positive valence, moderate arousal, and a sense of control.

VAD_Estimate: [V: +0.70, A: +0.40, D: +0.35]
EMOTION: joyful",[0.7  0.4  0.35],0.8906739021662192,True,False
A girl kissed me,surprised,"Customer :Someone randomly walked up to you and kissed you? That's odd
Agent :",surprised,surprised,joyful,"REASONING: Being kissed by a girl is a positive, affectionate event that likely feels pleasant and exciting, with a moderate sense of being desired and in control. This maps most closely to joy rather than surprise or fear.
VAD_Estimate: [V: +0.70, A: +0.55, D: +0.30]
EMOTION: joyful",[0.7  0.55 0.3 ],0.8302409288875127,True,False
I saw a girl propose to her boyfriend.,surprised,"Customer :The guy was pretty bewildered.
Agent :",surprised,surprised,joyful,"REASONING: The scene is pleasant and heartwarming, evoking positive feelings with moderate excitement and no sense of threat or loss of control.
VAD_Estimate: [V: +0.75, A: +0.45, D: +0.30]
EMOTION: joyful",[0.75 0.45 0.3 ],0.8920762299265685,True,False
I went to the restroom and when I went to wash my hands there was a frog on the sink handle. I almost touched it.,surprised,"Customer :went to the bathroom and saw something you don't see everyday.
Agent :",surprised,surprised,disgusted,"REASONING: The unexpected near-contact with a frog in a restroom sink triggers revulsion and a desire to recoil from contamination, with moderately high arousal and an avoidant/rejecting response.
VAD_Estimate: [V: -0.55, A: +0.40, D: +0.10]
EMOTION: disgusted",[-0.55  0.4   0.1 ],0.6544463308782471,True,False
Last year on my birthday I really wanted to get a new gaming system. I didn't think I would get it but my parents had it wrapped with the rest of my gifts!,surprised,"Customer :It was a new gaming system! I didn't think I would get it but it was wrapped with everything else!
Agent :",surprised,surprised,joyful,"REASONING: The situation is a positive, desired outcome—receiving a gift they truly wanted—which creates happiness and excitement. There is an element of surprise, but the dominant feeling is joy from the fulfilled wish.
VAD_Estimate: [V: +0.80, A: +0.60, D: +0.40]
EMOTION: joyful",[0.8 0.6 0.4],0.9621850133939939,True,False
My friend asked me to get ready for her birthday party. I told her that I was unable to attend the party. She get sad about it. But I went to her home in the midnight to wish her.,surprised,"Customer :That's such a bummer. How did he take the bad news?
Agent :",surprised,surprised,sad,"REASONING: The text explicitly states the friend “got sad” when told the speaker couldn’t attend, which is a negative, low-energy, dejected state. The later midnight visit is an action after that moment, but the only explicit emotion word anchors the prediction to sadness.
VAD_Estimate: [V: -0.63, A: -0.27, D: -0.33]
EMOTION: sad",[-0.63 -0.27 -0.33],1.149130105775669,True,False
My father bought me a new car which I had not expected.,surprised,"Customer :My father bought me a new car, despite saying the day before that he would not buy it for me!
Agent :",surprised,surprised,joyful,"REASONING: Receiving an unexpected new car is a highly positive, exciting event with a strong sense of gratitude and empowerment. Valence is strongly positive, arousal is high, and dominance is moderately positive due to the rewarding nature of the gift.

VAD_Estimate: [V: +0.80, A: +0.60, D: +0.35]
EMOTION: joyful",[0.8  0.6  0.35],0.9355746896961248,True,False
"I took a calculus test and thought that I aced it. Instead, contrary to what I thought, I failed it hard.",surprised,"Customer :I totally thought that I aced this calculus test I took like a year ago.
Agent :",surprised,surprised,sad,"REASONING: Failing a test after expecting success is a negative, deflating outcome. There is no clear target for blame (not anger), no physical threat (not fear), and no revulsion (not disgust). The unexpectedness may cause initial surprise, but the dominant feeling is disappointment and dejection over the failure.

VAD_Estimate: [V: -0.60, A: -0.25, D: -0.40]
EMOTION: sad",[-0.6  -0.25 -0.4 ],1.1310614483749324,True,False
"My in-laws just suddenly showed up yesterday and said they were staying for the week.  I had no warning at all but I guess they were trying to make it fun, ha ha.",surprised,"Customer :Not really, but my husband is going to try to get some time off if he can.  Its hard in the summer since so many other people at his work have planned vacations. I did have a heart attck and ran around like a crazy person cleaning upstairs before they came up.
Agent :",surprised,surprised,angry,"REASONING: The sudden, unannounced visit is an unwanted imposition caused by specific people, producing irritation and frustration rather than fear or sadness. Valence is negative, arousal is moderately heightened by the surprise, and dominance is slightly assertive but tempered by feeling imposed upon.
VAD_Estimate: [V: -0.55, A: +0.55, D: +0.10]
EMOTION: angry",[-0.55  0.55  0.1 ],0.6081118318204309,True,False
There were 7 kittens on my doortstep this morning.,surprised,"Customer :Awesome!  Cute kitties!  Did you feed them
Agent :",surprised,surprised,joyful,"REASONING: Discovering a litter of kittens is a pleasant, heartwarming surprise. The situation is clearly positive with moderate excitement and a sense of delight, aligning most closely with joy rather than mere shock.
VAD_Estimate: [V: +0.75, A: +0.55, D: +0.30]
EMOTION: joyful",[0.75 0.55 0.3 ],0.8728115489611717,True,False
That my house got an offer on it from the neighbor.,surprised,"Customer :What did you say to that?
Agent :",surprised,surprised,joyful,"REASONING: Receiving an offer on a house is a favorable, sought-after event, creating pleasant excitement and a sense of control over the sale. No explicit emotion word or negative cue is present, so the dominant appraisal aligns with joy.

VAD_Estimate: [V: +0.70, A: +0.50, D: +0.35]
EMOTION: joyful",[0.7  0.5  0.35],0.8656211642514292,True,False
My girlfiend and I had just gotten intoa huge fight the other day and haven't talked since. She knew chocolate covered strawberries are my favorite and she knew I had my kids today so she brought over a huge homemade bunch of them.,surprised,"Customer :I got into a huge fight with my girlfriend.
Agent :",surprised,surprised,joyful,"REASONING: The thoughtful gesture of bringing favorite treats after a fight creates warmth, appreciation, and happiness; it is a clearly positive event with moderate excitement and a restored sense of connection.
VAD_Estimate: [V: +0.70, A: +0.50, D: +0.30]
EMOTION: joyful",[0.7 0.5 0.3],0.8389278872465737,True,False
"There's been a large number of bats flying on my property this summer. They keep showing up in the craziest of places, like one got into my sunroom and has been living there for a few weeks.",surprised,"Customer :There must be a hole somewhere in the room. We've got way more bats than normal flying through the property this summer.
Agent :",surprised,surprised,afraid,"REASONING: The situation describes an unpleasant, uncontrollable intrusion of bats into the speaker’s living space, creating a sense of unease and vigilance with no clear person to blame. This aligns with fear: negative valence, heightened arousal, and low dominance/vulnerability.
VAD_Estimate: [V: -0.65, A: +0.55, D: -0.40]
EMOTION: afraid",[-0.65  0.55 -0.4 ],0.7140028011149536,True,False
My friends threw a huge surprise party for me the other day. I was so shocked and happy.,surprised,"Customer :My friends threw me a huge surprise party the other day.
Agent :",surprised,surprised,joyful,"REASONING: The speaker explicitly says ""happy"" despite being surprised, and the event is clearly positive and socially rewarding, so joy dominates over mere surprise. High pleasure, high arousal, and a positive sense of connection/control.
VAD_Estimate: [V: +0.80, A: +0.65, D: +0.40]
EMOTION: joyful",[0.8  0.65 0.4 ],0.9598437372822725,True,False
My girlfriend secretly booked  a cruise for us next week. She told me today.,surprised,"Customer :Wow that's cool...with hers or your credit card..?
Agent :",surprised,surprised,joyful,"REASONING: The situation is a positive, unexpected act of thoughtfulness from a romantic partner, likely eliciting excitement, appreciation, and happiness. Valence is strongly positive, arousal is elevated due to surprise and anticipation, and dominance is moderate because the speaker feels valued and empowered by the gesture.
VAD_Estimate: [V: +0.80, A: +0.55, D: +0.35]
EMOTION: joyful",[0.8  0.55 0.35],0.9406380813043878,True,False
"I had a baby last month. We were planning on spending the time privately as a family, just my husband and I. Suddenly our grandmother showed up at the hospital with a plan to stay with us for the week to help out.",surprised,"Customer :I just had a baby last month. My husband and I were planning to spend the first few weeks alone just settling in but our grandmother from out of state surprised us at the hospital planning to stay with us to help out.
Agent :",surprised,surprised,angry,"REASONING: The situation is unexpectedly intrusive—the grandmother arrives unannounced with plans to stay, overriding the couple’s wish for private family time. This creates negative valence, high arousal from sudden imposition, and active irritation at the boundary violation, pointing to anger rather than passive sadness or neutral surprise.
VAD_Estimate: [V: -0.55, A: +0.60, D: +0.20]
EMOTION: angry",[-0.55  0.6   0.2 ],0.6452131430775415,True,False
My friends threw a huge surprise party for me the other day. I was so shocked and happy.,surprised,"Customer :It was! I received so many nice gifts. I was so shocked and so happy.
Agent :",surprised,surprised,joyful,"REASONING: The speaker explicitly says “happy” about a positive, celebratory event, so joy dominates the emotional response; the “shocked” element adds surprise and heightened arousal, but pleasure remains strongly positive with a sense of empowerment.
VAD_Estimate: [V: +0.80, A: +0.65, D: +0.40]
EMOTION: joyful",[0.8  0.65 0.4 ],0.9598437372822725,True,False
When I found out I was pregnant I was quite aghast. We weren't planning on kids.,surprised,"Customer :Finding out that I was pregnant really floored my husband and I both.
Agent :",surprised,surprised,afraid,"REASONING: The word ""aghast"" signals shock mixed with horror, and the unplanned pregnancy is perceived as overwhelming and unwanted, producing strong negative valence, high arousal, and a low sense of control. This is closer to fear than to neutral surprise.

VAD_Estimate: [V: -0.60, A: +0.65, D: -0.40]
EMOTION: afraid",[-0.6   0.65 -0.4 ],0.6582552696332936,True,False
Was invited to a friends house after work.  After he let me in he took me to the back yard where there was a bunch of people.  It was party for my wife telling me we were haveing our first baby.,surprised,"Customer :Just found out i am having a baby,  My Wife and some of our friends through me a party.  Greatest day of my life.
Agent :",surprised,surprised,joyful,"REASONING: The event is a positive, life-changing surprise—being told about a first baby at a party—eliciting happiness and excitement rather than fear or sadness. Valence is strongly positive, arousal is high due to the celebration and surprise, and there is a sense of empowerment and joy.
VAD_Estimate: [V: +0.85, A: +0.70, D: +0.40]
EMOTION: joyful",[0.85 0.7  0.4 ],1.0021476937058729,True,False
My friends father works at a hospital.  He went on the roof to meet a chopper and a patient and had his arm cut off by the chopper blades.,surprised,"Customer :lol, sounds like a cool type of work
Agent :",surprised,surprised,afraid,"REASONING: A sudden, severe, life-threatening accident from unexpected helicopter blades creates high negative arousal and a complete loss of control; there is no clear person to blame, so the dominant response is vulnerability and terror rather than anger or disgust.
VAD_Estimate: [V: -0.75, A: +0.65, D: -0.50]
EMOTION: afraid",[-0.75  0.65 -0.5 ],0.8365404951345751,True,False
There were 7 kittens on my doortstep this morning.,surprised,"Customer :I sure did! I just don't know if I can care for 7 kitties!
Agent :",surprised,surprised,joyful,"REASONING: Discovering seven kittens on the doorstep is an unexpected but clearly positive and delightful event, producing pleasant excitement and warmth. Valence is strongly positive, arousal is moderately high from surprise and delight, and dominance is mildly positive.
VAD_Estimate: [V: +0.70, A: +0.50, D: +0.20]
EMOTION: joyful",[0.7 0.5 0.2],0.7923383115816122,True,False
My friend came over and brought a pair of concert tickets for my birthday. I thought the show was sold out. He bought them and kept them a secret.,surprised,"Customer :Oh man, that's awesome! What concert were the tickets for?
Agent :",surprised,surprised,joyful,"REASONING: The situation is clearly positive: a friend secretly bought sold-out concert tickets as a birthday gift, producing excitement, delight, and appreciation. Valence is strongly positive, arousal is high from surprise and excitement, and dominance is positive because the speaker feels valued and empowered by the thoughtful gesture.
VAD_Estimate: [V: +0.80, A: +0.60, D: +0.35]
EMOTION: joyful",[0.8  0.6  0.35],0.9355746896961248,True,False
My friend bought me a $400 knife.,surprised,"Customer :Nice friend. All of mine have been gone for decades.
Agent :",surprised,surprised,joyful,"REASONING: Receiving a generous, expensive gift from a friend is a positive and exciting event, likely creating happiness and a sense of being valued.
VAD_Estimate: [V: +0.75, A: +0.45, D: +0.35]
EMOTION: joyful",[0.75 0.45 0.35],0.9172240729505522,True,False
I love Stephen King new show. I can't believe Im not as afraid as I usually am.,surprised,"Customer :Yeah, I like a lot of the actors they've got for that show, so I'm really looking forward to it. Might save it to binge it though
Agent :",surprised,surprised,joyful,"REASONING: The speaker explicitly expresses love for the show, indicating clear positive enjoyment and engagement despite the horror genre. They also note feeling less afraid than usual, so the dominant emotion is pleasure/interest rather than fear.
VAD_Estimate: [V: +0.75, A: +0.50, D: +0.35]
EMOTION: joyful",[0.75 0.5  0.35],0.9065318527222307,True,False
"There's been a large number of bats flying on my property this summer. They keep showing up in the craziest of places, like one got into my sunroom and has been living there for a few weeks.",surprised,"Customer :Hmmm, I guess you could look for the hole during the day and try patching it when the bats fly out for the evening? Im not a bat expert lol.
Agent :",surprised,surprised,disgusted,"REASONING: The situation involves an unwanted, lingering presence of bats in the home, likely triggering unease and revulsion rather than panic or anger. The negative valence is moderate, arousal is moderate, and the speaker maintains some control in assessing the nuisance.
VAD_Estimate: [V: -0.55, A: +0.35, D: +0.10]
EMOTION: disgusted",[-0.55  0.35  0.1 ],0.6766091929614909,True,False
My friend bought me a $400 knife.,surprised,"Customer :My friend bought me a $400 knife
Agent :",surprised,surprised,joyful,"REASONING: Receiving an expensive gift from a friend is a positive, pleasant event with moderate excitement and a sense of being valued, leading to high pleasure, moderate arousal, and positive control.
VAD_Estimate: [V: +0.75, A: +0.50, D: +0.35]
EMOTION: joyful",[0.75 0.5  0.35],0.9065318527222307,True,False
I had a roommate up until about a month ago. He decided to outfit his car to travel across the country and sleep in it. He's been successful thus far.,surprised,"Customer :Believe it or not, he was well prepared. I consider it a glorified move to California, but he seems happy!
Agent :",surprised,surprised,joyful,"REASONING: The speaker describes their former roommate’s successful cross-country adventure with neutral-to-positive language; there is no threat, loss, or distress expressed. This reflects mild pleasure and calm, positive regard rather than high-intensity emotion.
VAD_Estimate: [V: +0.50, A: +0.10, D: +0.20]
EMOTION: joyful",[0.5 0.1 0.2],0.826922003577121,True,False
"Been making a lot of money off of my hobby lately. I think this thing might take off and I can quit my day job... I had no idea that would happen, or that people would enjoy my work enough to do that.",surprised,"Customer :So, I make boats. It's a little time consuming, but I've loved woodworking, and my dad was a sailor, so I've been around boats all my life. I decided to combine the two. I figured when I made them, I might as well sell them, since I only have use of so many of them. Well... it's turned into quite the money-maker.
Agent :",surprised,surprised,joyful,"REASONING: The situation is clearly positive—earning money from a hobby and possibly quitting a day job—with high pleasure, excited energy, and a sense of empowerment over the future. The surprise at success is secondary to the overall joy and anticipation.
VAD_Estimate: [V: +0.80, A: +0.60, D: +0.40]
EMOTION: joyful",[0.8 0.6 0.4],0.9621850133939939,True,False
I received an A on my final that I didn't even study for!!,surprised,"Customer :I loved history but couldn't really get a great job with that!  Exact opposite of what you are doing.
Agent :",surprised,surprised,joyful,"REASONING: Receiving an A is a positive, exciting achievement, and the surprise of not having studied amplifies the elation rather than causing fear or sadness. This produces strongly positive valence, high arousal, and a feeling of empowerment/elation.
VAD_Estimate: [V: +0.80, A: +0.65, D: +0.40]
EMOTION: joyful",[0.8  0.65 0.4 ],0.9598437372822725,True,False
My girlfiend and I had just gotten intoa huge fight the other day and haven't talked since. She knew chocolate covered strawberries are my favorite and she knew I had my kids today so she brought over a huge homemade bunch of them.,surprised,"Customer :Uh oh. What happened?
Agent :",surprised,surprised,joyful,"REASONING: The situation is clearly positive: a caring gesture after a fight with his favorite treat, creating happiness and warmth. Valence is strongly positive, arousal is moderately high from pleasant surprise, and dominance is positive because the gesture makes him feel valued and uplifted.
VAD_Estimate: [V: +0.78, A: +0.50, D: +0.35]
EMOTION: joyful",[0.78 0.5  0.35],0.9315041599477697,True,False
People actually eat pizza?,surprised,"Customer :None of it! People need to stay away from that stuff.
Agent :",surprised,surprised,disgusted,"REASONING: The rhetorical question conveys revulsion and disbelief toward pizza, with negative evaluation and a desire to reject/avoid the food. Valence is negative, arousal is moderate, and control is slight (rejection).

VAD_Estimate: [V: -0.60, A: +0.35, D: +0.10]
EMOTION: disgusted",[-0.6   0.35  0.1 ],0.7178439941937246,True,False
I once won an award for writing a poem in a competition I didn't enter.,surprised,"Customer :It was when I was still a young teen, my teacher entered the poem into a competition without my knowledge.
Agent :",surprised,surprised,joyful,"REASONING: Winning an award is a positive, rewarding achievement that brings elation and pride; the unexpected aspect adds excitement but does not override the dominant happiness.
VAD_Estimate: [V: +0.80, A: +0.55, D: +0.40]
EMOTION: joyful",[0.8  0.55 0.4 ],0.9671090941563936,True,False
"Been making a lot of money off of my hobby lately. I think this thing might take off and I can quit my day job... I had no idea that would happen, or that people would enjoy my work enough to do that.",surprised,"Customer :That is awesome!  What kind of boats do you make?
Agent :",surprised,surprised,joyful,"REASONING: The situation is a positive, unexpected success that brings excitement and hopeful anticipation about the future. There is high pleasure, elevated arousal/energy, and a strong sense of empowerment from the hobby becoming profitable.
VAD_Estimate: [V: +0.80, A: +0.65, D: +0.40]
EMOTION: joyful",[0.8  0.65 0.4 ],0.9598437372822725,True,False
I was so excited in a unexpected way when my brother came to my graduation. I did not expect him,surprised,"Customer :That's cool. How long has it been?
Agent :",surprised,surprised,joyful,"REASONING: The event is clearly positive and the speaker explicitly says ""excited,"" so the dominant emotion is joy. Valence is highly positive, arousal is elevated due to unexpectedness and excitement, and dominance reflects a sense of empowered happiness.
VAD_Estimate: [V: +0.76, A: +0.65, D: +0.35]
EMOTION: joyful",[0.76 0.65 0.35],0.8991106717195609,True,False
I got hit by a bus once. I really wasn't expecting it to come out of nowhere.,surprised,"Customer :A bus hit my car once. It came out of nowhere!
Agent :",surprised,surprised,afraid,"REASONING: A bus striking someone is a sudden, life-threatening event with no intentional agent to blame, triggering helplessness and fear more than mere surprise. The event is strongly negative, highly arousing, and leaves the person feeling vulnerable with little control.

VAD_Estimate: [V: -0.70, A: +0.65, D: -0.50]

EMOTION: afraid",[-0.7   0.65 -0.5 ],0.7920227269466451,True,False
"My van did such a good job on a 5 hour trip lately, I had a doubt it'd make it because it's been breaking lately.",surprised,"Customer :Yeah I felt so relieved and kind of shocked after I got to my destination.
Agent :",surprised,surprised,afraid,"REASONING: The speaker felt doubtful and worried that the van would break down during the trip because of its recent mechanical issues. This is unpleasant, mentally activating, and involves a sense of vulnerability about whether the trip would succeed.
VAD_Estimate: [V: -0.55, A: +0.55, D: -0.40]
EMOTION: afraid",[-0.55  0.55 -0.4 ],0.6243396511515187,True,False
My birthday was last week. My parents and best friend organized a whole trip to Miami for us without telling me a thing along the way!,surprised,"Customer :It really was a total shock. I hadn't been expecting that at all!
Agent :",surprised,surprised,joyful,"REASONING: The event is clearly positive and personally meaningful—a surprise birthday trip with loved ones—producing high pleasure, high excitement, and a strong sense of being cared for and empowered. This aligns closest with joyful.
VAD_Estimate: [V: +0.80, A: +0.60, D: +0.40]
EMOTION: joyful",[0.8 0.6 0.4],0.9621850133939939,True,False
One year for my birthday I had gone to my moms for a visit by myself without my fiance. When I got home and walked the door I was greeted by a golden retriever puppy!,surprised,"Customer :One birthday I could not believe my eyes!
Agent :",surprised,surprised,joyful,"REASONING: The surprise of receiving a golden retriever puppy is a clearly positive, exciting event that evokes delight, warmth, and happiness. Valence is strongly positive, arousal is elevated, and control/empowerment is moderately positive.
VAD_Estimate: [V: +0.82, A: +0.58, D: +0.32]
EMOTION: joyful",[0.82 0.58 0.32],0.9396807968666806,True,False
My friend broke up with his girlfriend of 10 years after she lost a lot of weight.,surprised,"Customer :My friend broke up with his girlfriend of 10 years after she lost a lot of weight.
Agent :",surprised,surprised,angry,"REASONING: The speaker describes a friend’s blameworthy action—ending a 10-year relationship after a major physical change—which likely triggers frustration and moral disapproval. There is a clear specific cause and no revulsion or life-threatening fear, so anger fits best.
VAD_Estimate: [V: -0.60, A: +0.55, D: +0.25]
EMOTION: angry",[-0.6   0.55  0.25],0.7202777242147643,True,False
The car in front of me crashed when i was on the road today,surprised,"Customer :yea i had to
Agent :",surprised,surprised,afraid,"REASONING: Witnessing a car crash is a sudden, dangerous event with no clear agent to blame, evoking helplessness and alarm rather than anger. The experience is strongly negative, highly arousing, and leaves the speaker vulnerable and out of control.
VAD_Estimate: [V: -0.70, A: +0.65, D: -0.50]
EMOTION: afraid",[-0.7   0.65 -0.5 ],0.7920227269466451,True,False
"My van did such a good job on a 5 hour trip lately, I had a doubt it'd make it because it's been breaking lately.",surprised,"Customer :My van did a really good job on a pretty long, 5 hour trip lately. I was doubting it'll make it because I've had problems with it for a while.
Agent :",surprised,surprised,joyful,"REASONING: The van successfully completed a long trip despite recent breakdowns, so the outcome is positive and satisfying. The prior doubt adds mild relief, but the dominant feeling is contentment and appreciation rather than fear or anger.
VAD_Estimate: [V: +0.65, A: +0.35, D: +0.30]
EMOTION: joyful",[0.65 0.35 0.3 ],0.8424962907930219,True,False
"Yesterday in the mall I met a friend I had not seen in years and she was buying the same shirt as me, And it was in a small town were I recently moved.",surprised,"Customer :I was in the mall yesterday, here in the small town where I moved las month,  when I met a school frien I hadn't seen in years.
Agent :",surprised,surprised,joyful,"REASONING: Reuniting with an old friend and sharing a coincidental purchase is a pleasant, uplifting experience with moderate excitement and positive connection, rather than fear, sadness, or pure shock.
VAD_Estimate: [V: +0.75, A: +0.55, D: +0.30]
EMOTION: joyful",[0.75 0.55 0.3 ],0.8728115489611717,True,False
Met my friend way back from elementary school. She grew up to be a hottie!,surprised,"Customer :Met my friend way back from elementary school. She grew up to be a hottie!
Agent :",surprised,surprised,joyful,"REASONING: The situation is positive and exciting, with a sense of pleasant surprise and attraction; arousal is elevated, and the speaker feels confident and pleased. This aligns most closely with joy rather than fear, sadness, anger, disgust, or pure surprise.
VAD_Estimate: [V: +0.70, A: +0.55, D: +0.30]
EMOTION: joyful",[0.7  0.55 0.3 ],0.8302409288875127,True,False
"I got a random box of diapers the other day, the size and brand that my son wears. It was just delivered to my house and had no return address or anything. I don't know who sent them but it was very nice of them!",surprised,"Customer :I got a random box of diapers the other day, the size and brand that my son wears. It was just delivered to my house and had no return address or anything. I don't know who sent them but it was very nice of them!
Agent :",surprised,surprised,joyful,"REASONING: The situation is clearly positive and kind; the randomness adds mild surprise, but the dominant felt emotion is appreciation and warmth. Valence is strongly positive, arousal is moderately elevated, and dominance is positive because the gesture feels supportive and uplifting.
VAD_Estimate: [V: +0.75, A: +0.45, D: +0.30]
EMOTION: joyful",[0.75 0.45 0.3 ],0.8920762299265685,True,False
"Been making a lot of money off of my hobby lately. I think this thing might take off and I can quit my day job... I had no idea that would happen, or that people would enjoy my work enough to do that.",surprised,"Customer :What kind of hobby do you have?
Agent :",surprised,surprised,joyful,"REASONING: The situation describes unexpected but clearly positive success, with high pleasure from making money and recognition, high arousal from excitement about possibly quitting the day job, and a sense of empowerment about the future. The dominant affective tone is elation rather than neutral shock.

VAD_Estimate: [V: +0.80, A: +0.65, D: +0.40]

EMOTION: joyful",[0.8  0.65 0.4 ],0.9598437372822725,True,False
"I got a random box of diapers the other day, the size and brand that my son wears. It was just delivered to my house and had no return address or anything. I don't know who sent them but it was very nice of them!",surprised,"Customer :I have no idea, I asked anyone I thought might have done it but everyone said it wasn't them.
Agent :",surprised,surprised,joyful,"REASONING: The situation is unexpected but clearly positive and kind, with the speaker expressing appreciation rather than confusion or fear. This creates pleasant, moderately activating feelings and a mild sense of warmth/control → joyful.
VAD_Estimate: [V: +0.70, A: +0.40, D: +0.20]
EMOTION: joyful",[0.7 0.4 0.2],0.8196340646898468,True,False
I just moved into my first house by myself. I haven't had time to clean or unpack. My mom came over while I was at work and she cleaned and unpacked the entire house!,surprised,"Customer :My mom knew I was stressed so she came and unpacked and cleaned the whole house while I was at work so that I would see it when I got home.
Agent :",surprised,surprised,joyful,"REASONING: The situation is clearly positive and heartwarming—an unexpected, generous act of help from the mother creates gratitude and happiness rather than distress or fear. Valence is strongly positive, arousal is moderately high from pleasant surprise, and dominance reflects a warm, empowered feeling.
VAD_Estimate: [V: +0.80, A: +0.55, D: +0.30]
EMOTION: joyful",[0.8  0.55 0.3 ],0.9161331780914825,True,False
"I was visiting home in Illinois with my family, when all of a sudden there was a knock at the door. It was my best friend who lived 3 hours away from my parents! I was shocked and so happy!",surprised,"Customer :I loved getting to see my best friend unexpectedly, I never get enough time with her. I cherished every minute!
Agent :",surprised,surprised,joyful,"REASONING: The event is clearly positive and includes an explicit happiness word (“so happy”), so even though there is surprise, joy is the dominant emotion. Valence is strongly positive, arousal is high from the unexpected visit, and dominance is moderate/empowered.
VAD_Estimate: [V: +0.80, A: +0.65, D: +0.35]
EMOTION: joyful",[0.8  0.65 0.35],0.9331666517830564,True,False
Was invited to a friends house after work.  After he let me in he took me to the back yard where there was a bunch of people.  It was party for my wife telling me we were haveing our first baby.,surprised,"Customer :Yay!!! Congrats! That's so exciting, i'm really happy for you
Agent :",surprised,surprised,joyful,"REASONING: Positive life-changing announcement with a celebratory party; high pleasure and excitement, with a strong sense of hope and empowerment. Although unexpected, the dominant emotion is joy.
VAD_Estimate: [V: +0.80, A: +0.65, D: +0.40]
EMOTION: joyful",[0.8  0.65 0.4 ],0.9598437372822725,True,False
I was feeling ill most of the month and discovered I am pregnant!,surprised,"Customer :I was feeling ill most of the month and discovered I am pregnant!
Agent :",surprised,surprised,joyful,"REASONING: The discovery of pregnancy is framed as positive and exciting, with no fear or sadness indicated; the relief and happiness at understanding the illness elevate valence, arousal, and sense of hopeful control.
VAD_Estimate: [V: +0.78, A: +0.55, D: +0.35]
EMOTION: joyful",[0.78 0.55 0.35],0.9236882591004392,True,False
"About a month ago, I went and got my mail like I always do, and there was a weird looking envalope that looked like a check. I figured it was bogus and set it on the counter. My fiance got home and opened it and said it was not bogus, it was actually a settlement check for $500 from a company I worked for 5 years ago that did not comp overtime correctly!",surprised,"Customer :So I get bogus mail all the time including fake checks and all that jazz. Anyway, I thought one I got the other day was bogus too and left it on my counter.
Agent :",surprised,surprised,joyful,"REASONING: The situation is clearly positive—an unexpected $500 settlement is a pleasant financial gain. The discovery creates moderate-high arousal, but the positive outcome and sense of reward elevate valence and dominance, aligning closest with joy rather than neutral surprise.
VAD_Estimate: [V: +0.70, A: +0.55, D: +0.30]
EMOTION: joyful",[0.7  0.55 0.3 ],0.8302409288875127,True,False
"I took a calculus test and thought that I aced it. Instead, contrary to what I thought, I failed it hard.",surprised,"Customer :Did you passed the test?
Agent :",surprised,surprised,sad,"REASONING: The failed exam after expecting success creates a negative, disappointing outcome. The dominant feeling is dejection and deflation rather than active anger or fear, with low energy and reduced sense of control.
VAD_Estimate: [V: -0.65, A: -0.20, D: -0.35]
EMOTION: sad",[-0.65 -0.2  -0.35],1.108061370141564,True,False
Today is my birthday and when I walked in the door all my friends jumped out and yelled surprise! It was amazing!,surprised,"Customer :It was at my house, when I walked in the door this afternoon they all jumped out and yelled ""SURPRISE!""
Agent :",surprised,surprised,joyful,"REASONING: Positive, exciting birthday surprise with friends evokes strong pleasure, high arousal, and a sense of social connection/empowerment. The word “amazing” signals joy rather than neutral surprise.
VAD_Estimate: [V: +0.85, A: +0.75, D: +0.40]
EMOTION: joyful",[0.85 0.75 0.4 ],1.0048880534666536,True,False
I unexpectedly ran into a snake while walking in my yard a few days ago.,surprised,"Customer :What happened?
Agent :",surprised,surprised,afraid,"REASONING: Running into a snake unexpectedly is a sudden, potentially threatening event with no clear human target to blame, triggering alarm and vulnerability. This yields negative valence, high arousal, and low dominance, consistent with fear.
VAD_Estimate: [V: -0.70, A: +0.60, D: -0.45]
EMOTION: afraid",[-0.7   0.6  -0.45],0.7728518616138541,True,False
My friends threw a huge surprise party for me the other day. I was so shocked and happy.,surprised,"Customer :That's so nice of them. Was it your birthday?
Agent :",surprised,surprised,joyful,"REASONING: The speaker explicitly says “happy,” and the surprise party is a clearly positive event, so joy dominates despite the shock. Valence is strongly positive, arousal is high from the surprise celebration, and dominance is positive from feeling valued.
VAD_Estimate: [V: +0.75, A: +0.65, D: +0.35]
EMOTION: joyful",[0.75 0.65 0.35],0.8906739021662192,True,False
My friend told me that she has a crush on me.,surprised,"Customer :I don't know yet. Kinda need some time to process this.
Agent :",surprised,surprised,joyful,"REASONING: A friend revealing a crush is a positive and exciting social event, likely causing happiness and elation rather than fear or sadness. Valence is positive, arousal is elevated, and dominance reflects confidence/empowerment.
VAD_Estimate: [V: +0.75, A: +0.55, D: +0.30]
EMOTION: joyful",[0.75 0.55 0.3 ],0.8728115489611717,True,False
"My brother usually doesn't do anything for me unless asked. After 3 decades, he actually took me out for my birthday.",surprised,"Customer :MY brothers are the same way. At least yours ginally came around.
Agent :",surprised,surprised,joyful,"REASONING: The event is clearly positive and meaningful—after decades of neglect, the brother’s thoughtful gesture creates warmth, appreciation, and happiness. The mild surprise from “actually” adds pleasant excitement but does not override the dominant joyful reaction.
VAD_Estimate: [V: +0.75, A: +0.45, D: +0.30]
EMOTION: joyful",[0.75 0.45 0.3 ],0.8920762299265685,True,False
"My wife told me she had a surprise for me the other day.  Turns out she was pregnant, and we weren't reallllyy trying",surprised,"Customer :My wife told me she had some news for me the other day, she wanted to tell me she was pregnant.
Agent :",surprised,surprised,joyful,"REASONING: The discovery of an unexpected pregnancy is a positive life event, generating excitement and happiness rather than fear or neutral shock. Valence is strongly positive, arousal is elevated due to the surprise, and dominance is moderately positive as the couple feels empowered by this new chapter.
VAD_Estimate: [V: +0.80, A: +0.60, D: +0.35]
EMOTION: joyful",[0.8  0.6  0.35],0.9355746896961248,True,False
I bought a lottery ticket and won a prize. I never win so this was unexpected.,surprised,"Customer :I could not help myself I told everyone.
Agent :",surprised,Surprised,joyful,"REASONING: Winning a lottery prize is a clearly positive, exciting event that creates elation and a sense of good fortune; the mention of it being unexpected highlights surprise but does not override the dominant positive emotion.
VAD_Estimate: [V: +0.85, A: +0.70, D: +0.45]
EMOTION: joyful",[0.85 0.7  0.45],1.029465880930495,True,False
I went out to get the paper this morning and saw a cougar in my yard.  I almost dropped my coffee mug.,surprised,"Customer :I am fine now, but I do not like being startled that early in the morning.
Agent :",surprised,surprised,afraid,"REASONING: Seeing a cougar in the yard is an unexpected, potentially life-threatening situation that triggers immediate alarm and vulnerability rather than anger or joy. High negative arousal with low control fits fear.
VAD_Estimate: [V: -0.70, A: +0.65, D: -0.45]
EMOTION: afraid",[-0.7   0.65 -0.45],0.7699350621968063,True,False
"I took a university test that I was sure I was going to fail, and somehow I got a B on it.",surprised,"Customer :Great job!
Agent :",surprised,surprised,joyful,"REASONING: The unexpected B after expecting failure is clearly positive and likely evokes relief and happiness rather than fear or sadness. Moderately high arousal comes from the pleasant surprise, with a renewed sense of control from passing the test.
VAD_Estimate: [V: +0.70, A: +0.50, D: +0.30]
EMOTION: joyful",[0.7 0.5 0.3],0.8389278872465737,True,False
I'm getting a promotion that I didn't expect in Feb.,surprised,"Customer :Yep, and it's a 25% raise too.
Agent :",surprised,surprised,joyful,"REASONING: The promotion is a clearly positive and rewarding career event, producing pleasure, excitement, and a strong sense of accomplishment/control despite being unexpected.
VAD_Estimate: [V: +0.80, A: +0.60, D: +0.45]
EMOTION: joyful",[0.8  0.6  0.45],0.9906058752097124,True,False
My son showed up at our door one day. He is in the Army and stationed in different state.,surprised,"Customer :Yes! I was so surprised! And happy
Agent :",surprised,surprised,joyful,"REASONING: The unexpected appearance of a deployed son is a highly positive reunion, eliciting elation and warmth rather than fear or sadness. The surprise element raises arousal, but the dominant feeling is joy and empowerment from the loved one’s presence.
VAD_Estimate: [V: +0.80, A: +0.60, D: +0.30]
EMOTION: joyful",[0.8 0.6 0.3],0.9109335870413386,True,False
I encountered a situation that was unexpected. I found out that my coworker was actually stealing from the company. They haven't been caught though.,surprised,"Customer :They are embezzling moderate sums of money.
Agent :",surprised,surprised,angry,"REASONING: The discovery of a coworker stealing is a negative event with a clear target to blame, producing irritation and moral outrage rather than helplessness or revulsion. This fits moderate-to-high arousal and assertive control, closest to anger.
VAD_Estimate: [V: -0.51, A: +0.59, D: +0.25]
EMOTION: angry",[-0.51  0.59  0.25],0.6410148204214938,True,False
"I had a baby last month. We were planning on spending the time privately as a family, just my husband and I. Suddenly our grandmother showed up at the hospital with a plan to stay with us for the week to help out.",surprised,"Customer :It was a good thing ultimately but a bit of a stressful surprise because we had not prepared to have guests. It was still really nice of her and she did help make us some yummy food and help me get rest.
Agent :",surprised,surprised,angry,"REASONING: The grandmother’s unsolicited plan to stay intrudes on the couple’s desire for private family time, producing displeasure and irritation at a specific person. The sudden arrival raises arousal, and the clear target for blame gives a moderately assertive sense of control rather than helplessness or mere surprise.
VAD_Estimate: [V: -0.55, A: +0.60, D: +0.25]
EMOTION: angry",[-0.55  0.6   0.25],0.6721606950722424,True,False
"There's been a large number of bats flying on my property this summer. They keep showing up in the craziest of places, like one got into my sunroom and has been living there for a few weeks.",surprised,"Customer :Oh wow that is interesting. I assume he leaves at night to go eat, since he's still alive.
Agent :",surprised,surprised,angry,"REASONING: The situation describes an ongoing nuisance with bats invading the property and living in the sunroom, causing frustration and irritation rather than terror or physical disgust. There is a clear unwanted cause and an implied desire to deal with it, so the emotion is best captured by anger with negative valence, moderately high arousal, and assertive control.
VAD_Estimate: [V: -0.55, A: +0.55, D: +0.20]
EMOTION: angry",[-0.55  0.55  0.2 ],0.6525335240430181,True,False
My friends threw me a surprise party yesterday. I was so shocked and happy.,surprised,"Customer :My friends threw me a surprise party yesterday.
Agent :",surprised,surprised,joyful,"REASONING: The event is positive and the speaker explicitly says “happy,” which anchors a pleasant, high-arousal, empowered feeling. The “shocked” element reflects unexpectedness, but the dominant valence is strongly positive rather than neutral.
VAD_Estimate: [V: +0.72, A: +0.65, D: +0.30]
EMOTION: joyful",[0.72 0.65 0.3 ],0.8388682852510279,True,False
My friends threw me a surprise birthday party. I was so shocked and happy.,surprised,"Customer :Did you have fun
Agent :",surprised,surprised,joyful,"REASONING: The event is positive and the speaker explicitly says “happy,” which makes joy the primary emotion; the surprise aspect raises arousal but does not override the explicit happiness.  
VAD_Estimate: [V: +0.80, A: +0.65, D: +0.40]  
EMOTION: joyful",[0.8  0.65 0.4 ],0.9598437372822725,True,False
I got a really high score on my last exam despite not studying enough.,surprised,"Customer :So I just saw I got a high score on my last test despite not studying enough (or so I thought).
Agent :",surprised,surprised,joyful,"REASONING: The situation is clearly positive because the speaker received a high score, which likely brings happiness and pride. The phrase “despite not studying enough” adds mild surprise, but the dominant emotional tone is positive achievement rather than neutral shock.
VAD_Estimate: [V: +0.75, A: +0.55, D: +0.40]
EMOTION: joyful",[0.75 0.55 0.4 ],0.9261749294814668,True,False
I cant believe I didnt get that job I thought I nailed the interview,surprised,"Customer :I had an interview last week that I thought I did really good on
Agent :",surprised,surprised,sad,"REASONING: The job rejection is an unpleasant outcome that lowers the speaker’s sense of control and triggers disappointment/dejection rather than active anger or fear. The “can’t believe” phrasing adds disbelief, but the core feeling is deflated sadness.

VAD_Estimate: [V: -0.60, A: -0.20, D: -0.35]
EMOTION: sad",[-0.6  -0.2  -0.35],1.079490620616965,True,False
A friend that I had during college came to visit me last week. I was not expecting him to contact. It has been at least ten years that we didn't see each other.,surprised,"Customer :Wow that's been a long time. Did you two have a good time together?
Agent :",surprised,surprised,joyful,"REASONING: The unexpected visit from an old college friend after ten years is a positive, uplifting event; the surprise raises arousal, but the dominant feeling is warm happiness and connection, with a sense of social empowerment.
VAD_Estimate: [V: +0.75, A: +0.60, D: +0.35]
EMOTION: joyful",[0.75 0.6  0.35],0.8931965069345044,True,False
"My in-laws just suddenly showed up yesterday and said they were staying for the week.  I had no warning at all but I guess they were trying to make it fun, ha ha.",surprised,"Customer :Oh no! I would have a heart attack! Are you able to take time away from life so unexpectedly to spend time with them?
Agent :",surprised,surprised,angry,"REASONING: The in-laws’ sudden, unannounced visit is an unwanted imposition, and the sarcastic “ha ha” signals irritation and annoyance at being put in this situation. This is a negative, moderately high-arousal reaction directed at specific people, so anger fits best.
VAD_Estimate: [V: -0.55, A: +0.50, D: +0.20]
EMOTION: angry",[-0.55  0.5   0.2 ],0.6635510530471639,True,False
My buddy called me the other day to come over to help him lift something.,surprised,"Customer :My buddy called me the other day and had me come over to help him lift something.
Agent :",surprised,surprised,joyful,"REASONING: The situation is a friendly, low-conflict request from a buddy, which carries mildly positive social warmth and a sense of being helpful. Valence is positive, arousal is moderate, and the speaker has a comfortable sense of control.
VAD_Estimate: [V: +0.60, A: +0.40, D: +0.35]
EMOTION: joyful",[0.6  0.4  0.35],0.8144323176298937,True,False
My parents planned a party behind my back.,surprised,"Customer :yea I was so surprised, it went well, except the part where they invited my ex! 
Agent :",surprised,surprised,angry,"REASONING: The secrecy and betrayal implied by “behind my back” creates frustration and resentment, with moderate-to-high arousal and a sense of assertive irritation rather than helplessness or revulsion.
VAD_Estimate: [V: -0.50, A: +0.55, D: +0.20]
EMOTION: angry",[-0.5   0.55  0.2 ],0.6109828148156051,True,False
I woke this morning to my cat literally on top of me with his face right in my face staring at me like he wanted something. I got up and saw that I did indeed forget to feed him last night. Little bugger thought he would catch me off guard.,surprised,"Customer :Haha. That would have scared me so much.
Agent :",surprised,surprised,joyful,"REASONING: The speaker wakes to a mildly startling situation but interprets it with affectionate amusement (“little bugger”), so the overall feeling is positive and playful rather than fearful or angry.
VAD_Estimate: [V: +0.65, A: +0.40, D: +0.30]
EMOTION: joyful",[0.65 0.4  0.3 ],0.8248030067840442,True,False
A girl kissed me,surprised,"Customer :She walked up to me on the street and gave me a kiss
Agent :",surprised,surprised,joyful,"REASONING: Being kissed by a girl is a positive, pleasant experience that suggests happiness and excitement, with moderate feelings of being desired and valued. The absence of explicit surprise or fear words supports a clear joyful interpretation.
VAD_Estimate: [V: +0.80, A: +0.55, D: +0.30]
EMOTION: joyful",[0.8  0.55 0.3 ],0.9161331780914825,True,False
My cousin whom i did see for years grew up so tall. He is not a foot more than me. I used to tease him as shorty,surprised,"Customer :it was fun though in family. I was pleasantly surprised he grew a foot more than me
Agent :",surprised,surprised,joyful,"REASONING: Seeing a cousin after years and playfully noticing how much he has grown is a warm, positive, and mildly amusing moment. The pleasant reunion and teasing tone make joy the dominant emotion, not shock or fear.

VAD_Estimate: [V: +0.70, A: +0.50, D: +0.35]
EMOTION: joyful",[0.7  0.5  0.35],0.8656211642514292,True,False
I received a random package in the mail today... it was a late birthday gift!,surprised,"Customer :I received a random package in the mail today... it was a late birthday gift!
Agent :",surprised,surprised,joyful,"REASONING: Receiving an unexpected late birthday gift is clearly positive and elicits pleasant excitement and appreciation, rather than confusion or fear. Valence is strongly positive, arousal is moderately high, and there is a sense of warmth and empowerment.
VAD_Estimate: [V: +0.75, A: +0.55, D: +0.35]
EMOTION: joyful",[0.75 0.55 0.35],0.8984987479123162,True,False
My birthday was last week. My parents and best friend organized a whole trip to Miami for us without telling me a thing along the way!,surprised,"Customer :I celebrated my birthday last week. My parents had been working behind my back with my best friend in order to set up a trip to Miami for the two of us!
Agent :",surprised,surprised,joyful,"REASONING: The surprise is a positive, exciting birthday gift rather than a threat, so valence is strongly positive and arousal is high; the speaker feels celebrated and empowered, leading to moderate dominance. This matches joyful more than neutral-surprised.
VAD_Estimate: [V: +0.85, A: +0.65, D: +0.35]
EMOTION: joyful",[0.85 0.65 0.35],0.9763708311906905,True,False
My friend hit a hole in one during only his second round of golf,surprised,"Customer :Ha!  Me too.  And I have been playing golf for years.  I thought my eyes were playing tricks on me when I saw the ball go in!
Agent :",surprised,surprised,joyful,"REASONING: This is a clearly positive event, with high pleasure and excitement from a rare achievement, plus a sense of shared pride and empowerment.
VAD_Estimate: [V: +0.75, A: +0.55, D: +0.30]
EMOTION: joyful",[0.75 0.55 0.3 ],0.8728115489611717,True,False
When i was younger i wanted a gamecube for my birthday. On my birthday my parents told me to clean the bathroom. Ended up in the bathroom was a gamecube with 4 games.,surprised,"Customer :Man the first ever console i owned personally was a gamecube. Was so surprised getting it was funny what my parents did.
Agent :",surprised,surprised,joyful,"REASONING: The event is clearly positive—the speaker receives the highly desired GameCube with four games, creating happiness and excitement despite the unexpected discovery. Valence is strongly positive, arousal is high due to the surprise, and dominance is moderately positive because the outcome fulfills their wish.

VAD_Estimate: [V: +0.80, A: +0.65, D: +0.35]
EMOTION: joyful",[0.8  0.65 0.35],0.9331666517830564,True,False
My birthday was last week and I thought everyone had forgot. No one called me or said anything when they saw me. When I got home that evening all my friends and family were there with a cake and presents.,surprised,"Customer :Last week was my birthday and I thought that everyone forgot about it.
Agent :",surprised,surprised,joyful,"REASONING: The emotion felt during the surprise party is overwhelmingly positive—seeing friends and family with cake and presents creates joy and warmth, with high arousal and a strong sense of social connection/empowerment. Any surprise is secondary to the clearly positive celebration.
VAD_Estimate: [V: +0.80, A: +0.65, D: +0.40]
EMOTION: joyful",[0.8  0.65 0.4 ],0.9598437372822725,True,False
There were 6 kittens in front of my doorstep this morning.,surprised,"Customer :Yep. Let's see how it goes. If not, I could always find a good home for them.
Agent :",surprised,surprised,joyful,"REASONING: Finding kittens at the doorstep is a pleasant, heartwarming surprise with positive valence; the delight and warmth of seeing cute animals outweigh any startle effect, producing moderate-to-high arousal and a sense of uplifted control.
VAD_Estimate: [V: +0.70, A: +0.45, D: +0.30]
EMOTION: joyful",[0.7  0.45 0.3 ],0.8504704580407246,True,False
"My brother usually doesn't do anything for me unless asked. After 3 decades, he actually took me out for my birthday.",surprised,"Customer :haha siblings! How many brothers do you have?
Agent :",surprised,surprised,joyful,"REASONING: The event is positive and meaningful, with appreciation and warmth; the unexpectedness adds pleasant surprise, but the dominant emotion is happiness and feeling valued. Valence is strongly positive, arousal moderately high, and dominance moderate due to the affirming social gesture.
VAD_Estimate: [V: +0.80, A: +0.55, D: +0.30]
EMOTION: joyful",[0.8  0.55 0.3 ],0.9161331780914825,True,False
I was underprepared for a job interview and I actually got the job still,surprised,"Customer :I walked into a job interview unprepared, I was actually given the job days later which was a blessing
Agent :",surprised,surprised,joyful,"REASONING: The outcome is positive and personally significant—the speaker received a job offer despite being underprepared. This likely produces pleasure, excitement, and a sense of empowerment, so the emotion is closest to joy even though the word “actually” suggests mild surprise.

VAD_Estimate: [V: +0.80, A: +0.60, D: +0.40]
EMOTION: joyful",[0.8 0.6 0.4],0.9621850133939939,True,False
I won a  bet for $50 I had forgotten all about.,surprised,"Customer :Perfect. Must have been a nice surprise.
Agent :",surprised,surprised,joyful,"REASONING: Winning money unexpectedly is a clearly positive event that produces pleasure and excitement, with a sense of good fortune and empowerment rather than fear or sadness. The surprise element is present, but the dominant feeling is positive joy.
VAD_Estimate: [V: +0.70, A: +0.55, D: +0.30]
EMOTION: joyful",[0.7  0.55 0.3 ],0.8302409288875127,True,False
My friend asked me to get ready for her birthday party. I told her that I was unable to attend the party. She get sad about it. But I went to her home in the midnight to wish her.,surprised,"Customer :I unable to attend my friend's birthday party. 
Agent :",surprised,surprised,joyful,"REASONING: The speaker takes a proactive, caring action by visiting their friend at midnight, which reflects positive feelings, warm excitement, and personal agency. This aligns with high pleasantness, moderate arousal, and a sense of control.
VAD_Estimate: [V: +0.70, A: +0.40, D: +0.30]
EMOTION: joyful",[0.7 0.4 0.3],0.8647543003651383,True,False
"I had a baby last month. We were planning on spending the time privately as a family, just my husband and I. Suddenly our grandmother showed up at the hospital with a plan to stay with us for the week to help out.",surprised,"Customer :Congratulation for the baby. Is a good or bad suprise that our grandmother is coming?
Agent :",surprised,surprised,angry,"REASONING: The grandmother’s uninvited arrival disrupts the planned private family time, causing unexpected frustration and irritation. There is a clear agent (grandmother) imposing an unwanted situation, so the high-arousal negative reaction is best characterized as anger, not fear or surprise.
VAD_Estimate: [V: -0.55, A: +0.60, D: +0.25]
EMOTION: angry",[-0.55  0.6   0.25],0.6721606950722424,True,False
"My in-laws just suddenly showed up yesterday and said they were staying for the week.  I had no warning at all but I guess they were trying to make it fun, ha ha.",surprised,"Customer :My in-laws just suddenly showed up yesterday and said they were staying for the week. I had no warning at all but I guess they were trying to make it fun, ha ha.
Agent :",surprised,surprised,angry,"REASONING: The unexpected arrival is startling, but the core emotional tone is irritation toward specific people (the in-laws) imposing on the speaker without warning, reinforced by the sarcastic “ha ha.” This points to annoyance/anger rather than fear, sadness, or pure surprise. Valence is negative, arousal is moderately high from suddenness and frustration, and the speaker has an assertive sense of blame.
VAD_Estimate: [V: -0.55, A: +0.55, D: +0.20]
EMOTION: angry",[-0.55  0.55  0.2 ],0.6525335240430181,True,False
"My friend showed me a text this guy sent her that shes been talking to. They were talking about where they live in comparison to eachother. The text said ""Yeah, and your fat"" and I thought wow how rude! But after that he corrected the auto correct saying he meant to say ""Yeah, and your far.""",surprised,"Customer :Yeah he was probably like, ""aw shucks another one lost to the stupid auto correct, is good grammar really worth it?"" HAHA
Agent :",surprised,surprised,angry,"REASONING: The initial text reads as an insult and triggers active irritation and indignation with a clear target, which fits anger rather than fear, sadness, or surprise. The autocorrect twist afterward does not override the strong momentary annoyance already felt.

VAD_Estimate: [V: -0.60, A: +0.55, D: +0.20]
EMOTION: angry",[-0.6   0.55  0.2 ],0.695197813575388,True,False
"I thought that physics was gonna be a really simple class. Contrary to this, it was really tough and was one of the hardest I was in.",surprised,"Customer :I really thought that physics was gonna be an easy class last semester.
Agent :",surprised,surprised,angry,"REASONING: The class being unexpectedly difficult creates frustration and irritation, not passive sadness or fear. Negative valence, high arousal, and assertive control of annoyance align best with anger.
VAD_Estimate: [V: -0.55, A: +0.60, D: +0.20]
EMOTION: angry",[-0.55  0.6   0.2 ],0.6452131430775415,True,False
I went to my bathroom and a snake was there.,surprised,"Customer :So this weekend I went to the hall bathroom and I snake was there!  I nearly passed out
Agent :",surprised,surprised,afraid,"REASONING: Discovering a snake in the bathroom is an unexpected, potentially threatening event with no clear escape or controllable outcome, triggering high arousal and vulnerability rather than anger or curiosity.
VAD_Estimate: [V: -0.65, A: +0.60, D: -0.45]
EMOTION: afraid",[-0.65  0.6  -0.45],0.7278736154031138,True,False
I went to work a few weeks ago and found out that one of my coworkers that had quit many years ago was back. I was very shocked and happy to see them.,surprised,"Customer :I was really excited to see that an ex coworker of mine moved back to town as was working with me once again. 
Agent :",surprised,surprised,joyful,"REASONING: The situation is clearly positive, and the speaker explicitly says they were “very shocked and happy,” indicating high pleasure and high excitement. The presence of “happy” anchors the dominant emotion to joy despite the element of surprise, with a sense of empowerment rather than vulnerability.
VAD_Estimate: [V: +0.75, A: +0.65, D: +0.30]
EMOTION: joyful",[0.75 0.65 0.3 ],0.8647543003651383,True,False
I encountered a situation that was unexpected. I found out that my coworker was actually stealing from the company. They haven't been caught though.,surprised,"Customer :wow, thats horrible. what were they stealing?
Agent :",surprised,surprised,angry,"REASONING: This is a clear moral violation with a specific blameworthy person (the coworker), producing frustration and irritation rather than helplessness. The unexpectedness is present, but the dominant reaction is negative, energized anger toward the wrongdoer, not confusion or fear.
VAD_Estimate: [V: -0.60, A: +0.60, D: +0.25]
EMOTION: angry",[-0.6   0.6   0.25],0.7136525765384722,True,False
"My mom used to put one of my christmas presents in something like a poptart box as a prank every year. Last year, the prank was that it was really poptarts in the box.",surprised,"Customer :So, my mom thinks she's sooo funny every christmas because she always wraps up one of the gifts in a poptart box (or something similar). The big surprise this year was I opened my present up and it really was just poptarts this time.
Agent :",surprised,surprised,joyful,"REASONING: The situation is a fond, playful Christmas memory involving a humorous prank; the surprise of getting actual poptarts is amusing and warm rather than distressing, so positive valence and moderate arousal with a lighthearted sense of control dominate.
VAD_Estimate: [V: +0.72, A: +0.45, D: +0.35]
EMOTION: joyful",[0.72 0.45 0.35],0.8928605714219885,True,False
I received a random package in the mail today... it was a late birthday gift!,surprised,"Customer :It was one of those little instant cameras, so exciting!
Agent :",surprised,surprised,joyful,"REASONING: The unexpected package turns out to be a positive, thoughtful gift, creating pleasant surprise and happiness rather than fear or anger. This is a high-pleasure, moderately high-arousal experience with a warm, empowered feeling.
VAD_Estimate: [V: +0.80, A: +0.55, D: +0.35]
EMOTION: joyful",[0.8  0.55 0.35],0.9406380813043878,True,False
my car made it all the way to Texas even though its a 1990,surprised,"Customer :i have an old cart a 1990 corolla that made it all the way from Key west to Texas
Agent :",surprised,surprised,joyful,"REASONING: The successful trip in an old car is a positive, pleasing outcome that likely brings relief and satisfaction, with moderate excitement and a sense of accomplishment. Valence is positive, arousal is moderately high, and dominance is slightly positive due to successful completion.
VAD_Estimate: [V: +0.60, A: +0.45, D: +0.30]
EMOTION: joyful",[0.6  0.45 0.3 ],0.7702596964660685,True,False
"My brother usually doesn't do anything for me unless asked. After 3 decades, he actually took me out for my birthday.",surprised,"Customer :My brother usually doesn't do anything for me unless asked. After 3 decades, he actually took me out for my birthday.
Agent :",surprised,surprised,joyful,"REASONING: The event is clearly positive and personally meaningful; “actually” adds pleasant surprise, but the dominant feeling is warmth, happiness, and appreciation rather than shock or vulnerability. High pleasure, moderate arousal, and positive control fit joyful.
VAD_Estimate: [V: +0.80, A: +0.50, D: +0.35]
EMOTION: joyful",[0.8  0.5  0.35],0.948314293892062,True,False
"Once a friend of mine showed up at my door, I hadn't seen him for years",surprised,"Customer :It was, I was so excited to see him, I couldnt believe my eyes
Agent :",surprised,surprised,joyful,"REASONING: The unexpected visit from an old friend is a clearly positive, exciting reunion, with a strong sense of warmth and empowerment. Although it is surprising, the dominant feeling is happiness rather than mere startle or disbelief.
VAD_Estimate: [V: +0.75, A: +0.55, D: +0.35]
EMOTION: joyful",[0.75 0.55 0.35],0.8984987479123162,True,False
"I haven't seen my friend in 4 years, and she was at my doorstep yesterday.",surprised,"Customer :I haven't seen my friend in 4 years, and she was at my doorstep yesterday.
Agent :",surprised,surprised,joyful,"REASONING: An unexpected reunion with a friend after four years is a highly positive event, producing excitement and warm connection rather than fear, anger, or neutral surprise. Valence is strongly positive, arousal is elevated, and dominance reflects a sense of relational empowerment.
VAD_Estimate: [V: +0.75, A: +0.55, D: +0.30]
EMOTION: joyful",[0.75 0.55 0.3 ],0.8728115489611717,True,False
"My friend showed me a text this guy sent her that shes been talking to. They were talking about where they live in comparison to eachother. The text said ""Yeah, and your fat"" and I thought wow how rude! But after that he corrected the auto correct saying he meant to say ""Yeah, and your far.""",surprised,"Customer :Omg I was about to say that is so mean and rude and I would be so embarrassed but I know it was a honest mistake I dislike the auto correct. 
Agent :",surprised,surprised,joyful,"REASONING: The initial “fat” insult sparks a brief flash of indignation, but the autocorrect correction makes it a humorous misunderstanding, leaving the speaker amused rather than truly upset. This is positive in valence, moderately arousing, and felt with control.
VAD_Estimate: [V: +0.50, A: +0.40, D: +0.20]
EMOTION: joyful",[0.5 0.4 0.2],0.6571149062378665,True,False
I found out that my sister is having twins.,surprised,"Customer :Oh that's wonderful twins seem really cool.
Agent :",surprised,surprised,joyful,"REASONING: Learning that your sister is having twins is positive and exciting news, promoting happiness and warm anticipation rather than fear or sadness. The event is pleasant, moderately activating, and gives a sense of shared joy and empowerment.
VAD_Estimate: [V: +0.80, A: +0.55, D: +0.35]
EMOTION: joyful",[0.8  0.55 0.35],0.9406380813043878,True,False
Everyone has already left the office. It's oddly quiet.,surprised,"Customer :I have to wait for something to come in. Not sure how long it's gonna be.
Agent :",surprised,surprised,sad,"REASONING: The empty office and strange quiet create a mild sense of loneliness or melancholy, with low energy and passive withdrawal rather than fear or anger.
VAD_Estimate: [V: -0.35, A: -0.45, D: -0.30]
EMOTION: sad",[-0.35 -0.45 -0.3 ],1.1856643707221703,True,False
"About a month ago, I went and got my mail like I always do, and there was a weird looking envalope that looked like a check. I figured it was bogus and set it on the counter. My fiance got home and opened it and said it was not bogus, it was actually a settlement check for $500 from a company I worked for 5 years ago that did not comp overtime correctly!",surprised,"Customer :Why would you always get fake checks? That would drive me crazy.
Agent :",surprised,surprised,joyful,"REASONING: The speaker discovers an unexpected but legitimate $500 settlement check, which is a clearly positive and rewarding event. The pleasant surprise elevates arousal, but the overall appraisal is one of happiness and good fortune, with a sense of control/empowerment rather than vulnerability.
VAD_Estimate: [V: +0.70, A: +0.50, D: +0.30]
EMOTION: joyful",[0.7 0.5 0.3],0.8389278872465737,True,False
It was unexpected for me to have such a good time at the county fair last night.,surprised,"Customer :No, but we rode some rides and listened to music.
Agent :",surprised,surprised,joyful,"REASONING: The speaker explicitly describes the experience as having a ""good time,"" indicating clear positive pleasure. The county fair context is active and enjoyable, and the pleasantness outweighs the mild unexpectedness, so the dominant emotion is joy rather than surprise.
VAD_Estimate: [V: +0.75, A: +0.55, D: +0.35]
EMOTION: joyful",[0.75 0.55 0.35],0.8984987479123162,True,False
I was so excited in a unexpected way when my brother came to my graduation. I did not expect him,surprised,"Customer :It was a decade ago
Agent :",surprised,surprised,joyful,"REASONING: The speaker explicitly says they were “excited,” which signals high pleasure, high arousal, and a sense of positive engagement; the unexpected arrival adds arousal but does not override the explicit joy.
VAD_Estimate: [V: +0.75, A: +0.65, D: +0.35]
EMOTION: joyful",[0.75 0.65 0.35],0.8906739021662192,True,False
Last week was my birthday and I just moved to a new town. Two of my friends made the trip to see me and did not tell me about.,surprised,"Customer :That's awesome.
Agent :",surprised,surprised,joyful,"REASONING: The unexpected visit from friends for the birthday is clearly positive and heartwarming, creating high pleasure and excitement. Though there is an element of surprise, the dominant emotional tone is happiness and appreciation rather than neutral shock or uncertainty.

VAD_Estimate: [V: +0.75, A: +0.60, D: +0.40]
EMOTION: joyful",[0.75 0.6  0.4 ],0.9210320298447824,True,False
